{"position": [[3.4582625778906513, 0.16759073734283447, -5.241990607174334], [10.936340874562157, 0.16759073734283447, -5.236066645351022], [2.5092639381882993, 0.16759073734283447, 3.83213233278944], [8.675983190700938, 0.16759073734283447, -4.241368538235376], [11.306187364353182, 0.16759073734283447, 1.743651590375074], [4.553554422214043, 0.16759073734283447, -3.6014231316706597], [2.3555139673650736, 0.16759073734283447, -0.6840605175173904], [3.136247448568642, 0.16759073734283447, 4.029787236010496], [11.51807307548923, 0.16759073734283447, -4.533558631942729], [3.18514150194465, 0.16759073734283447, -1.2177983395813714], [9.926295949277938, 0.16759073734283447, -4.56634117079451], [10.43516695464458, 0.16759073734283447, 0.11109154637268515], [8.79061170900607, 0.16759073734283447, -5.358753326078421], [10.914051407194286, 0.16759073734283447, -4.017874796914723], [8.715064340327068, 0.16759073734283447, 4.592360445421365]], "number_of_bots": 15, "bot_trajectory": [[0.013247415021155572, 0.03498700698067371, -3.3881014434106183, -4.856487404497561, 2.9767121582317144, 0.38013788362750345], [0.00870699922577355, 0.01310455566098947, 4.089976853260888, -4.8505634426742485, 0.7357636218417767, 0.39464196839984395], [0.06686866177249479, 0.04583629632031272, -4.33710008311297, 4.217635535466213, 2.514048315786507, 0.43341598563030587], [0.010793349846252132, 0.005288053665240799, 1.8296191693996688, -3.855865335558603, 1.969749315695308, 0.31290098151556145], [0.04206523416252515, 0.0390071551715808, 4.459823343051913, 2.129154793051847, 1.9357155903966712, 0.3257554958343535], [0.04908739143364953, 0.036452399589145014, -2.2928095990872266, -3.2159199289938867, 0.39040996813777606, 0.29417391922667097], [0.023869111635730456, 0.09841128312250033, -4.490850053936196, -0.2985573148406173, 0.5011885019581959, 0.27914949999870675], [0.02215048368751753, 0.03301942024292792, -3.7101165727326277, 4.415290438687269, 3.1044133773980525, 0.28086459300802513], [0.05906279839372937, 0.03400919334189488, 4.671709054187961, -4.1480554292659555, 1.260330652440899, 0.38863493560977536], [0.0879199175709741, 0.09136722211056694, -3.6612225193566195, -0.8322951369045983, 1.1964956949003873, 0.33479882964203195], [0.09697604032661208, 0.019484245260700438, 3.079931927976668, -4.180837968117737, 1.98534965476586, 0.38978673241502504], [0.03385164111666823, 0.032641840087342486, 3.5888029333433114, 0.4965947490494582, 0.47764558071335045, 0.2765071311306953], [0.06667010827242126, 0.05155313210663566, 1.944247687704801, -4.973250123401648, 1.8008880831163783, 0.4485527375985592], [0.06725102935195523, 0.06077869653779612, 4.0676873858930165, -3.6323715942379495, 0.27783613207473334, 0.34019852959622493], [0.09001113645595371, 0.06472808068867332, 1.868700319025799, 4.977863648098138, 1.525039579697321, 0.4287455338697621]]}