{"position": [[8.086151294142143, 0.039207518100738525, -0.9813467111600014], [8.414843597715139, 0.039207518100738525, 4.597375960923628], [9.200239949100343, 0.039207518100738525, -0.8543615957275597], [5.705184763959165, 0.039207518100738525, -2.553430357310253], [3.9631772002129164, 0.039207518100738525, 6.498838705463217], [7.2781721906916665, 0.039207518100738525, -2.392844294735264], [7.429168369196586, 0.039207518100738525, -2.1744283033483667], [9.360737244129334, 0.039207518100738525, 4.1125887650371915], [8.199420716216222, 0.039207518100738525, -0.8845283750333772], [6.9911096862801925, 0.039207518100738525, -1.7766916683919316], [5.441499484129231, 0.039207518100738525, 5.072460448589684], [11.177268052661468, 0.039207518100738525, 4.703217008008859], [3.3616057215231834, 0.039207518100738525, 5.513232451889514], [3.9617043445495783, 0.039207518100738525, 1.0741649699602853], [7.481037188207065, 0.039207518100738525, 1.6071729557229388], [7.858895727017714, 0.039207518100738525, 6.007105904111709], [5.421921043696383, 0.039207518100738525, -2.121390095970126]], "number_of_bots": 17, "bot_trajectory": [[0.014695171330602663, 0.07013743293499668, 1.0764962953628465, -2.618299826623258, 0.17272773970513294, 0.5057136970889462], [0.06276876608322446, 6.98400761389717e-07, 1.4051885989358415, 2.960422845460371, 2.5817233340572217, 0.4001043630028934], [0.0021284983342251262, 0.048041953443876975, 2.190584950321046, -2.4913147111908165, 1.3094661488780157, 0.3833621588481119], [0.024737140555485294, 0.06064586459081047, -1.304470234820132, -4.19038347277351, 1.7219144090951062, 0.430963613067741], [0.07610803885597803, 0.09844312434866365, -3.0464777985663805, 4.86188558999996, 0.014809240791261724, 0.4951283899511739], [0.022858988142760016, 0.021526075956133373, 0.26851719191236967, -4.029797410198521, 1.8162450890278368, 0.27442426115866797], [0.04364546212609879, 0.023658726933341943, 0.4195133704172893, -3.8113814188116235, 3.116669607370001, 0.4716215039896813], [0.0328380038036552, 0.06786511358895661, 2.351082245350037, 2.475635649573935, 1.9150180655822575, 0.38839163032940227], [0.030405281590043597, 0.059891216676131974, 1.1897657174369258, -2.521481490496634, 0.5684952531804219, 0.408788422317208], [0.09689903437067571, 0.057288826677194725, -0.018545312499104183, -3.4136447838551884, 1.2309962596571822, 0.3954648461243311], [0.025727774510115133, 0.03481781234369846, -1.5681555146500659, 3.435507333126427, 2.7087558514418006, 0.41196896556734874], [0.024679711788193594, 0.06553221692889079, 4.167613053882171, 3.066263892545602, 2.3577788567867084, 0.4890384930038566], [0.0074205879654970055, 0.07356089855345349, -3.6480492772561135, 3.876279336426257, 1.7524438568922265, 0.42791822928615336], [0.05251916001607859, 0.07414417238195789, -3.0479506542297186, -0.5627881455029715, 2.3148481570612276, 0.4467008034874902], [0.05109711473400773, 0.04439752215361753, 0.4713821894277681, -0.029780159740318002, 2.432423158220617, 0.5220005601426314], [0.040903365024061465, 0.02505871216168417, 0.8492407282384173, 4.370152788648452, 1.7592192488565648, 0.3790295268537963], [0.04017031309097633, 0.04177705609269775, -1.587733955082914, -3.758343211433383, 0.8018047505180623, 0.46754651134535585]]}