{"position": [[-6.407937149190402, 0.17309248447418213, 12.023090810957616], [0.4834013994279678, 0.17309248447418213, 4.673527142842615], [-7.938564281476744, 0.17309248447418213, 6.613144844259985], [-6.197188232659825, 0.17309248447418213, 10.626973599781826], [-1.6853103088413264, 0.17309248447418213, 12.297524855056963], [-1.019827133113636, 0.17309248447418213, 9.579228488945443], [-7.442971522601685, 0.17309248447418213, 5.776607982962022], [-6.228284922337324, 0.17309248447418213, 10.023357939267102], [-4.600352022747469, 0.17309248447418213, 12.486594023420352], [0.5638885636007323, 0.17309248447418213, 13.767113404819703], [0.3103089371466843, 0.17309248447418213, 9.77457189292918]], "number_of_bots": 11, "bot_trajectory": [[0.0626443498391811, 0.045220403403132305, -2.998744110249972, 2.7017492963702128, 2.762379617857904, 0.3077299315923726], [0.08739914175703198, 0.09178846848242034, 3.8925944383683975, -4.647814371744787, 3.0184625513386316, 0.29545919376509266], [0.0179556806367538, 0.0291748958245985, -4.529371242536314, -2.7081966703274176, 0.2776332793830007, 0.5168211993949551], [0.06446876630367629, 0.0973086730260662, -2.7879951937193956, 1.3056320851944225, 2.887688568857818, 0.33361277596696526], [0.04364455542682868, 0.025549918601187483, 1.7238827300991033, 2.9761833404695617, 2.3452391322034236, 0.4074805747299779], [0.07555969459767604, 0.08526488453258188, 2.3893659058267938, 0.2578869743580403, 0.9492482080107326, 0.49518313924150137], [0.016474065598568854, 0.08347942947050101, -4.033778483661255, -3.54473353162538, 1.7662947427360733, 0.3163273366040469], [0.05689015769908327, 0.0491599987295802, -2.8190918833968945, 0.7020164246797, 3.0716436454200706, 0.4409600284547523], [0.013737716424127088, 0.031075126707405608, -1.191158983807039, 3.1652525088329506, 1.7004487710493037, 0.4649336587153936], [0.09777684547766265, 0.06163891989836967, 3.973081602541162, 4.445771890232301, 2.6574709707343604, 0.4459900747826141], [0.07938244069869183, 0.03199524107102285, 3.719501976087114, 0.4532303783417768, 0.9009285772291518, 0.4401124338548066]]}