{"position": [[0.6479722585132484, 2.789430856704712, 8.534125997871897], [4.6356986400524125, 2.789430856704712, 7.192526133053857], [4.697984616660787, 2.789430856704712, 6.0969211281214815], [4.602898666463382, 2.789430856704712, 10.880386025816565], [-0.9525597952147375, 2.789430856704712, 5.564527943802722], [7.331781053456513, 2.789430856704712, 8.701506007603426], [-0.002513413803039377, 2.789430856704712, 6.981460143870838], [7.534574856904571, 2.789430856704712, 3.1337064723669963], [6.178110140742122, 2.789430856704712, 7.186061059669961], [0.09899418808831717, 2.789430856704712, 3.7839525229705], [1.655245566717376, 2.789430856704712, 2.601559091084251], [7.840168673981185, 2.789430856704712, 6.814632391498841], [5.730138861951976, 2.789430856704712, 9.217340796393486]], "number_of_bots": 13, "bot_trajectory": [[0.09107008294588068, 0.005340652661716927, -3.198830452973568, 1.0630108855672094, 1.7805177578480378, 0.3369819325280306], [0.0013051997157951466, 0.08282243464092198, 0.7888959285655961, -0.27858897925083115, 2.7966588593620294, 0.45039439936190884], [0.028039163737112606, 0.05219787733954936, 0.8511819051739711, -1.3741939841832063, 1.3956461271868448, 0.37007911869838406], [0.0648239594984034, 0.01641696184634095, 0.7560959549765656, 3.409270913511877, 0.5839918784011554, 0.3510235202147772], [0.060517725447858314, 0.043109145015835806, -4.799362506701554, -1.9065871685019653, 2.6014905651981186, 0.28102119752765575], [0.04784315332752113, 0.08325691752449267, 3.484978341969697, 1.2303908952987386, 1.4396555259581305, 0.2727487725097326], [0.010339002107988205, 0.09794721724556404, -3.849316125289856, -0.48965496843384915, 1.4666982038158263, 0.4844034042321096], [0.07519493145878167, 0.03069064022139838, 3.687772145417755, -4.337408639937691, 1.0288202403759146, 0.4973707149328199], [0.09022383202873685, 0.028066849807424542, 2.3313074292553058, -0.2850540526347267, 2.71822182041629, 0.3843548448206365], [0.05801551170099021, 0.0044808278728712845, -3.7478085233984992, -3.6871625893341875, 2.2253587638107155, 0.2917618782570075], [0.008441087642032363, 0.01766265138576887, -2.1915571447694404, -4.869556021220436, 0.941874045264866, 0.3261890386624378], [0.012731473871831133, 0.010179385944285645, 3.9933659624943685, -0.6564827208058466, 0.629041052476492, 0.3174749644336014], [0.03265033094965162, 0.09848802192835385, 1.8833361504651591, 1.746225684088799, 1.0584012002277612, 0.32034905092379634]]}