{"position": [[0.23410861194133759, -2.508399724960327, -5.955234527587891], [-2.5658912658691406, -2.508399724960327, -1.4552345275878906], [-6.565891265869141, -2.508399724960327, -3.4552345275878906], [-8.56589126586914, -2.508399724960327, -1.4552345275878906], [-7.065891265869141, -2.508399724960327, -2.4552345275878906], [-8.56589126586914, -2.508399724960327, -5.955234527587891]], "number_of_bots": 6, "bot_trajectory": [[0.06680838632423408, 0.052440320511695046, 0.23410861194133759, -5.955234527587891, 0.3587705936836343, 0.3098086141860103], [0.05238959250530258, 0.06777407624129357, -2.5658912658691406, -1.4552345275878906, 0.9522947577096981, 0.32589274732524254], [0.08188372091866661, 0.012808868876141678, -6.565891265869141, -3.4552345275878906, 2.8870998274150454, 0.3084118291371072], [0.08047851086459966, 0.0968370771319611, -8.56589126586914, -1.4552345275878906, 1.671805106248832, 0.3437917021317869], [0.03060740847933554, 0.023447267806579075, -7.065891265869141, -2.4552345275878906, 2.2126250963682303, 0.40149918124218176], [0.09848379645769599, 0.04455525507370106, -8.56589126586914, -5.955234527587891, 2.9417923430154067, 0.4425853989630283]]}