{"position": [[5.225251400626744, 0.695131778717041, -2.6508470055354696], [10.460003718927707, 0.695131778717041, 1.5490139643052334], [6.0762331956589914, 0.695131778717041, -0.3317275168531566], [8.157688873068244, 0.695131778717041, -3.6796737959155745], [11.556570001726351, 0.695131778717041, 0.20765999578493322]], "number_of_bots": 5, "bot_trajectory": [[0.08171440653537188, 0.02467093118576773, -4.2802131532062635, -1.641676234890328, 2.9246076861699803, 0.43836756622144246], [0.08813423406559914, 0.05342994846649156, 0.9545391650946999, 2.558184734950375, 0.16388420252335356, 0.3825289038251037], [0.05672722698061069, 0.07439792035721113, -3.4292313581740164, 0.677443253791985, 1.7284033874983469, 0.4717210318123285], [0.008449183779369974, 0.04293927305334466, -1.3477756807647645, -2.670503025270433, 2.2514860751949723, 0.3095657253558948], [0.06341191816498618, 0.04295625109412217, 2.0511054478933435, 1.2168307664300748, 2.3570271766820974, 0.30490617622013055]]}