{"position": [[4.260995882914184, 0.16919541358947754, 0.9197957097401437]], "number_of_bots": 1, "bot_trajectory": [[0.08291575970031093, 0.0876229431702908, 2.8093551577783806, 3.1093051015248117, 1.0620556999676039, 0.36265856349883413]]}