{"position": [[2.4256842136383057, -2.819571018218994, -3.41949725151062], [2.22568416595459, -2.819571018218994, -3.2194972038269043], [2.6256842613220215, -2.819571018218994, -3.619497299194336], [2.025684356689453, -2.819571018218994, -3.0194973945617676], [1.8256843090057373, -2.819571018218994, -2.8194973468780518], [1.6256842613220215, -2.819571018218994, 1.380502700805664]], "number_of_bots": 5, "bot_trajectory": [[0.0846750480473061, 0.08058213891629265, 2.4256842136383057, -3.41949725151062, 1.546271747177521, 0.520473808829121], [0.03869116773879842, 0.0036803368493007692, 2.22568416595459, -3.2194972038269043, 1.950390293009263, 0.4986095568993445], [0.08478917505600427, 0.04841311756295086, 2.6256842613220215, -3.619497299194336, 1.1309211731093525, 0.4764284108299405], [0.06018143145937986, 0.03161274911051402, 2.025684356689453, -3.0194973945617676, 2.573329142373938, 0.3429025147794762], [0.0825151864005675, 0.0663739770995547, 1.8256843090057373, -2.8194973468780518, 2.114608698524393, 0.432166882252955]]}