{"position": [[3.8152676136705823, 0.041968584060668945, -6.121532695052052], [1.0417357924375705, 0.041968584060668945, -0.04851876320213444], [0.045974190803887094, 0.041968584060668945, -5.356914176537909], [5.188840902476266, 0.041968584060668945, -1.322552758178649], [1.3544985873579098, 0.041968584060668945, -6.081558187989387], [-1.2592613828815433, 0.041968584060668945, -6.3679308267613575], [6.075201228811106, 0.041968584060668945, 0.29069653774379534], [-2.12975043896929, 0.041968584060668945, -3.2965201681469294], [3.26647186230068, 0.041968584060668945, -0.6221817524237605], [6.766431718844424, 0.041968584060668945, -6.204102263657538], [3.1347284539982017, 0.041968584060668945, 1.8168403271993725], [0.34954001831189263, 0.041968584060668945, -0.19410971401497723], [0.10778503908251569, 0.041968584060668945, -1.1984620108575572], [0.5526835889075012, 0.041968584060668945, -4.715759308553251], [3.376845853581997, 0.041968584060668945, -3.7214251037706694]], "number_of_bots": 15, "bot_trajectory": [[0.08764298415330879, 0.04181929969353203, 1.6733582527849622, -4.125619308707142, 2.608044657362691, 0.38501646453034827], [0.02488287159987219, 0.07193622304541428, -1.1001735684480496, 1.9473946231427752, 1.8040498146345252, 0.3103168060905638], [0.06522576394614879, 0.03606586165610859, -2.095935170081733, -3.3610007901929997, 2.793925485232207, 0.3912502081775652], [0.01638741426314232, 0.03625527957492623, 3.046931541590646, 0.6733606281662607, 0.5870237555494713, 0.4098809054027519], [0.07820843274197828, 0.004478749315241992, -0.7874107735277103, -4.085644801644477, 2.7098705666002063, 0.33343698841198727], [0.020171917088135528, 0.09492142899060632, -3.4011707437671634, -4.372017440416448, 2.5809208020629306, 0.3979670624791537], [0.07389319591469783, 0.060427715941969495, 3.933291867925486, 2.286609924088705, 1.8771364660499292, 0.2630693897661093], [0.0032480562760279774, 0.06938186128768718, -4.27165979985491, -1.3006067818020195, 0.046539695797741955, 0.40214072706612214], [0.032080592767209835, 0.03809276987974177, 1.1245625014150595, 1.3737316339211492, 2.113638809507458, 0.3457442755194471], [0.08883136179913258, 0.012398198548387872, 4.624522357958804, -4.208188877312629, 2.017992502030334, 0.3184096358854775], [0.009044190748362768, 0.009320386804840552, 0.9928190931125813, 3.812753713544282, 1.1164167325055867, 0.28775442023992714], [0.04119173696113221, 0.05554163498332203, -1.7923693425737275, 1.8018036723299324, 3.1310734970398717, 0.42189249502071174], [0.06657185315118268, 0.08700456090087647, -2.0341243218031044, 0.7974513754873525, 0.9798201890970917, 0.4177190691425996], [0.025901541364438452, 0.046890684581873066, -1.5892257719781189, -2.7198459222083415, 1.3188438955466435, 0.43088636394574165], [0.08790778167159809, 0.05764789436121674, 1.2349364926963768, -1.7255117174257595, 1.716072040652413, 0.275095256443272]]}