{"position": [[1.7542272836769195, 0.11489644646644592, -4.250500981870458], [-6.621156527686149, 0.11489644646644592, -3.081519457334255], [-4.047183526693059, 0.11489644646644592, 1.741003622654969], [-5.85847945231473, 0.11489644646644592, 3.0326787419190575], [0.8090401419706543, 0.11489644646644592, -3.635157487966752], [-0.8531628720578639, 0.11489644646644592, -1.7676709552122], [-1.3164051371978642, 0.11489644646644592, -4.475181741713647], [2.3789334749175763, 0.11489644646644592, -2.9143899289078217], [-3.093923093610778, 0.11489644646644592, -1.4077261934346759], [-4.881467138093605, 0.11489644646644592, -5.147080214121698], [-5.806996616702974, 0.11489644646644592, -1.7386955273458122], [-4.079376333381759, 0.11489644646644592, -2.5939714305825397], [-0.8964177196997809, 0.11489644646644592, -1.8252621541018972], [-1.1126214702375754, 0.11489644646644592, -1.6381804337918344], [-4.905584453593352, 0.11489644646644592, 2.7378509704818734], [2.6331239275843323, 0.11489644646644592, 2.58523800324612], [-3.955506387454842, 0.11489644646644592, -1.826579911079696], [0.13226409197946065, 0.11489644646644592, -0.844640716577328]], "number_of_bots": 18, "bot_trajectory": [[0.010802559687442037, 0.08441675698289813, 3.749195221146402, -3.180681173864172, 0.44989134611916803, 0.47152160095717094], [0.0881875134964222, 0.07355052193127269, -4.626188590216667, -2.0116996493279684, 0.3000334013603915, 0.41440030157970253], [0.0362764745573972, 0.05465776776245832, -2.052215589223577, 2.8108234306612556, 0.13518149190677753, 0.489887886724238], [0.06650164095264596, 0.00865867964689282, -3.8635115148452472, 4.102498549925344, 1.9102531064395045, 0.32449601555346896], [0.08850821484384747, 0.02123529678482815, 2.8040080794401367, -2.5653376799604652, 0.23714837684663517, 0.37551587142049464], [0.04038241448965916, 0.027341906625160717, 1.1418050654116185, -0.6978511472059135, 0.4274072984173115, 0.2789278897079205], [0.07055327928386232, 0.016097163535179794, 0.6785628002716182, -3.4053619337073604, 0.49024343849230795, 0.26731452971759184], [0.04070893798098986, 0.04033802084835157, 4.373901412387059, -1.8445701209015353, 1.8619096034500662, 0.4806580427655441], [0.07139097849369086, 0.009907664499649627, -1.0989551561412958, -0.33790638542838924, 1.9481804437720456, 0.36206996852077084], [0.0843140613202536, 0.07139670823682887, -2.886499200624122, -4.077260406115411, 1.3559102843438506, 0.4636564527301643], [0.07247604959647583, 0.03947555152934444, -3.8120286792334914, -0.6688757193395256, 0.8269510085247607, 0.32050117437860665], [0.011003083485725595, 0.06782834594324248, -2.084408395912277, -1.524151622576253, 2.911800296882998, 0.41612876655411374], [0.011151422610457772, 0.08703242368807347, 1.0985502177697015, -0.7554423460956106, 0.1511396910886071, 0.45733441857644], [0.0017055107137704194, 0.06514330150710532, 0.882346467231907, -0.5683606257855478, 0.993475289197316, 0.4218169751085127], [0.04469733549925427, 0.0753348229026008, -2.9106165161238695, 3.80767077848816, 1.3631184876805362, 0.4705226156806245], [0.07106560977495519, 0.07499535233574127, 4.628091865053815, 3.655057811252407, 2.953848107433998, 0.32907481641619707], [0.014729212036268036, 0.027633649106206602, -1.9605384499853595, -0.7567601030734095, 2.2569026556771172, 0.26407529312957434], [0.041291364938078765, 0.020538692189548857, 2.127232029448943, 0.22517909142895864, 0.44744154917154816, 0.40850115614852617]]}