{"position": [[-2.4958709352546173, 0.07807823270559311, 1.0347984600956428], [5.252385614683278, 0.07807823270559311, 0.2116225788997097], [2.47546066773633, 0.07807823270559311, 2.562472787388103], [2.3846303338024053, 0.07807823270559311, 0.8987684690658435], [-3.135306079825998, 0.07807823270559311, 1.822510343561341], [6.010990835852841, 0.07807823270559311, 3.9397428827492362], [-0.9476647392864868, 0.07807823270559311, 3.901516105669167], [-1.3092655060546932, 0.07807823270559311, 0.7812982153231518], [-2.6827647047277905, 0.07807823270559311, 1.2523594515477476], [1.3604558736522574, 0.07807823270559311, 4.996135770957353]], "number_of_bots": 10, "bot_trajectory": [[0.04510503800026082, 0.048605687231015916, -3.830599176221414, -1.916445655733825, 2.3354852599506026, 0.2693813405105867], [0.005136839262792769, 0.05233478283173012, 3.917657373716481, -2.739621536929758, 1.4126737718276636, 0.29256944552733205], [0.04801697184312541, 0.011618909023078893, 1.140732426769533, -0.3887713284413652, 0.4974715583370092, 0.36594625049602014], [0.015578055173356364, 0.006728781500118098, 1.0499020928356084, -2.0524756467636243, 1.770610926685424, 0.41265889358283425], [0.02294361241525672, 0.09815438604214233, -4.470034320792795, -1.1287337722681268, 3.031278754990995, 0.3085479014805411], [0.045060162564978565, 0.04681480245243511, 4.676262594886044, 0.9884987669197687, 2.812382639628672, 0.4125507918230549], [0.0006635293820776544, 0.008937296354319491, -2.2823929802532836, 0.9502719898396994, 0.4636896838951664, 0.2664847443958858], [0.0884208982799167, 0.029971432191462654, -2.64399374702149, -2.169945900506316, 2.845264020702468, 0.48247205668657234], [0.062291381159903826, 0.09200734618287341, -4.017492945694587, -1.6988846642817201, 1.221736104536721, 0.3392593204714757], [0.09119013542628347, 0.058532338706298884, 0.025727632685460522, 2.044891655127885, 0.14442696837180077, 0.44500491706494283]]}