{"position": [[-4.5456020027119886, 0.019793957471847534, 5.2681150841133375], [-3.207624364987211, 0.019793957471847534, -0.3968029999433078], [-7.73943165533774, 0.019793957471847534, 8.2525581445055], [-6.322987349317243, 0.019793957471847534, 3.497757999035902], [-3.759449440152677, 0.019793957471847534, 4.96441492689458], [-12.306399099718123, 0.019793957471847534, 7.630044373490357], [-10.183239479890412, 0.019793957471847534, 2.3450076133126743], [-5.696035062346108, 0.019793957471847534, 0.36025205954298034], [-3.4905177417205664, 0.019793957471847534, 7.14174944405848], [-8.053798189463361, 0.019793957471847534, 1.0967048700007376], [-9.540244502344501, 0.019793957471847534, 6.711181102198102]], "number_of_bots": 11, "bot_trajectory": [[0.07200615331140718, 0.07332373940715758, 3.5859897941630114, 2.010914366187312, 2.1240588769199227, 0.47506112668977585], [0.0754074272722761, 0.0927043381237114, 4.923967431887789, -3.654003717869333, 2.1922486026435393, 0.3762027921811566], [0.027517184125484838, 0.04440318407250169, 0.39216014153726, 4.995357426579474, 0.29134699677647147, 0.3545197503740989], [0.030716794223604148, 0.09315296185180202, 1.8086044475577567, 0.24055728110987662, 2.390231944780835, 0.29318142308127154], [0.03493392189229142, 0.051316781652696764, 4.372142356722323, 1.707214208968555, 0.9684539821684117, 0.33293727534570794], [0.02163171634814216, 0.012803022167448108, -4.1748073028431225, 4.372843655564331, 2.3479569999168217, 0.437040794279988], [0.042421684600790086, 0.039403494120058634, -2.051647683015412, -0.9121931046133513, 1.5184889172009268, 0.43394171249857805], [0.07305275289315293, 0.07713115968324272, 2.435556734528892, -2.896948658383045, 1.2307329075116025, 0.5100849615391636], [0.0362307528139781, 0.05211455905674487, 4.641074055154434, 3.8845487261324543, 1.944938552911891, 0.4138521644209213], [0.0486046057566827, 0.06133096149270175, 0.07779360741163921, -2.160495847925288, 1.4990484876326493, 0.401656141454796], [0.00917362544043947, 0.042936183088716176, -1.408652705469502, 3.4539803842720773, 2.5033789331331295, 0.4403248250395966]]}