{"position": [[-9.969680428568203, 0.03269696235656738, 2.3773263871439525], [-11.280276415129485, 0.03269696235656738, 9.948018653039746], [-14.147969774360666, 0.03269696235656738, 0.7584778479357688], [-15.763652948118231, 0.03269696235656738, 9.385888610943818], [-15.80952929309805, 0.03269696235656738, 10.240646582032392], [-13.237636777851721, 0.03269696235656738, 2.624654109060443], [-13.949748708542353, 0.03269696235656738, 6.053445747140591], [-8.746643489108635, 0.03269696235656738, 4.522846893250105], [-16.609103381465914, 0.03269696235656738, 2.9676428803705925], [-16.917408958274955, 0.03269696235656738, 5.564302092682972], [-9.037043857561454, 0.03269696235656738, 6.037707148385682]], "number_of_bots": 11, "bot_trajectory": [[0.06554871661322934, 0.04629749684535524, 2.481722235616367, -3.1365333616963795, 1.8305563909570721, 0.313097785269779], [0.05149602286723195, 0.09883535403751767, 1.1711262490550844, 4.434158904199414, 1.3351525344752784, 0.2866238748213702], [0.06151052571455666, 0.019559321969233878, -1.696567110176096, -4.755381900904563, 2.877966089435459, 0.28916566340284255], [0.023080011452377935, 0.04281894362717785, -3.312250283933661, 3.8720288621034857, 0.3453773864416803, 0.5214523056850509], [0.08197418269608903, 0.0979941726251805, -3.3581266289134803, 4.72678683319206, 2.4981426287098376, 0.26995424456848927], [0.020616721046169927, 0.026075765170813024, -0.7862341136671502, -2.889205639779889, 2.8461166740019515, 0.4246020328567586], [0.08200684668714561, 0.014931457918663849, -1.4983460443577823, 0.5395859983002593, 1.934485790335411, 0.41596703492864373], [0.03248776934960781, 0.05305831695507569, 3.7047591750759357, -0.9910128555902264, 2.437129267184736, 0.46929437384811695], [0.011250352843280586, 0.0615845355340125, -4.157700717281346, -2.5462168684697395, 1.922389173880468, 0.3334178631127825], [0.09218179298236505, 0.010193400964592281, -4.466006294090383, 0.05044234384264046, 0.09754290453582791, 0.3704854081630945], [0.09648265081929522, 0.03277215752493705, 3.414358806623116, 0.5238473995453496, 0.9102288405001001, 0.507692632220571]]}