{"position": [[4.8974272005523325, -2.819469451904297, -0.05692830030948759], [0.927624266326549, -2.819469451904297, 6.170264295045069], [8.457905912330226, -2.819469451904297, 7.366795495283602], [4.864382247034525, -2.819469451904297, 5.246177130598069]], "number_of_bots": 4, "bot_trajectory": [[0.01665017493011204, 0.011365636212681806, -0.23692119193423955, -2.646066808152505, 2.679029460478039, 0.33163909169154815], [0.04293852996323964, 0.017674073575443993, -4.206724126160023, 3.5811257872020508, 0.5831251097375738, 0.4990175224158877], [0.021562596149520517, 0.014455084335707458, 3.3235575198436527, 4.777656987440585, 0.14889696531694988, 0.4840414997051745], [0.09117629775451616, 0.0005813996565470659, -0.26996614545204745, 2.657038622755051, 2.5433969670554313, 0.4377446577776319]]}