{"position": [[11.653020066688011, 0.08033996820449829, 4.2652829734976585], [7.969836480295669, 0.08033996820449829, 6.162137629463964], [10.067279285419861, 0.08033996820449829, 8.065729462857888]], "number_of_bots": 3, "bot_trajectory": [[0.0957612620699662, 0.004674800244612032, 3.9595486349558326, 0.5658086387808614, 1.9004663770627208, 0.33400024629114894], [0.05429360789058666, 0.04064092346907493, 0.27636504856349164, 2.462663294747167, 2.8118212760668517, 0.296554109331653], [0.07007970146590013, 0.06667353341229623, 2.3738078536876825, 4.366255128141092, 2.791021311510557, 0.42009821633640576]]}