{"position": [[-7.1811291937988715, 0.08919906616210938, 7.038069031804256], [-5.579986009733252, 0.08919906616210938, 1.7191637870045637], [-8.493297443071953, 0.08919906616210938, 4.515406115640278], [-4.3425972133107775, 0.08919906616210938, 4.636424489053175], [-7.497443673773934, 0.08919906616210938, 2.744108815839792], [-5.52442674912035, 0.08919906616210938, 0.38535458894106256], [-1.2577747251705178, 0.08919906616210938, 8.588260617313951], [-0.17964146152000193, 0.08919906616210938, 9.436747021302223]], "number_of_bots": 8, "bot_trajectory": [[0.07494697728810673, 0.07329680333688478, -3.278526282803388, 2.0234921198779867, 2.364571522061048, 0.3556057971408665], [0.03071420399792333, 0.03168382498350877, -1.6773830987377691, -3.295413124921706, 0.16845864545727987, 0.30859106001812897], [0.03948515580220004, 0.04439879070697746, -4.590694532076468, -0.4991707962859915, 2.329507903520055, 0.3453508344334807], [0.0897384549696914, 0.07195648225462585, -0.43999430231529413, -0.3781524228730948, 1.6108734229312514, 0.4684398762960341], [0.08415657351195094, 0.022626092598013358, -3.5948407627784507, -2.2704680960864776, 1.160084272109845, 0.334117374527531], [0.006227061690855229, 0.02775565520475508, -1.6218238381248662, -4.629222322985207, 2.12388060945829, 0.27785535867465616], [0.08907835236131105, 0.016786826916033216, 2.6448281858249656, 3.5736837053876815, 1.6428247552647088, 0.5200569164865383], [0.07238909966386653, 0.04639996968202078, 3.7229614494754815, 4.422170109375953, 2.8869703218005545, 0.4118720914336024]]}