{"position": [[-5.843206079456978, 2.8801066875457764, -4.235220703311837], [-0.5138954192027796, 2.8801066875457764, -11.171410344846073], [-2.1451037971959526, 2.8801066875457764, -9.656910866605639], [-6.54761205333444, 2.8801066875457764, -6.596837160301311], [1.2445852420617127, 2.8801066875457764, -6.327412460413923], [2.2969548417305434, 2.8801066875457764, -7.0166393846428186], [-1.2726724119625128, 2.8801066875457764, -7.7521670100087485], [-6.056435458800929, 2.8801066875457764, -3.6167128933238235]], "number_of_bots": 8, "bot_trajectory": [[0.024494043397564336, 0.007878639949108169, -4.188673050854378, 3.020789829067313, 0.01352326312763652, 0.5022560893670425], [0.09649509673675435, 0.08676513707696047, 1.1406376093998205, -3.915399812466923, 0.9278866442053968, 0.4626018882257873], [0.004204740085412028, 0.07934062450816162, -0.49057076859335247, -2.400900334226488, 2.940668419516842, 0.28035662579120463], [0.055963229071126476, 0.0410235130179039, -4.89307902473184, 0.6591733720778392, 0.8459955876078674, 0.4572211604938359], [0.01348938591141896, 0.023599694266537175, 2.899118270664313, 0.9285980719652276, 2.518269285905889, 0.41894172469524554], [0.09131815011863229, 0.035284355992623015, 3.9514878703331435, 0.2393711477363314, 0.3930304610354251, 0.4713073115772306], [0.0736374456335496, 0.06796539724361077, 0.3818606166400873, -0.4961564776295979, 6.104193723015088e-05, 0.3141298674633599], [0.05068326046992529, 0.03420441322566185, -4.401902430198329, 3.639297639055327, 3.022615296391852, 0.2655698437932111]]}