{"position": [[-2.2748941787381396, 0.8139541149139404, 5.940221677775666], [2.303693239213066, 0.8139541149139404, 1.3360534224898346], [0.7668766900775168, 0.8139541149139404, 8.25569509813947], [-3.1734673073309563, 0.8139541149139404, 0.20099019434213883], [1.1018712262377792, 0.8139541149139404, 0.3492591731003012], [-1.6579868321413973, 0.8139541149139404, 4.143440636245233]], "number_of_bots": 6, "bot_trajectory": [[0.006705664298127745, 0.042903622311610254, -1.0901901134152636, 2.609287630076691, 0.28698633376511323, 0.5172333824489332], [0.006925909329206526, 0.00959825074436096, 3.4883973045359418, -1.99488062520914, 2.96009402802558, 0.2853159688837087], [0.041380324601044106, 0.015749596980714032, 1.9515807554003928, 4.924761050440494, 0.09726209675445498, 0.48407525245966626], [0.049796948100947404, 0.025104982740845362, -1.9887632420080803, -3.129943853356836, 1.5893961581934168, 0.28817080891827623], [0.057799079315509705, 0.02008308544665438, 2.286575291560655, -2.9816748745986734, 2.191188906335474, 0.5111835794689615], [0.00980872270247295, 0.03216673086487922, -0.4732827668185213, 0.812506588546259, 0.820698338808756, 0.3950080340762868]]}