{"position": [[-2.405462197298988, 0.07731439173221588, 1.4876237865824946], [-0.1782962313039207, 0.07731439173221588, 5.9073608524602035]], "number_of_bots": 2, "bot_trajectory": [[0.01908420919859133, 0.047225321471712635, -0.24704234981058448, -1.875787878380274, 2.2461254624985374, 0.4538805696844076], [0.03517078594153074, 0.04897713538863095, 1.9801236161844826, 2.543949187497435, 2.8426834676782593, 0.3422359367341251]]}