{"position": [[1.5298050201670792, 0.03207802772521973, 6.444550414986937], [0.705571721953097, 0.03207802772521973, -1.2837186649307992], [-4.636766101251329, 0.03207802772521973, 3.9644724786664325], [-3.518461847985807, 0.03207802772521973, 0.3110824335978084], [1.8394464809805426, 0.03207802772521973, 2.867857553517686], [1.5352837827499148, 0.03207802772521973, 5.067660643516761], [3.1245459825562945, 0.03207802772521973, 0.4139959343127835], [-2.5816942518617787, 0.03207802772521973, 0.38733109403132393], [-4.905250120605002, 0.03207802772521973, 3.9538304717898103], [-4.931635742410288, 0.03207802772521973, 4.1020903578599395], [1.1696766236114744, 0.03207802772521973, 5.075981452857162], [-1.0577267186001245, 0.03207802772521973, -1.969576256730953], [3.100892329921793, 0.03207802772521973, 0.9333037604220233], [-6.094970901226488, 0.03207802772521973, 1.5252311315369154], [0.9945861000237537, 0.03207802772521973, 6.0219559541045165]], "number_of_bots": 15, "bot_trajectory": [[0.09365809580425272, 0.06900745877354814, 2.793302372767177, 4.326118370004027, 3.071550451781698, 0.44503411630317596], [0.05731217648513158, 0.01149216512109641, 1.9690690745531947, -3.4021507099137094, 2.2507969858381083, 0.27861621326925773], [0.06072778767176394, 0.0473385410959483, -3.373268748651231, 1.8460404336835223, 2.6668725909321602, 0.29206864061909815], [0.04002020579998146, 0.0881296647595767, -2.2549644953857095, -1.8073496113851018, 3.107731635504677, 0.3136790063538495], [0.0926255507533155, 0.0981270334736568, 3.1029438335806403, 0.7494255085347756, 2.5839430149819136, 0.5197714825370215], [0.046919154141194575, 0.08398182730661166, 2.7987811353500125, 2.9492285985338507, 0.5665426583521839, 0.35433196968326847], [0.020345477769280328, 0.008553828518655804, 4.388043335156392, -1.7044361106701267, 1.5006604838039075, 0.3252398109240864], [0.09360597679400413, 0.09920237075391161, -1.318196899261681, -1.7311009509515862, 2.0171064868010165, 0.47678269644116933], [0.04088531943757303, 0.0517039823541388, -3.6417527680049044, 1.8353984268069001, 1.4942985795722095, 0.36317989712724436], [0.0739494269785568, 0.07995901557352206, -3.6681383898101902, 1.983658312877029, 1.3801924617244645, 0.3729172760829587], [0.0104123838834549, 0.006770646863258356, 2.433173976211572, 2.9575494078742515, 0.02559863558753162, 0.4147259567620598], [0.08487137282091907, 0.06724096237197982, 0.2057706339999732, -4.088008301713863, 1.6175716662270838, 0.3313196100564638], [0.020238896671705697, 0.0887485737605992, 4.364389682521891, -1.1851282845608868, 2.1489201987194795, 0.2905933484480331], [0.07051603240761564, 0.01819252123408549, -4.8314735486263904, -0.5932009134459948, 0.752767827559329, 0.3974108083306608], [0.06442418299107777, 0.058132871154563684, 2.2580834526238514, 3.9035239091216067, 1.557141742138661, 0.48946227652997254]]}