{"position": [[-8.847751156256185, 0.07937467843294144, -6.602673469676869], [-12.364137558993358, 0.07937467843294144, -11.751832097631228], [-9.542034134214441, 0.07937467843294144, -5.3228492623909345], [-12.22840998204381, 0.07937467843294144, -8.641220099784176], [-7.623443997981466, 0.07937467843294144, -6.627695439494426], [-7.916678633931854, 0.07937467843294144, -7.654534265794354]], "number_of_bots": 6, "bot_trajectory": [[0.08543365938136653, 0.029811828215944903, 0.27466247899772034, 0.361743511066539, 2.912891305282464, 0.51087959366683], [0.042663713359233094, 0.006403399416540512, -3.2417239237394515, -4.78741511688782, 2.841979734223335, 0.3274717966187255], [0.08973264102156955, 0.07704579030398223, -0.41962049896053566, 1.6415677183524735, 1.6691870224226948, 0.34177381820514735], [0.09501152464248531, 0.026893387270731196, -3.1059963467899045, -1.6768031190407684, 2.1513901531645105, 0.36899503336800227], [0.002462999863383919, 0.07835952917330266, 1.4989696372724404, 0.3367215412489821, 2.4927163235808676, 0.2966562480546862], [0.07940791895387912, 0.05539996645497762, 1.2057350013220525, -0.6901172850509452, 1.174031575409792, 0.44197168993639724]]}