{"position": [[0.8890125751495361, 0.03842020034790039, -3.266301155090332], [5.889012336730957, 0.1384201943874359, -1.266301155090332], [0.8890125751495361, -2.4615797996520996, -0.2663012146949768], [5.889012336730957, -2.4615797996520996, -1.266301155090332], [0.38901257514953613, 2.938420295715332, -2.266301155090332], [5.589012622833252, 2.938420295715332, -1.266301155090332]], "number_of_bots": 4, "bot_trajectory": [[0.05427826023418232, 0.04393294455522243, 0.8890125751495361, -3.266301155090332, 2.274222396004098, 0.39411473976861255], [0.05903119634189243, 0.024720131138616486, 5.889012336730957, -1.266301155090332, 0.4194440252739847, 0.5109151333105044], [0.035589765541419474, 0.058688787373495956, 0.8890125751495361, -0.2663012146949768, 0.16019121887349494, 0.4190868767493771], [0.09155556781411699, 0.07805618641948314, 5.889012336730957, -1.266301155090332, 0.7271783732691467, 0.3573852023203775]]}