{"position": [[-12.144037192539395, 0.6344714164733887, 9.591645808264678], [-17.990440116825877, 0.6344714164733887, 5.777074816211115], [-18.921130165085078, 0.6344714164733887, 7.4625302982293436], [-18.030472733362394, 0.6344714164733887, 13.009938676396278], [-12.983551635548595, 0.6344714164733887, 9.935868130276745], [-9.24478316403945, 0.6344714164733887, 8.91640809965209], [-12.717411401458428, 0.6344714164733887, 4.801369710899783]], "number_of_bots": 7, "bot_trajectory": [[0.024058551355032775, 0.008395068371166459, 1.7776632850607033, 1.4098716688603807, 2.3960790003457464, 0.4853570612830659], [0.09464682848925612, 0.01607624766466561, -4.068739639225779, -2.4046993231931815, 1.3202237984737781, 0.3132945174238033], [0.09121344943343403, 0.02418197770271573, -4.999429687484981, -0.7192438411749535, 2.705843085244977, 0.43421850788747585], [0.05846296204629788, 0.08852062872427327, -4.108772255762295, 4.828164536991981, 2.6324647017855574, 0.4833360064959521], [0.07793180553849319, 0.08554738981061046, 0.9381488420515016, 1.7540939908724484, 0.8364128795211535, 0.4376889339033051], [0.09058854759990201, 0.056330847618784, 4.676917313560648, 0.7346339602477925, 2.1008108647746457, 0.27194770535141366], [0.09927669917331734, 0.024689988725893598, 1.2042890761416702, -3.380404428504514, 2.6239720767090335, 0.5043664414629485]]}