{"position": [[-3.7866222429556524, 0.13212895393371582, 2.145600167017722], [4.1359078071254896, 0.13212895393371582, -1.7633175644808383], [3.088047050233465, 0.13212895393371582, 4.164589990772837], [0.06471982596156245, 0.13212895393371582, 0.37532051710433856], [3.563137182243821, 0.13212895393371582, 3.182610281235884], [3.7359441750474565, 0.13212895393371582, 5.017888806255943], [2.5401859466462975, 0.13212895393371582, 1.2907374958358255]], "number_of_bots": 7, "bot_trajectory": [[0.003499587307497698, 0.015143577174003697, -3.2460990715307867, 0.985673156481528, 3.060292301512208, 0.2949280610302162], [0.0009432670785858965, 0.060625929772937084, 4.676430978550355, -2.923244575017032, 0.5188837445983367, 0.466741705031823], [0.06069677003331706, 0.06815291128773829, 3.6285702216583307, 3.004662980236643, 0.927260770828623, 0.35762273960586843], [0.052904831155074196, 0.09843447128442828, 0.6052429973864282, -0.7846064934318553, 3.0190893399913037, 0.28242413493073554], [0.03294174501798498, 0.06002165450489516, 4.103660353668687, 2.02268327069969, 1.3409956329866606, 0.5121728223006781], [0.05864996793293899, 0.09883233452193496, 4.276467346472322, 3.8579617957197487, 2.9630622119947705, 0.32777423117117016], [0.09403086476667726, 0.07372148858933368, 3.080709118071163, 0.13081048529963168, 0.33647364269128943, 0.45149645118181037]]}