{"position": [[-5.349277783579176, 1.4415850639343262, -1.062680545958366], [-4.134666306748542, 1.4415850639343262, -2.7539535208663004], [-8.953979501536924, 1.4415850639343262, -2.4720967937094214], [-13.062913375449282, 1.4415850639343262, 3.8467848558556286], [-10.452478247360698, 1.4415850639343262, 6.216101791180832], [-13.363737359843824, 1.4415850639343262, 2.5943471797830027], [-11.968666155734553, 1.4415850639343262, -2.3760227736932524], [-9.230303033651746, 1.4415850639343262, 3.870608711704679], [-6.666971579754469, 1.4415850639343262, -1.949222968967554], [-5.194592478417276, 1.4415850639343262, 4.016161962776204]], "number_of_bots": 10, "bot_trajectory": [[0.012360294589137722, 0.03876350971517739, 3.637051295095141, -2.5308116113270183, 0.8732473764351525, 0.3147948060781456], [0.03572201570367952, 0.058209053896385685, 4.851662771925774, -4.222084586234953, 0.5546408417242386, 0.4050714389354659], [0.07011855876737606, 0.04085344090556094, 0.03234957713739273, -3.9402278590780737, 1.9437805021279908, 0.4196278731763775], [0.06323875541163357, 0.038094318175988864, -4.076584296774966, 2.3786537904869762, 0.3024641899729713, 0.3353446278605052], [0.03834828106439534, 0.05217455249980365, -1.4661491686863826, 4.74797072581218, 2.963526230439064, 0.4125904267834203], [0.07187202535612529, 0.09628720615031129, -4.377408281169509, 1.12621611441435, 2.1754085574895687, 0.46918428151553626], [0.017089794331993403, 0.08742668255608962, -2.9823370770602367, -3.8441538390619048, 2.030747352176084, 0.48682887093793487], [0.09904987685153756, 0.04714219288648256, -0.2439739549774289, 2.4024776463360267, 1.12406465775741, 0.29975214131286115], [0.06931183557429829, 0.05072987164560937, 2.3193574989198473, -3.4173540343362063, 2.919708325861874, 0.33925025183412433], [0.06664204266826237, 0.03432932370860535, 3.7917366002570407, 2.5480308974075516, 1.2911184941798577, 0.4551101293435403]]}