{"position": [[13.6753796423295, 0.11140036582946777, -3.6120913192789303]], "number_of_bots": 1, "bot_trajectory": [[0.00219476139602659, 0.08879488922167683, 3.0973042333939516, 0.6574647262532962, 1.3703666598165642, 0.35674547555476777]]}