{"position": [[-5.252931736968727, 0.03399240970611572, -3.924941462737935], [-5.417895973634487, 0.03399240970611572, -3.7724221918578182], [3.223433096796657, 0.03399240970611572, -3.609701452176236], [2.1690834077742767, 0.03399240970611572, 0.5618943653578405], [-1.169629458150611, 0.03399240970611572, -3.771696696338256], [3.03453709982552, 0.03399240970611572, 1.0562623056451494], [-0.21272507648717842, 0.03399240970611572, 1.9655906726825574], [-2.2401642196034826, 0.03399240970611572, -2.4759354160434563], [3.916147902648107, 0.03399240970611572, -4.286692015521849], [-3.0761840427932, 0.03399240970611572, -0.16294177933855325], [2.371641018271426, 0.03399240970611572, -5.9878990674669765], [0.8281374713950147, 0.03399240970611572, 1.615047219443042], [1.8583530518162656, 0.03399240970611572, -4.238142824290414], [0.9922911655516593, 0.03399240970611572, 2.5933751965952148]], "number_of_bots": 14, "bot_trajectory": [[0.022829311862773604, 0.007695418885839944, -4.682043992542, -1.7219893162077837, 2.7929208588561387, 0.3524236155765316], [0.09216629461185205, 0.024056584913638056, -4.84700822920776, -1.5694700453276667, 0.4069013488670915, 0.3172897847090617], [0.003378313494888041, 0.08036519829898492, 3.794320841223384, -1.4067493056460845, 2.659697664750931, 0.3114043685651687], [0.029073863688025448, 0.0721100399328615, 2.739971152201004, 2.764846511887992, 1.4544403776432446, 0.4515175511108424], [0.06754839368192331, 0.001280274302412343, -0.5987417137238837, -1.5687445498081043, 0.2842601887558631, 0.39003085356271516], [0.09997590843452965, 0.06853032767770337, 3.6054248442522474, 3.259214452175301, 2.917153760473086, 0.3669627311039203], [0.01669948662814207, 0.09594325009050417, 0.3581626679395489, 4.168542819212709, 1.9709668636460795, 0.5118173230858858], [0.04360952963601468, 0.05495557806232887, -1.6692764751767553, -0.272983269513305, 2.6641631306728275, 0.5117980076264879], [0.024988278142836752, 0.07682541888577893, 4.487035647074834, -2.0837398689916977, 0.6000177459118159, 0.4538102243046395], [0.014355468273924876, 0.05958363534322131, -2.505296298366473, 2.040010367191598, 0.7374231860421727, 0.4396691447305374], [0.06936966024960484, 0.07219307162596511, 2.9425287626981533, -3.7849469209368247, 2.2586185422292475, 0.3964036625832049], [0.06480786512450096, 0.007337508226526046, 1.399025215821742, 3.8179993659731934, 2.082836494309123, 0.3666500413009153], [0.02035432666810786, 0.010940850508306954, 2.429240796242993, -2.035190677760262, 0.8306155258182804, 0.36734624139487887], [0.0341986110808993, 0.0774624262306277, 1.5631789099783866, 4.796327343125366, 2.832228152237911, 0.4467711470170219]]}