{"position": [[7.12212442090822, 2.9856836795806885, 11.489335293298236], [7.8047807043335835, 2.9856836795806885, 5.611411150113692], [1.5863523822821755, 2.9856836795806885, 1.915737985231658], [7.7446303439098045, 2.9856836795806885, 10.164763812725251], [0.4454720198038462, 2.9856836795806885, 2.423027642816052]], "number_of_bots": 5, "bot_trajectory": [[0.060961262126875526, 0.008869914063859086, 2.08790754010988, 4.817359203820698, 2.80604452719139, 0.43733450871604806], [0.04820793325442293, 0.05486935678620133, 2.7705638235352437, -1.0605649393638472, 0.5947512477595773, 0.37504566074870455], [0.016188629686182086, 0.012742897385340523, -3.4478644985161644, -4.756238104245881, 1.056111219100467, 0.3902535418341663], [0.0559562246552644, 0.0743232757487006, 2.710413463111465, 3.4927877232477123, 3.1184760028071423, 0.5183804632855054], [0.014513021121550418, 0.09477791981602622, -4.588744860994494, -4.248948446661487, 2.414737592065437, 0.43048022047175427]]}