{"position": [[-5.11475776704779, 0.07710925489664078, 7.52632556439405], [-8.97937230601828, 0.07710925489664078, 10.157908294282183], [-7.749341603952245, 0.07710925489664078, 1.4710614429429185], [-0.6594489875088367, 0.07710925489664078, 8.218744297293583], [-1.5128553541547989, 0.07710925489664078, 7.56071546293305], [-3.1559211892558894, 0.07710925489664078, 7.038005971656829], [-8.017281765204542, 0.07710925489664078, 6.762223073462804], [-3.113383185972967, 0.07710925489664078, 5.825425406888977], [-4.715868464105315, 0.07710925489664078, 8.971982991920186], [-2.3673852188560556, 0.07710925489664078, 7.813498414626772], [-5.811318999691071, 0.07710925489664078, 3.710534354351799], [-1.9753696270352288, 0.07710925489664078, 6.618032374681525], [-5.630249893233376, 0.07710925489664078, 2.189128906428043], [-8.43504126487061, 0.07710925489664078, 5.875797701158388], [-4.085525361304528, 0.07710925489664078, 1.9367255229787022], [-2.775668002747101, 0.07710925489664078, 5.810511922192605], [-8.7305287295693, 0.07710925489664078, 6.553034421462229], [0.23979756068809976, 0.07710925489664078, 5.7984944197322505], [-2.802233253687892, 0.07710925489664078, 2.5455704678834126]], "number_of_bots": 19, "bot_trajectory": [[0.0467555530414277, 0.05988958071652899, -0.6686999705695185, 1.2724121618366768, 0.4538403748016295, 0.4615373769704242], [0.04525674402978817, 0.05907436845751056, -4.533314509540009, 3.9039948917248104, 2.546919143693116, 0.3373321629687137], [0.02576572202228352, 0.029694892200695634, -3.3032838074739734, -4.7828519596144545, 0.8235648602677275, 0.27141515581429604], [0.023775739618070092, 0.07202817650494056, 3.7866088089694347, 1.9648308947362092, 2.8380201149421826, 0.47742074633118337], [0.021290719437682615, 0.060258354489591846, 2.9332024423234726, 1.306802060375677, 1.7336912193774205, 0.3681077534525033], [0.07234169558279063, 0.013985590887493515, 1.2901366072223819, 0.784092569099456, 0.5670416137652419, 0.4859520355732432], [0.04821669618115289, 0.00757308192675612, -3.5712239687262706, 0.5083096709054313, 0.6598461570579758, 0.353679958833774], [0.09743796126698498, 0.08478365039165575, 1.3326746105053044, -0.42848799566839624, 0.06130265536952997, 0.3849269400204342], [0.008490284232116663, 0.08457499858520225, -0.26981066762704287, 2.7180695893628135, 0.5380847482683268, 0.4502939938145297], [0.007913949760146944, 0.05852831511358725, 2.078672577622216, 1.5595850120693988, 2.294813222153805, 0.37436176267630206], [0.05179358801117906, 0.0957158306695642, -1.3652612032127998, -2.543379048205574, 1.2819098981986545, 0.29281358825995213], [0.012787686648476715, 0.04476889306260862, 2.4706881694430427, 0.36411897212415223, 2.277298453154641, 0.4009104417086621], [0.015280920009819043, 0.0816019271193259, -1.1841920967551045, -4.06478449612933, 1.3134847573360096, 0.3028763472954137], [0.01732800453986514, 0.07277207006759132, -3.9889834683923397, -0.37811570139898554, 0.3370959822614895, 0.4728320121382471], [0.04268630818496864, 0.09194021991146938, 0.3605324351737438, -4.317187879578671, 0.3528971122074542, 0.35696062700080705], [0.053847898432862175, 0.0728643663907588, 1.6703897937311707, -0.4434014803647679, 2.5468998115317905, 0.3605896329564695], [0.07530061080660173, 0.005729646959535961, -4.28447093309103, 0.29912101890485543, 0.7866958987471561, 0.3028530687568396], [0.011963880970780449, 0.07306882059715578, 4.685855357166371, -0.45541898282512205, 2.374059731240988, 0.3015308377635868], [0.06818791412139753, 0.0730468643790748, 1.6438245427903797, -3.7083429346739605, 1.9977167155015758, 0.30490577757731974]]}