{"position": [[-4.527707693813909, 0.1664896011352539, 5.379959088535962], [-5.181890212792277, 0.1664896011352539, -3.142196545533901], [-4.690386920306447, 0.1664896011352539, 3.0047309110829343], [-6.815244361065079, 0.1664896011352539, 2.378118228055731], [-8.959514595648548, 0.1664896011352539, -0.3380658381099424], [-11.189600803992477, 0.1664896011352539, -0.25865924247289973], [-1.8420195293444186, 0.1664896011352539, -2.5520549203546805], [-8.509886812584384, 0.1664896011352539, -2.9047373108727363], [-10.666602641081099, 0.1664896011352539, 5.051318943289181], [-8.855362155171102, 0.1664896011352539, 4.363320795165802], [-3.942848882652734, 0.1664896011352539, 1.5714363356402814], [-4.349604055077993, 0.1664896011352539, 4.973510653465093], [-1.4618296837308096, 0.1664896011352539, -0.45351279262216515], [-9.025691233096385, 0.1664896011352539, -0.03481877933863142], [-6.207891794151092, 0.1664896011352539, 3.2885793681190396], [-6.843880206471557, 0.1664896011352539, 0.1147551362668573], [-5.75674972356642, 0.1664896011352539, -1.743127115348552], [-8.17816382778103, 0.1664896011352539, 4.584033969744874], [-6.331523077556421, 0.1664896011352539, -2.861844960073813]], "number_of_bots": 19, "bot_trajectory": [[0.07133694123208169, 0.04708143695577932, 1.928791405917536, 4.934605312319455, 2.3477543780663206, 0.45611563920512177], [0.090868305677908, 0.034772586649589446, 1.274608886939168, -3.587550321750408, 0.729240144110201, 0.26749555328015], [0.04321204323530327, 0.055130353094783036, 1.7661121794249979, 2.5593771348664274, 0.6941626567058764, 0.3975376173379537], [0.05785783065441119, 0.04556984282213239, -0.35874526133363394, 1.932764451839224, 1.2773169186591828, 0.3322910391479194], [0.06314372050781406, 0.06319834912336134, -2.5030154959171025, -0.7834196143264494, 1.0226649622348192, 0.4162655803372348], [0.020523044692704672, 0.05557845336413715, -4.733101704261031, -0.7040130186894067, 0.10087467970520829, 0.26438496600776223], [0.09613814324956796, 0.07380648282461606, 4.614479570387027, -2.9974086965711875, 0.8573844238943125, 0.3708658816430272], [0.028294523785655046, 0.02517124307520625, -2.0533877128529374, -3.3500910870892433, 0.17218020629056732, 0.29420233620637926], [0.06123333377197513, 0.01883056361311758, -4.210103541349653, 4.605965167072674, 0.11074250337729098, 0.4026181360147054], [0.004006175651797972, 0.06500903762670432, -2.3988630554396573, 3.9179670189492954, 2.7099340027252956, 0.43983680921052487], [0.0351052939506402, 0.05339038558450885, 2.513650217078711, 1.1260825594237744, 0.5558456617922886, 0.3367106078491982], [0.05844987218698744, 0.062203181438848024, 2.106895044653452, 4.528156877248586, 3.000598825525166, 0.286207402907653], [0.03718760068190324, 0.03685610039897228, 4.994669416000636, -0.8988665688386721, 0.3120393359143979, 0.2736883915848867], [0.02352080221410262, 0.0033297095244270714, -2.5691921333649406, -0.4801725555551384, 1.2384562561472436, 0.33613817821097336], [0.045608892358514105, 0.044953150239644635, 0.24860730558035393, 2.8432255919025327, 2.6775378422258536, 0.34480248644764633], [0.014551505467970117, 0.008525945834042014, -0.38738110674011117, -0.33059863994964966, 0.7623655671304961, 0.5131203703158151], [0.015971198021514022, 0.09139285788027494, 0.6997493761650253, -2.188480891565059, 2.4291871525031805, 0.46353153596169316], [0.020158853678627818, 0.06726037332507456, -1.7216647280495834, 4.1386801935283675, 0.8736004475181466, 0.3646486839373994], [0.01964843024285262, 0.005454207726906246, 0.12497602217502513, -3.30719873629032, 1.073546782367175, 0.3918983860696654]]}