{"position": [[-6.873399300779807, 0.009779661893844604, 4.206981427185715], [-5.095311579965752, 0.009779661893844604, 5.465653314923895], [-10.945822154910424, 0.009779661893844604, 0.8016013300264064], [-4.752455243869902, 0.009779661893844604, 8.361047712411978], [-8.313335727448415, 0.009779661893844604, 6.060063380515773], [-9.316907077732592, 0.009779661893844604, 5.277322509575878], [-3.489203913877099, 0.009779661893844604, 2.1689960179389898], [-1.980326410941137, 0.009779661893844604, 5.696673875445532], [-2.860437677627057, 0.009779661893844604, 0.49385119256582133], [-7.672559966732109, 0.009779661893844604, 2.603841110818757], [-7.885504897051583, 0.009779661893844604, 8.681686721818409], [-9.064959474944182, 0.009779661893844604, -0.34927757043698904], [-3.2411358202784393, 0.009779661893844604, 0.060048639833952144], [-4.156158411708855, 0.009779661893844604, 5.266393993466903]], "number_of_bots": 14, "bot_trajectory": [[0.0443020719990911, 0.03999729036730019, 0.002936796937478281, -0.2002293996880644, 0.8657806752339497, 0.5118100492932327], [0.010886481793974634, 0.005070093564825695, 1.7810245177515338, 1.0584424880501153, 1.3352516494629616, 0.5234606125692023], [0.010142314644552185, 0.02241927223815553, -4.069486057193138, -3.605609496847373, 0.48490328742024735, 0.323135849422963], [0.08764647619989309, 0.0763324649275873, 2.123880853847383, 3.953836885538198, 0.20860903513976106, 0.48258849860321906], [0.006985685167881783, 0.00477586035634775, -1.4369996297311305, 1.6528525536419936, 2.084729870112283, 0.3804277626497128], [0.09697258991750961, 0.09046842390553639, -2.4405709800153073, 0.8701116827020994, 2.7545305797694013, 0.4384583797035887], [0.06482993627495683, 0.07113048071267926, 3.387132183840186, -2.2382148089347895, 2.6711980159501123, 0.4116256905779698], [0.09153794416718566, 0.07239017256502531, 4.896009686776148, 1.2894630485717529, 1.696681687472518, 0.43844444773489544], [0.02670173450641724, 0.04613592407506391, 4.015898420090228, -3.913359634307958, 2.147442177657021, 0.33138504492558496], [0.009693269955955453, 0.03651236115120998, -0.7962238690148238, -1.8033697160550222, 2.3949009925738083, 0.5231547832924073], [0.08570347437297718, 0.05279853196796178, -1.009168799334298, 4.27447589494463, 0.08630301527888261, 0.26636442198546356], [0.015594666851846106, 0.018555957079947727, -2.1886233772268957, -4.756488397310768, 1.098153862584207, 0.33534285681853515], [0.07373392237775403, 0.06201392060586447, 3.635200277438846, -4.347162187039827, 1.5081197914732447, 0.31381763735908064], [0.09762729194164435, 0.010688264491579502, 2.72017768600843, 0.8591831665931238, 2.5585462227387654, 0.46204612691485103]]}