{"position": [[3.693406581878662, 2.3802452087402344, 1.0078904628753662], [1.693406581878662, 0.13024508953094482, 4.007890701293945], [-0.3065934181213379, 0.13024508953094482, 4.007890701293945], [-2.306593418121338, 0.13024508953094482, 4.007890701293945], [-2.306593418121338, 0.13024508953094482, 5.007890701293945], [-0.8065934181213379, 0.13024508953094482, 3.507890462875366]], "number_of_bots": 3, "bot_trajectory": [[0.0073687160306224134, 0.05272415437965313, 3.693406581878662, 1.0078904628753662, 0.6512496088456644, 0.4356275406561233], [0.07650043444391455, 0.046800770587721995, 1.693406581878662, 4.007890701293945, 0.3128401514230121, 0.29764046614304995], [0.035046607876127914, 0.062430567582728955, -0.3065934181213379, 4.007890701293945, 1.6168400490947425, 0.31666010886037144]]}