{"position": [[1.9539915250264857, -1.6599847078323364, -6.577727935423679], [9.314427185800948, -1.6599847078323364, -2.8507539118608074], [4.930377893181413, -1.6599847078323364, -5.5668594478021625], [2.957986022658435, -1.6599847078323364, -6.966522729493152], [1.1544386701018396, -1.6599847078323364, -7.051544342978485], [2.4624728017365403, -1.6599847078323364, -6.780941295846242], [1.202092123480572, -1.6599847078323364, -1.2841815946182746], [0.5490427144113417, -1.6599847078323364, 1.4382101002443335], [7.958870217763625, -1.6599847078323364, 1.7890362642055422], [5.283092834892513, -1.6599847078323364, -6.465073213303134], [0.560123652454422, -1.6599847078323364, -5.3612400446491195], [3.4301325156317937, -1.6599847078323364, -2.0727184404286625], [2.760937523395503, -1.6599847078323364, 1.6239558903413354], [0.956947229118998, -1.6599847078323364, -7.42398067654662], [6.274232813615482, -1.6599847078323364, -5.713749847792825], [9.019664766690646, -1.6599847078323364, -5.725378760906084], [9.027929270810633, -1.6599847078323364, -6.512976045835977]], "number_of_bots": 17, "bot_trajectory": [[0.02116995838637765, 0.022104074166839384, -3.299780256894901, -3.4540657020710186, 1.2101246748398489, 0.27589727762011834], [0.08776342697882983, 0.03919860315899202, 4.0606554038795615, 0.27290832149185373, 0.8583041125683376, 0.4210359492024062], [0.08704493339178533, 0.03120060548559206, -0.32339388873997343, -2.4431972144495018, 1.0786724629227673, 0.4133759108734419], [0.001318449599075111, 0.0596302067530311, -2.2957857592629516, -3.8428604961404913, 1.877979889130178, 0.3461815174731282], [0.025662830430047356, 0.040391654355398834, -4.099333111819547, -3.9278821096258243, 1.4903302464042274, 0.3931156207127391], [0.07559338749138847, 0.06476067139525507, -2.7912989801848465, -3.6572790624935814, 0.6493780243955234, 0.503265767459743], [0.031735240783560006, 0.033047699592527256, -4.051679658440815, 1.8394806387343865, 0.10683320057153187, 0.32686577086795116], [0.026782360662116277, 0.010576316496695048, -4.704729067510045, 4.561872333596995, 0.9886182906974462, 0.46649569744841723], [0.07121795095969187, 0.0995201063411652, 2.7050984358422383, 4.912698497558203, 2.797710019173475, 0.4156795183277815], [0.03106608881570938, 0.04812420229338107, 0.029321052971126305, -3.341410979950472, 2.4898803779701275, 0.4654206562231642], [0.0763480476734077, 0.053699650326577884, -4.693648129466965, -2.2375778112964584, 2.999738610321305, 0.417305804307599], [0.06473859090699063, 0.051976943222849604, -1.8236392662895928, 1.0509437929239984, 1.7010420460010565, 0.28416864412409704], [0.06926742358477925, 0.039978771773866606, -2.4928342585258836, 4.7476181236939965, 0.6690190842114618, 0.4099940074531005], [0.03805474510738223, 0.03556584513981653, -4.296824552802389, -4.300318443193959, 2.079429019226452, 0.3604301325670669], [0.04728675546604637, 0.07468994266039454, 1.0204610316940954, -2.590087614440164, 0.06402739130159693, 0.44331932570493193], [0.019154601112211976, 0.08438658367779354, 3.765892984769258, -2.601716527553423, 1.1287254490453233, 0.37495371157532453], [0.040279150382972986, 0.06117895940183447, 3.774157488889246, -3.3893138124833158, 3.1167097985104535, 0.45316461351411536]]}