{"position": [[-44.917686444797724, 0.060772478580474854, 4.042421400213108], [-42.29809826458755, 0.060772478580474854, 2.3042796905932326], [-45.94524538429351, 0.060772478580474854, 3.760210889583729], [-37.290776611395614, 0.060772478580474854, 3.180717090482938], [-41.999840651086345, 0.060772478580474854, 1.6639666792650538], [-37.6856699714267, 0.060772478580474854, 2.9809709663717836], [-43.534580322460876, 0.060772478580474854, 6.163624560275386], [-37.36296329216714, 0.060772478580474854, 4.837466465744839], [-36.99135837406521, 0.060772478580474854, 3.143736444679523]], "number_of_bots": 9, "bot_trajectory": [[0.07338251615612276, 0.014348217208452496, -3.2175254645731153, -0.6933230761052511, 2.907328927131607, 0.4110946608235755], [0.01028333758820118, 0.04929572223161736, -0.5979372843629405, -2.431464785725127, 2.5940203945598794, 0.3256483805381204], [0.012842754634745579, 0.04025839536669038, -4.2450844040688995, -0.9755335867346304, 0.3539379066184566, 0.35869661666388], [0.0932628445852147, 0.06220931609347556, 4.4093843688289915, -1.5550273858354213, 2.9936976809875433, 0.2735432441738086], [0.021212403471139462, 0.034849234656344194, -0.2996796708617344, -3.0717777970533056, 2.2060400222925223, 0.49956597528657254], [0.08353455151114703, 0.037305183139134876, 4.014491008797912, -1.7547735099465755, 2.6467145977963913, 0.5193038528250433], [0.09932801666136755, 0.06062806786184956, -1.8344193422362631, 1.427880083957026, 2.6784260196031195, 0.26660632073786283], [0.09088099736657275, 0.07796130212949712, 4.33719768805747, 0.10172198942647981, 2.846110354694824, 0.27039627302165253], [0.01885516742185831, 0.0016252616458674596, 4.708802606159405, -1.5920080316388363, 1.3265010690023396, 0.3660964340562345]]}