{"position": [[6.091575150413078, 0.1040540337562561, 5.136496368507128], [9.040424932011168, 0.1040540337562561, 9.809036703220888], [2.131998191983808, 0.1040540337562561, 10.855989932095717], [10.974332244068744, 0.1040540337562561, 9.973733655166614], [7.595801111479877, 0.1040540337562561, 6.569281544253754], [9.718596952277167, 0.1040540337562561, 6.970773711582354], [7.407354859287014, 0.1040540337562561, 9.092556121446153], [4.193955218078132, 0.1040540337562561, 2.0258903747473775], [1.6027099972910879, 0.1040540337562561, 10.586497873334167], [10.303664681718969, 0.1040540337562561, 9.691046389861642], [7.696436572743049, 0.1040540337562561, 2.387127078740174], [10.206779980932659, 0.1040540337562561, 5.4217302837017805], [11.068516203831642, 0.1040540337562561, 1.9405103850769256], [5.601647159020874, 0.1040540337562561, 6.828949233033318], [1.8186952891212753, 0.1040540337562561, 7.341075370079189], [10.109199122424275, 0.1040540337562561, 3.1955746656747364]], "number_of_bots": 16, "bot_trajectory": [[0.09749476210188232, 0.04807269195867904, -0.018759722786384492, -0.8094331587755865, 2.5095813120762664, 0.3460600913365781], [0.02508961579202018, 0.08524369656583596, 2.930090058811705, 3.863107175938174, 2.313249986384023, 0.41043167676302894], [0.040403321076743784, 0.08544675719459131, -3.978336681215655, 4.910060404813001, 1.9226299401182796, 0.3205789416459584], [0.07409841574080586, 0.08906360163425756, 4.863997370869281, 4.027804127883899, 2.485543354559114, 0.3570557296604503], [0.07780353970164479, 0.09654852188925944, 1.485466238280414, 0.6233520169710394, 2.2195253774796555, 0.33306048622751405], [0.002210095077944474, 0.07714615201079358, 3.6082620790777042, 1.0248441842996392, 1.034485138634152, 0.36678516198400934], [0.06522093977516659, 0.063191637143539, 1.2970199860875509, 3.1466265941634375, 2.876115791604682, 0.36528043357221884], [0.05537455951561106, 0.0759935893556141, -1.9163796551213308, -3.9200391525353373, 0.6722512787235946, 0.33590533228894964], [0.04981194736507964, 0.0763207598854948, -4.507624875908375, 4.6405683460514515, 2.5025096776537756, 0.32404653349307627], [0.06150447759843445, 0.06178845292913965, 4.193329808519506, 3.745116862578927, 2.6677213726420246, 0.4067574359414652], [0.0721546736052036, 0.06439776969786959, 1.5861016995435862, -3.558802448542541, 1.8198390098250217, 0.3342252816959945], [0.029223707280663213, 0.0955594902276499, 4.096445107733197, -0.524199243580934, 0.8941074928800505, 0.4256475128125474], [0.04364810409368423, 0.01697737985720634, 4.958181330632179, -4.005419142205789, 1.2244046500429826, 0.471899374788496], [0.03915574594071306, 0.04523681744767418, -0.5086877141785895, 0.8830197057506028, 2.268184538574577, 0.353631276917049], [0.07890177824452431, 0.07128203565945415, -4.291639584078188, 1.3951458427964736, 1.5524421396719745, 0.46509215028177675], [0.03371329181153056, 0.09242993545946651, 3.9988642492248117, -2.7503548616079785, 0.23971707945364193, 0.3654142976207246]]}