{"position": [[-0.6884023969195245, 0.16308386623859406, 1.3572611648118968], [-5.053281614015901, 0.16308386623859406, -0.6751283427499821], [-2.878535654091084, 0.16308386623859406, 3.1195276444101996], [-3.313244632942323, 0.16308386623859406, 6.763100362292854], [-0.8792623201987875, 0.16308386623859406, 3.9893115281550786]], "number_of_bots": 5, "bot_trajectory": [[0.039727814930229886, 0.09429731848281346, 1.7092011148907782, -2.4564669292890553, 1.8868605095212763, 0.5077518038905353], [0.052583868820726264, 0.03881176341627836, -2.6556781022055986, -4.488856436850934, 0.777522947815763, 0.33548968173767935], [0.08998320026702054, 0.0860830917040857, -0.48093214228078107, -0.6942004496907528, 0.37487900894559667, 0.411696792083401], [0.06300065825305207, 0.0017675701064087223, -0.9156411211320203, 2.949372268191902, 2.3144685937807155, 0.29764301602277443], [0.09852947483483705, 0.020958422872484096, 1.5183411916115153, 0.17558343405412624, 0.9948906956260084, 0.45534113007605864]]}