{"position": [[-2.38864941301615, 0.16365601122379303, -0.6285233454591572], [-4.302005496217594, 0.16365601122379303, -1.1054481022946536]], "number_of_bots": 2, "bot_trajectory": [[0.05539033327902787, 0.04916207842389273, 3.949211648080041, 2.8525052113645732, 1.1818759878838963, 0.43025578691544986], [0.09828847744266635, 0.02994747907613532, 2.035855564878597, 2.375580454529077, 2.4354358482073084, 0.35458359499707204]]}