{"position": [[4.31232711961243, 0.09271907806396484, 9.538810556624718]], "number_of_bots": 1, "bot_trajectory": [[0.07882700500763073, 0.002061305767244648, -3.8080485136273157, 2.960404222701377, 1.0724867052404914, 0.4300065877979736]]}