{"position": [[5.956009564322485, 2.7710070610046387, -4.765396539297003], [0.3438532520050126, 2.7710070610046387, -2.0321233576097413], [1.1702499367253978, 2.7710070610046387, -0.15495280037426262], [5.064450463160497, 2.7710070610046387, -8.356721813324963], [4.59431160907705, 2.7710070610046387, -1.2831247543489805], [2.2789475939896624, 2.7710070610046387, -3.0813208557051883]], "number_of_bots": 6, "bot_trajectory": [[0.08286382520083299, 0.012817284273232487, 2.836735901755346, -0.6146883407496395, 2.3579628574834404, 0.474962642883376], [0.0021008094025202874, 0.004758135185376222, -2.775420410562126, 2.118584840937622, 2.8855984678274496, 0.2651726264285386], [0.05186191591827355, 0.08528602259591829, -1.9490237258417409, 3.9957553981731007, 2.078569397700109, 0.3556356108676513], [0.051831344732591635, 0.07913383872757805, 1.945176800593359, -4.206013614777601, 0.19453290321063568, 0.5119223761824621], [0.06923237332570607, 0.07139646015858017, 1.4750379465099117, 2.8675834441983827, 3.043839364957339, 0.4684354679325614], [0.020021215613271713, 0.08238041970418668, -0.840326068577476, 1.0693873428421752, 1.5881011940105687, 0.2972640447796868]]}