{"position": [[-3.4666844380953954, 0.0757143571972847, 0.7692737703113031], [3.4949025798703497, 0.0757143571972847, -3.4645615179552034], [-2.8790262886818736, 0.0757143571972847, 1.1897125403333788], [3.5494967675665148, 0.0757143571972847, 3.3449534985560874], [2.377471131083233, 0.0757143571972847, 2.189644046718783]], "number_of_bots": 5, "bot_trajectory": [[0.04424087226769595, 0.043295162210015024, -4.049814320907895, 0.5208051924495172, 2.980657479215329, 0.32304642741668144], [0.037144165026794886, 0.02710584820294636, 2.9117726970578497, -3.7130300958169893, 2.2997450954962955, 0.2777990623176237], [0.024063646738208135, 0.09939581855386768, -3.4621561714943736, 0.9412439624715929, 0.9979748495292389, 0.43737825074210357], [0.03860435540595848, 0.02641195915364557, 2.9663668847540148, 3.0964849206943015, 1.2154191590278736, 0.29573669886315834], [0.036575435439198875, 0.0736136502284099, 1.7943412482707333, 1.941175468856997, 0.36327578364090607, 0.36193867562643733]]}