{"position": [[-4.4222125209822725, 0.17308442294597626, 4.865077212323462], [-2.394906269626304, 0.17308442294597626, 3.817851955916921], [-5.71736719735929, 0.17308442294597626, 1.8940586315820775], [-1.9135467425804658, 0.17308442294597626, 5.824086077671326], [-8.149351711816358, 0.17308442294597626, 3.2790324180478736], [-4.096336734511127, 0.17308442294597626, 7.899896220606278], [-10.053744509754608, 0.17308442294597626, 3.1555807423070217], [-10.308661853055675, 0.17308442294597626, 6.419886633612474], [-5.655044087056225, 0.17308442294597626, 3.340123322054934], [-6.549625172552727, 0.17308442294597626, 6.696801428943953], [-10.751199024431152, 0.17308442294597626, 9.702878978417457], [-8.268358993696086, 0.17308442294597626, 3.631772181263484], [-3.1653932859813816, 0.17308442294597626, 4.782729914750485]], "number_of_bots": 13, "bot_trajectory": [[0.0491458506129979, 0.08926903327778013, 2.221727450941555, -1.5346329660517821, 0.969597553404683, 0.3036100323565223], [0.05306784551847288, 0.02523831448384617, 4.249033702297524, -2.5818582224583233, 0.5574057433893228, 0.37170441992642833], [0.034392575639326226, 0.05878038692873013, 0.926572774564538, -4.505651546793167, 0.16155976248262968, 0.44361251239474264], [0.03382371233649989, 0.06945152483886019, 4.730393229343362, -0.5756241007039187, 1.7089540493230928, 0.4399176786144863], [0.07045039479428195, 0.025395366526124685, -1.5054117398925293, -3.1206777603273705, 2.16211441295443, 0.46883214482883645], [0.06967779896205119, 0.08630812171296957, 2.547603237412701, 1.5001860422310342, 0.3387165056913016, 0.3606662822021504], [0.056163565435383436, 0.041562166071271923, -3.4098045378307806, -3.2441294360682225, 0.37721646301908773, 0.3219854588699347], [0.09534445709353279, 0.01942467901068188, -3.664721881131847, 0.020176455237229662, 1.00289353292918, 0.3774487364655341], [0.01905252160433498, 0.010177685838501626, 0.9888958848676033, -3.05958685632031, 2.084610982151674, 0.28613687245507735], [0.0031196351825922507, 0.07162227795727552, 0.09431479937110132, 0.29709125056870844, 0.46910197640228335, 0.5088454597071383], [0.04138514644180006, 0.07031003782716555, -4.107259052507323, 3.3031688000422132, 2.5191377532785495, 0.27201667606140373], [0.08365010457697089, 0.04067629531136987, -1.6244190217722587, -2.76793799711176, 0.19739185976370185, 0.2992770740582063], [0.0727236022750908, 0.06069935979244192, 3.4785466859424465, -1.6169802636247588, 0.8897526343839509, 0.38140921569197306]]}