{"position": [[6.263859977464551, 0.02834397554397583, 2.871084000778677], [8.47626187053468, 0.02834397554397583, -2.522972437081542], [4.487597988106717, 0.02834397554397583, 2.5440457090625497], [6.556225808214746, 0.02834397554397583, 2.5338987468562992], [5.105801584094422, 0.02834397554397583, 5.095301263360653], [3.084870064135923, 0.02834397554397583, 1.2601180995991894], [8.029592393253335, 0.02834397554397583, 3.953763540922976], [9.254449919689272, 0.02834397554397583, 7.07422708250826], [11.889549806730537, 0.02834397554397583, -2.6597287834000456], [8.30484368987895, 0.02834397554397583, 6.561570905318931], [7.625487697983275, 0.02834397554397583, 2.4877767428365285], [9.756303692594074, 0.02834397554397583, 1.9223253346480411], [3.782444778830738, 0.02834397554397583, 0.07605906381056782]], "number_of_bots": 13, "bot_trajectory": [[0.04923150067050726, 0.09503533374148587, -0.8856122591687499, 0.6495371124272364, 2.226004960981849, 0.43055654529040877], [0.09242495861562913, 0.057705339250689894, 1.3267896339013796, -4.744519325432982, 0.2908209393750621, 0.46494943940756084], [0.032151780491226724, 0.022318556735269834, -2.6618742485265834, 0.322498820711109, 0.7853782469128042, 0.30640956077876647], [0.07326851223274108, 0.07710407759482973, -0.5932464284185546, 0.312351858504859, 2.976624862353509, 0.4525677669022916], [0.022519008697855503, 0.023178097480323966, -2.043670652538878, 2.873754375009213, 1.1596062667573446, 0.48700825660515096], [0.07186860593974162, 0.08079332634419939, -4.064602172497378, -0.961428788752251, 2.8798809127426908, 0.2992626183133837], [0.022373361785765544, 0.07698815672648845, 0.8801201566200334, 1.7322166525715355, 2.5750173329172807, 0.26723849939788596], [0.06725463245660554, 0.039499794604994684, 2.1049776830559717, 4.85268019415682, 1.6250888883554588, 0.5123276428200231], [0.06094071213777989, 0.06353784158232471, 4.740077570097236, -4.881275671751486, 0.9362828945484768, 0.42042737409621117], [0.04511096327797461, 0.04889877405977071, 1.1553714532456505, 4.34002401696749, 1.1971316456723293, 0.271489787540818], [0.08981093203389251, 0.0938671688448877, 0.4760154613499745, 0.2662298544850883, 2.05650617605046, 0.47969584038006974], [0.0771157691612678, 0.035846035610239205, 2.606831455960772, -0.2992215537033993, 0.5153441531720192, 0.4732946230024338], [0.0012824755624905482, 0.033201297509976455, -3.3670274578025627, -2.1454878245408726, 0.38758271674670375, 0.3931090230090545]]}