{"position": [[-1.9059711838176652, 0.0176025852560997, -7.981124451715667], [4.487683909844062, 0.0176025852560997, -7.741547876833335], [-2.0732803236524946, 0.0176025852560997, -3.5915486542979234], [-1.1423563396478067, 0.0176025852560997, -3.2353788143948137], [0.11423248505149286, 0.0176025852560997, -0.6805396285023413], [-1.0401470733979545, 0.0176025852560997, -2.985026807779576], [6.007350506058656, 0.0176025852560997, -7.912466462121892], [0.5156297782791983, 0.0176025852560997, -8.644337401431343], [-0.13256753393961507, 0.0176025852560997, -1.6290275667620011]], "number_of_bots": 9, "bot_trajectory": [[0.06662021753738905, 0.03787082459361244, -3.080305113833229, -4.280034592706878, 1.1806309002603808, 0.4040300170418898], [0.021246522460925808, 0.020917227822918116, 3.313349979828498, -4.0404580178245455, 2.921565032609201, 0.31337721406027064], [0.0285802843447151, 0.08079433455849909, -3.2476142536680586, 0.1095412047108657, 0.9037253169904617, 0.3733741569139374], [0.06563290917916956, 0.0004263687456771637, -2.3166902696633707, 0.4657110446139756, 0.1972335579235476, 0.4904880214101626], [0.06805233123243287, 0.008443180729889787, -1.060101444964071, 3.0205502305064478, 1.2383635453697333, 0.3872838909201367], [0.09395761088928571, 0.046216887363740855, -2.2144810034135185, 0.7160630512292132, 2.400214987136334, 0.4408866562679784], [0.08484482642416866, 0.03065513033843196, 4.833016576043092, -4.211376603113103, 2.642424548063138, 0.304412664845776], [0.007512185090304402, 0.09120549929431872, -0.6587041517363657, -4.943247542422554, 2.212237079267543, 0.31157153811770877], [0.062472453544276274, 0.02108972638199429, -1.306901463955179, 2.072062292246788, 2.100849161961089, 0.45560500744656857]]}