{"position": [[3.040613974983282, 0.14003509283065796, -1.1568476529566754], [-6.438008083737733, 0.14003509283065796, 1.5718032270900926], [-0.9016809311049903, 0.14003509283065796, 7.409784283472498], [-4.0444915997925905, 0.14003509283065796, 1.450692941155257], [2.2630079237351577, 0.14003509283065796, 1.9525917296981585], [-1.2177266026380287, 0.14003509283065796, 5.047847676620558], [2.0717902878800727, 0.14003509283065796, -0.46569839010409986], [-1.797890858578525, 0.14003509283065796, 5.067267918870214], [-5.496980754348808, 0.14003509283065796, 0.5861469489651912], [-6.098735604082067, 0.14003509283065796, -0.8456943544658939], [-2.0306924465104617, 0.14003509283065796, 3.5007614165416507], [0.606592954628776, 0.14003509283065796, 0.8202521593340926], [-0.9181039361844081, 0.14003509283065796, 3.2092589607673547], [0.07691932609870422, 0.14003509283065796, -0.951668994670662], [-6.513079091421335, 0.14003509283065796, 6.622313240386842], [-0.15714512220183074, 0.14003509283065796, 0.48574047027927847], [0.7784831510622121, 0.14003509283065796, 8.232839337505567], [-6.629853940310071, 0.14003509283065796, 2.3200998673227335], [-0.7000465052016294, 0.14003509283065796, 8.387722626619706]], "number_of_bots": 19, "bot_trajectory": [[0.024432473400402187, 0.04426772445763992, 4.9752040762253475, -4.746991810366343, 2.511583227345289, 0.35298314235701594], [0.01686871226992771, 0.084499542223043, -4.503417982495668, -2.0183409303195754, 0.5505375102877966, 0.2712090700214143], [0.030774783111880144, 0.053340722208064476, 1.0329091701370752, 3.81964012606283, 1.534511979786613, 0.49621241557017304], [0.06077851526813118, 0.03427416709460408, -2.109901498550525, -2.139451216254411, 0.9424739714469088, 0.43569810897311523], [0.037881329602975355, 0.0391318245151767, 4.197598024977223, -1.6375524277115094, 0.4584450962699141, 0.4215263799143978], [0.04209297991484068, 0.03256860394181935, 0.7168634986040368, 1.45770351921089, 1.5098613489541892, 0.3664680860689813], [0.004030937457282624, 0.08596358038048618, 4.006380389122138, -4.055842547513768, 2.7500712314624143, 0.5127042710244852], [0.02951172508554358, 0.0012815184622249065, 0.1366992426635405, 1.477123761460546, 2.2710293106423385, 0.40417762251425204], [0.046790967325337995, 0.0989050106935522, -3.5623906531067426, -3.003997208444477, 1.7016414551440062, 0.36807244244613513], [0.051724087756457385, 0.05606788120104983, -4.164145502840001, -4.435838511875562, 2.747310860807321, 0.3918411091158475], [0.04877555351876197, 0.020602968326344284, -0.09610234526839623, -0.08938274086801701, 0.28171923539060884, 0.27587494849005806], [0.0071301371219163355, 0.0634903898008991, 2.5411830558708415, -2.7698919980755754, 0.6464188946921907, 0.5165066784251622], [0.005664889526017747, 0.09315125843939422, 1.0164861650576573, -0.38088519664231324, 2.111068025146976, 0.40804144607683807], [0.007845307672834057, 0.05783357934336939, 2.0115094273407697, -4.54181315208033, 0.10046620828601034, 0.4799139971346993], [0.036694847887750716, 0.09406554764637212, -4.578488990179269, 3.032169082977174, 0.8343224029413336, 0.5039436713615948], [0.05574698518759652, 0.061024346715233636, 1.7774449790402347, -3.1044036871303895, 1.0134286075802672, 0.44177979721381117], [0.09493946328741945, 0.01661832921955152, 2.7130732523042775, 4.642695180095898, 0.5315267427946344, 0.34889895171044294], [0.0069483618518701, 0.06140368997103701, -4.695263839068006, -1.2700442900869346, 0.25713882885755956, 0.4069477268283047], [0.05379000597768392, 0.0890337314462187, 1.234543596040436, 4.797578469210038, 0.8102387871936996, 0.43242730568610155]]}