{"position": [[-3.268504887470179, 0.13381248712539673, 18.66785430625466], [1.2079858798710106, 0.13381248712539673, 12.527748082376311], [-1.758105648722832, 0.13381248712539673, 16.51850538696915], [0.6579035757525773, 0.13381248712539673, 13.610368344821588]], "number_of_bots": 4, "bot_trajectory": [[0.014059658887041238, 0.0674315237188834, -0.8045919236029919, 4.954776761088646, 0.46419881267491847, 0.5108911241950049], [0.08729602171922482, 0.04752189384500125, 3.671898843738198, -1.1853294627897049, 2.2617040119300285, 0.5169766152928156], [0.05275877921909024, 0.09901037793444861, 0.7058073151443556, 2.805427841803133, 2.8251256000830027, 0.380063072596571], [0.09800168593900317, 0.057234413273433385, 3.121816539619765, -0.10270920034442854, 2.6683974876331993, 0.30389240078613605]]}