{"position": [[-3.0, 0.1, -2.5], [0.5, 3.1, -1.0], [2.0, 0.1, -2.0], [5.0, 0.1, -2.0], [4.5, 3.1, -1.0], [0.0, 0.1, 3.0]], "number_of_bots": 1, "bot_trajectory": [[0.06632172198133321, 0.002272300893010737, -3.0, -2.5, 0.6917447315590879, 0.40896116553798784]]}