{"position": [[4.404788133212598, 3.524691581726074, -6.341636354403021], [4.022298944736768, 3.524691581726074, -0.37123116450751437], [-2.427307575562045, 3.524691581726074, -6.405788940947218], [0.24680577948894267, 3.524691581726074, 2.078876738411675], [5.773531914251253, 3.524691581726074, -6.929455803555715], [-2.884110068757246, 3.524691581726074, 2.4902296050630506], [-0.16782010636286104, 3.524691581726074, 2.6102960068773537], [-1.590743745948858, 3.524691581726074, -5.397216589553933], [-1.0324157158012097, 3.524691581726074, -1.1816276475463376], [1.132125784699039, 3.524691581726074, 1.6334034399529136], [-2.0435096849018084, 3.524691581726074, -5.078651669127314], [5.6097120885525555, 3.524691581726074, 0.7034824570630036], [-1.625209781134111, 3.524691581726074, -2.2918798114858454], [1.577657426932129, 3.524691581726074, -6.243026635628207], [1.7762925752018093, 3.524691581726074, -4.607049832048954], [2.603491486232126, 3.524691581726074, -5.668951230159244]], "number_of_bots": 16, "bot_trajectory": [[0.0040761651792675215, 0.014434441342801562, 2.7082401481356944, -4.311017448381903, 2.698045468796749, 0.37937639283360125], [0.025341744214678264, 0.08395878875929404, 2.325750959659864, 1.6593877415136038, 0.6276573577455105, 0.4777607752058601], [0.07475168890328492, 0.043647240255908756, -4.123855560638949, -4.3751700349261, 1.964060397734585, 0.38731533233827387], [0.032985623664776365, 0.05419666356827781, -1.4497422055879616, 4.109495644432793, 0.3529621149603211, 0.4438145895189688], [0.08008429124441666, 0.058709129439623677, 4.076983929174348, -4.898836897534597, 1.755166648615296, 0.5001807604203533], [0.036016687291180335, 0.07863532826790923, -4.58065805383415, 4.520848511084169, 2.5358328693100476, 0.27558604994828356], [0.06476466258666903, 0.07675248352492296, -1.8643680914397653, 4.640914912898472, 1.7080650407153413, 0.2947867948954689], [0.07613302819555089, 0.08961532027953853, -3.2872917310257623, -3.366597683532815, 0.28409261354164644, 0.3343069013397866], [0.055835300543452704, 0.09657003797664286, -2.728963700878114, 0.8489912584747805, 1.257893108252622, 0.34072723774869995], [0.07935203057325749, 0.007269899074925423, -0.5644222003778654, 3.6640223459740318, 1.078117167792639, 0.4613699198701762], [0.07846096024945702, 0.06910365134041101, -3.7400576699787127, -3.0480327631061965, 2.9442002418782516, 0.29791529944257095], [0.04469149937178583, 0.030074625052816117, 3.9131641034756512, 2.7341013630841218, 1.771263480098999, 0.43076291433361746], [0.024280090522105224, 0.015590529264113395, -3.3217577662110154, -0.26126090546472747, 2.8513477234340474, 0.38778162564269864], [0.08696479080218894, 0.07982772838522714, -0.11889055814477523, -4.212407729607089, 1.7834366204058871, 0.39056571341557783], [0.054165687209644965, 0.008096117458190877, 0.07974459012490498, -2.576430926027836, 2.774898191977147, 0.26569119675614405], [0.09346942463528132, 0.0728520301998276, 0.9069435011552218, -3.6383323241381262, 2.455960834609707, 0.38791766509653103]]}