{"position": [[-2.14109103427943, -2.52160906791687, -4.501414280653575], [2.0520431755759114, -2.52160906791687, -5.581468617383078], [-5.017553120261943, -2.52160906791687, -8.158092460304957]], "number_of_bots": 3, "bot_trajectory": [[0.060502864055093565, 0.03448112987660325, -0.7587782596212267, 2.461201209306142, 2.950749401790892, 0.29333718859039704], [0.046949993356940924, 0.09942664711316801, 3.4343559502341146, 1.3811468725766385, 3.0815064555544938, 0.47107093405280454], [0.025083846142266053, 0.024212147484868617, -3.63524034560374, -1.1954769703452406, 0.06913376254697867, 0.38867974366183067]]}