{"position": [[-1.4117251797703323, 0.1473565399646759, -2.0039884056381476], [-3.7044401458883103, 0.1473565399646759, 1.6752033030169216], [1.5672666008840952, 0.1473565399646759, -6.085216999946509], [-4.834431270907053, 0.1473565399646759, 2.1335671760726562], [0.7947460388567129, 0.1473565399646759, -7.224787696654375], [-3.9928983772682414, 0.1473565399646759, 1.3632639649631448], [-4.849285832798481, 0.1473565399646759, -1.5995669528130012], [1.0702594829938494, 0.1473565399646759, -1.9080648651895997], [-4.514329361761988, 0.1473565399646759, -7.352904271393131], [4.667182262322235, 0.1473565399646759, -4.581925333976906]], "number_of_bots": 10, "bot_trajectory": [[0.0851322287253191, 0.031211508059234182, -1.1594669981983718, 0.6531718764968619, 2.5109902756163502, 0.439346760624851], [0.06256145611289468, 0.019235955028558717, -3.45218196431635, 4.332363585151931, 0.6249105920264718, 0.5046387014485816], [0.07538790824657811, 0.019343588642064813, 1.8195247824560556, -3.4280567178114985, 2.7077821879271866, 0.3890621280704219], [0.002629420702591223, 0.036210421359375376, -4.582173089335092, 4.790727458207666, 1.5482906697931331, 0.2624662348754713], [0.010316790843534863, 0.07561596709578595, 1.0470042204286734, -4.567627414519365, 2.573593650619973, 0.3795169052607095], [0.053062439460952904, 0.011998757661828285, -3.740640195696281, 4.020424247098155, 1.0169424718875146, 0.4823554862306077], [0.04935168707450806, 0.059761547762190184, -4.5970276512265205, 1.0575933293220086, 3.0680097718063317, 0.48863489133311055], [0.09199048337048155, 0.06038039054072708, 1.3225176645658099, 0.74909541694541, 1.959648008743179, 0.26471288694114864], [0.0403057856512047, 0.0067906475935800795, -4.262071180190028, -4.695743989258121, 2.4579237779887677, 0.30730021429218557], [0.03193938440344933, 0.07862806395494942, 4.919440443894196, -1.9247650518418957, 1.9244146982977501, 0.5196124612962963]]}