{"position": [[2.116348879549764, 0.05302762985229492, 4.781810530013188], [0.17660165114535142, 0.05302762985229492, -4.119585861631556], [1.9946958123707015, 0.05302762985229492, -2.781436098614207], [2.3375755112960626, 0.05302762985229492, 5.041789926695281], [0.29734910410559756, 0.05302762985229492, -1.4401061521564813], [-6.365595311055056, 0.05302762985229492, 3.670163189907956], [-6.653346484293996, 0.05302762985229492, -0.9360781185714491]], "number_of_bots": 7, "bot_trajectory": [[0.07987485402757163, 0.06067874391619421, 3.8533615042903646, 4.603091545886143, 0.9429228421888679, 0.272595488123311], [0.08343492490529547, 0.057624315587463004, 1.913614275885952, -4.298304845758601, 1.0628106359334983, 0.4594170310053286], [0.09906722551461242, 0.030335547059519408, 3.731708437111302, -2.9601550827412515, 0.284350975120893, 0.27137232775204667], [0.019508360200173647, 0.04405668636711356, 4.074588136036663, 4.863070942568236, 0.3442025662704154, 0.32777012381474574], [0.03184336172405886, 0.05818678220629704, 2.034361728846198, -1.618825136283526, 0.3715802828519435, 0.33957496900341166], [0.07962554470004167, 0.08727004500028393, -4.628582686314456, 3.4914442057809114, 0.08091437448498283, 0.49540668941003063], [0.06889286471853491, 0.018593572428302386, -4.916333859553395, -1.1147971026984937, 2.989239158772039, 0.4984751946563805]]}