{"position": [[-3.613882711253692, 3.1438088417053223, -5.2921949316955414], [-4.644517798587993, 3.1438088417053223, -0.8311436230899654]], "number_of_bots": 2, "bot_trajectory": [[0.08948938990633121, 0.007009900505446065, -3.813561042867233, -1.3207775046325532, 2.420009843186901, 0.4151776636441583], [0.04952838069764583, 0.013396787235132601, -4.844196130201533, 3.140273803973023, 2.6187006555703793, 0.31101822958359093]]}