{"position": [[17.512825962615043, 0.19162245094776154, 10.32291219438424], [14.657384678399248, 0.19162245094776154, 4.5287793423786145], [8.185364514906183, 0.19162245094776154, 2.7097249810361497], [13.774205891698621, 0.19162245094776154, 7.5579938893245595], [8.390244530130902, 0.19162245094776154, 2.8974580246368804], [17.16264344464914, 0.19162245094776154, 4.382081872453705], [9.801983820665138, 0.19162245094776154, 10.27907100529406], [11.584617099118521, 0.19162245094776154, 3.085808169256957], [10.962030224165545, 0.19162245094776154, 6.944388551094864], [16.68459487147048, 0.19162245094776154, 0.9810445418477425], [10.04252231828711, 0.19162245094776154, 9.346702520092773], [8.36888125697389, 0.19162245094776154, 8.16609798751309], [14.607418421425471, 0.19162245094776154, 3.2071381964888364], [14.427227649407671, 0.19162245094776154, 5.296206145655269], [15.651822208703186, 0.19162245094776154, 9.917565817480565], [13.619711566070931, 0.19162245094776154, 10.431684928015816], [8.370653751955935, 0.19162245094776154, 4.435116876582444], [10.966452875844967, 0.19162245094776154, 5.27128954544704]], "number_of_bots": 18, "bot_trajectory": [[0.046548630721425566, 0.09997262476391798, 4.716176029753715, 4.870593526018762, 2.3457934473546236, 0.300894759786288], [0.040994508374107355, 0.047042671672898384, 1.8607347455379208, -0.9235393259868641, 0.9246895393641381, 0.33666078069831584], [0.0481192254361235, 0.00044753621365597465, -4.611285417955146, -2.742593687329329, 0.017446741599656906, 0.29249387729934856], [0.008138904435701744, 0.06659574921225438, 0.9775559588372928, 2.105675220959081, 1.5453091662666443, 0.40360273093796795], [0.062336533228608534, 0.004654058164430352, -4.406405402730426, -2.554860643728598, 2.768156909916337, 0.3648185952398255], [0.05439126037578481, 0.05995278374152444, 4.3659935117878135, -1.0702367959117731, 0.9565385353487849, 0.4353122180225584], [0.011291303685204035, 0.04558199189820701, -2.9946661121961906, 4.826752336928582, 0.1568326416286914, 0.4150527010851871], [0.031337428126625655, 0.0840421597469891, -1.2120328337428066, -2.3665104991085215, 0.45220861871277485, 0.41182840073448135], [0.05648520753581835, 0.07069919225381563, -1.8346197086957838, 1.4920698827293855, 2.683801065800718, 0.3313544577011216], [0.03520414266501104, 0.06053116820610965, 3.8879449386091536, -4.471274126517736, 1.692927162413191, 0.5086001281752999], [0.002450330543723056, 0.030792057938934813, -2.7541276145742177, 3.8943838517272953, 0.8400697329097697, 0.2960836502371472], [0.024992842194518604, 0.033299560157323674, -4.427768675887438, 2.713779319147611, 2.183434023218782, 0.5194160153941454], [0.0012491921937364593, 0.09999048189604597, 1.810768488564144, -2.245180471876642, 2.2458868647433303, 0.4352478652266803], [0.03507920191662939, 0.0678032989340177, 1.630577716546343, -0.15611252271021003, 2.416856439585093, 0.4577883236117567], [0.06064464935442647, 0.03737707322411108, 2.8551722758418574, 4.465247149115086, 1.4980368959448773, 0.29156634352428634], [0.059182629928972205, 0.08534575019836625, 0.823061633209603, 4.979366259650337, 2.0305135846518687, 0.3968468837919236], [0.01322477031127033, 0.05130182393347461, -4.4259961809053925, -1.0172017917830345, 0.4689807623683673, 0.27876954541041377], [0.039457408822457476, 0.022970244582117515, -1.8301970570163617, -0.1810291229184391, 0.1305241569844962, 0.4650061791369279]]}