{"position": [[0.9876155514494405, 0.05780473351478577, -4.213875028472014], [5.339636446730534, 0.05780473351478577, -1.1346155619080247], [2.1766018470271504, 0.05780473351478577, -4.469491888402366], [1.287527859876522, 0.05780473351478577, 3.865579391955917], [0.8119579175811291, 0.05780473351478577, 0.8339536539356582], [-0.8909245093650071, 0.05780473351478577, -0.8276719146767777], [-3.8666165046943135, 0.05780473351478577, -0.5899716693589354], [0.11977289620456233, 0.05780473351478577, 0.9187814800962699], [-0.5294554114741086, 0.05780473351478577, -0.41699463957280547], [-0.7111882126850229, 0.05780473351478577, 3.0180806560631863], [0.06813765207732736, 0.05780473351478577, -4.481809533751101]], "number_of_bots": 11, "bot_trajectory": [[0.031073677767783005, 0.0903574417711639, 0.46375616977372025, -3.5374886125136094, 2.7443349530060086, 0.30827773119933494], [0.07903190564909311, 0.08961676525817217, 4.815777065054814, -0.45822914594962016, 2.946499865058064, 0.4044528203111305], [0.05606067026000781, 0.06836760647104005, 1.65274246535143, -3.793105472443962, 3.002262034605294, 0.26317745933319653], [0.08339504177655555, 0.04550029409872745, 0.7636684782008019, 4.5419658079143215, 1.1015772810624689, 0.3247246260773021], [0.027898026765394136, 0.0637470241522187, 0.2880985359054089, 1.5103400698940628, 1.4017248034973817, 0.36860960734278897], [0.059931968205814215, 0.06782370328284958, -1.4147838910407273, -0.15128549871837316, 0.7301476030805545, 0.33081256997226793], [0.02356793465341367, 0.008122060417043876, -4.390475886370034, 0.08641474659946913, 1.1256640336388082, 0.3164999456049126], [0.00760129217527723, 0.07535535351566257, -0.4040864854711579, 1.5951678960546745, 0.3103998069760437, 0.47909610316112683], [0.036726074266151355, 0.015625837200099968, -1.0533147931498288, 0.25939177638559907, 1.1457684312628051, 0.4437637368883714], [0.07105623366927973, 0.011361998449012933, -1.235047594360743, 3.694467072021591, 1.1845242549617334, 0.35362423357413314], [0.0995508626802657, 0.05654856815033967, -0.45572172959839286, -3.8054231177926967, 0.07978053374458512, 0.38247304136793636]]}