{"position": [[-8.930093614014758, 0.12029194831848145, -0.6540620435699709], [-10.254955987968566, 0.12029194831848145, -1.454703928082314], [-4.4427862667213445, 0.12029194831848145, -0.15568653043690617], [-2.4275602122991575, 0.12029194831848145, -4.088402493431845], [-2.4737591052337935, 0.12029194831848145, -3.044436881124695], [-6.804722858343865, 0.12029194831848145, -4.255692206062325], [-6.124769839279788, 0.12029194831848145, -0.4883031243187166], [-3.335637007010076, 0.12029194831848145, 2.1761051854933218], [-5.5187595472289175, 0.12029194831848145, -4.491534362052777], [-5.908027261949822, 0.12029194831848145, 1.5626804676286108]], "number_of_bots": 10, "bot_trajectory": [[0.08123033762613197, 0.09662710490034855, -2.656584111603869, 1.3513610254302733, 2.4656590021176674, 0.4827254859728251], [0.027542930487512617, 0.0820658466858768, -3.981446485557678, 0.5507191409179302, 1.277618566739097, 0.3284522476285108], [0.013761405758235524, 0.022565614313123417, 1.8307232356895442, 1.849736538563338, 2.811689034253708, 0.36638522981176896], [0.044289672860302956, 0.0908617033296675, 3.845949290111731, -2.0829794244316013, 0.08439237250508234, 0.46131482198009977], [0.018621171132735526, 0.07051916959759881, 3.799750397177095, -1.0390138121244508, 3.133069364167092, 0.3844131947576834], [0.06440834360727928, 0.017742545569433065, -0.5312133559329768, -2.250269137062081, 2.4505520362456474, 0.26985371876126957], [0.01443311104825884, 0.024426627397437995, 0.1487396631311011, 1.5171199446815276, 2.0732479915834507, 0.47537135412044934], [0.06797881288454943, 0.010288790489344102, 2.937872495400813, 4.181528254493566, 1.5118422352873766, 0.5129859156537826], [0.029483088053477824, 0.07937096912937514, 0.7547499551819714, -2.486111293052533, 2.663609401076416, 0.35107750567619644], [0.01952487513715275, 0.042698295687672486, 0.3654822404610658, 3.568103536628855, 1.4522237270166436, 0.33857744222603603]]}