{"position": [[-0.9541418353759228, 0.04342532157897949, -0.24684183322314723], [-6.370183403745402, 0.04342532157897949, 4.761897271161913]], "number_of_bots": 2, "bot_trajectory": [[0.042868932621107234, 0.07814274202280759, 0.6343453129089893, -2.570764228929324, 2.7360816104370658, 0.2849083135299092], [0.08203723054570257, 0.02728201768409998, -4.78169625546049, 2.437974875455736, 2.449144619606614, 0.4651409812846958]]}