{"position": [[-2.908109188079834, 0.1844160258769989, 0.08806443214416504], [1.5918906927108765, 0.1844160258769989, 0.588064432144165], [2.591890811920166, 3.084415912628174, 0.588064432144165], [-2.408109188079834, 3.084415912628174, 0.588064432144165], [-3.408109188079834, 0.1844160258769989, -0.41193556785583496], [2.591890811920166, 0.1844160258769989, 0.7880644202232361]], "number_of_bots": 1, "bot_trajectory": [[0.08531777082723939, 0.07625584803663925, -2.908109188079834, 0.08806443214416504, 0.407061513121048, 0.3627651360748031]]}