{"position": [[15.358201685481221, 0.022825002670288086, 9.599208369326044], [18.48501272809255, 0.022825002670288086, 10.258509586583415]], "number_of_bots": 2, "bot_trajectory": [[0.005307979423395515, 0.02212935176470805, 0.5905205636550492, 1.6125869894737488, 0.6111284164914028, 0.478523170154172], [0.087824466386065, 0.09981093217943937, 3.7173316062663773, 2.27188820673112, 3.002067911439, 0.40822051600006537]]}