{"position": [[11.583621855497134, -4.122959136962891, 0.7318818250769956], [6.152125374755577, -4.122959136962891, -0.2112110325799943], [10.93052501452554, -4.122959136962891, 2.292879138571025], [5.580463931876503, -4.122959136962891, 1.2501744958787322], [7.025943891015219, -4.122959136962891, 8.615702498081033], [6.842870734098583, -4.122959136962891, 7.785787176874467], [11.13160778905394, -4.122959136962891, 5.753663714127605], [6.307181934275748, -4.122959136962891, 5.975014618071704], [7.69453959147335, -4.122959136962891, 1.3494507230851376], [11.032181176579503, -4.122959136962891, 4.900618741620234], [8.808189751517608, -4.122959136962891, 2.256539739158055], [3.5126834914836618, -4.122959136962891, 8.981973893394056], [10.352778832274618, -4.122959136962891, 2.772124253890527], [5.649185940363175, -4.122959136962891, 3.4998726768848036]], "number_of_bots": 14, "bot_trajectory": [[0.0017810277101783733, 0.05397841944734373, 4.949923392057192, -3.8255508264427798, 1.0790398135695045, 0.4271834366178803], [0.05469410665503166, 0.08806723792833471, -0.481573088684365, -4.76864368409977, 2.4704152710763596, 0.47737825773697384], [0.03881633781888947, 0.023190323972796113, 4.296826551085599, -2.2645535129487504, 2.412611800610174, 0.26367046091678803], [0.016808123042265012, 0.07438012299123062, -1.0532345315634384, -3.307258155641043, 1.4690362427975256, 0.4061937202656321], [0.08118814791095164, 0.004263618811266889, 0.39224542757527736, 4.058269846561258, 2.141149010644252, 0.3673478641313859], [0.025970613118771323, 0.07628458024877802, 0.20917227065864186, 3.2283545253546917, 2.464364077399372, 0.4073843579008156], [0.08457782158638541, 0.06332545699163705, 4.497909325613998, 1.1962310626078287, 1.6711690215320636, 0.4750020538650198], [0.09271724753954473, 0.06365609298998524, -0.3265165291641936, 1.4175819665519285, 0.41144406329567856, 0.27303141366255895], [0.06049176400865697, 0.05418774661567481, 1.0608411280334085, -3.207981928434638, 1.1503453375956132, 0.2632315117268039], [0.026091435113079563, 0.07794838871388478, 4.398482713139562, 0.3431860901004591, 1.9040555376222261, 0.3935793458420007], [0.038748711236492164, 0.014513650525670474, 2.174491288077667, -2.3008929123617206, 1.048381806225839, 0.3024762711451801], [0.0417377863852346, 0.05366526037337136, -3.1210149719562796, 4.42454124187428, 2.159924693275811, 0.5221014743195209], [0.04388230597785927, 0.01606778626752986, 3.7190803688346765, -1.7853083976292483, 1.6100815735060803, 0.349121648281191], [0.052766760690469885, 0.0627060146048354, -0.984512523076766, -1.0575599746349718, 1.4372043062846427, 0.41728291460482664]]}