{"position": [[4.561543349164176, 0.23579764366149902, 3.758447140315007], [8.89510344633534, 0.23579764366149902, 1.0185624224899128], [12.233721895727907, 0.23579764366149902, -1.874930874969138], [9.860226600718075, 0.23579764366149902, 1.618365333237304]], "number_of_bots": 4, "bot_trajectory": [[0.009469215471189774, 0.05821962202960237, -4.770449753863168, 2.8648941813497055, 1.7299752473712928, 0.448562651799568], [0.020955879143820223, 0.09035475409257959, -0.4368896566920044, 0.1250094635246113, 0.7421116986928898, 0.47720056840494474], [0.07260068427240726, 0.05650385143743365, 2.9017287927005633, -2.7684838339344395, 0.26092321831704407, 0.3215076785579603], [0.03601347944567483, 0.04440866404343706, 0.5282334976907321, 0.7248123742720025, 1.2226053216903716, 0.4960509880973986]]}