{"position": [[-3.1089964618995776, -2.6200006008148193, 0.1018032558524824], [-3.5472624325889583, -2.6200006008148193, 3.9390934970722844], [-1.4927775924411542, -2.6200006008148193, 3.8324590898614135], [1.5184981475455663, -2.6200006008148193, 1.9445246991424854], [-3.7114419232812024, -2.6200006008148193, 4.723248912995572], [1.3527532181104875, -2.6200006008148193, -3.519090394474625], [3.6299771669083682, -2.6200006008148193, -0.7262829485708393], [-0.038601408425455785, -2.6200006008148193, 1.971463104139844], [5.601738524548217, -2.6200006008148193, 0.1770136583310007], [1.0193777507049397, -2.6200006008148193, 2.770420257749075], [3.61090800095427, -2.6200006008148193, -3.153156637450139], [1.3741046818928007, -2.6200006008148193, 3.906152244153098], [1.224054779669084, -2.6200006008148193, 3.9595814793231474], [-0.37401138836164116, -2.6200006008148193, -1.0824727006146588], [2.869030526079497, -2.6200006008148193, 2.1130688413046155]], "number_of_bots": 15, "bot_trajectory": [[0.07197008257654047, 0.04722247676539172, -4.090384315522014, -0.7974298469459795, 2.4581727198318015, 0.4975760948876292], [0.00918784873899251, 0.02451645959157689, -4.528650286211395, 3.0398603942738225, 2.222208933927643, 0.44184283237666405], [0.004344189859029113, 0.08280818561454897, -2.4741654460635907, 2.9332259870629516, 1.591024075958809, 0.369896066580459], [0.08411715390507087, 0.0709454706943137, 0.5371102939231298, 1.0452915963440235, 3.1052212526594256, 0.43536691371890257], [0.0005965164380905219, 0.024694522211415694, -4.692829776903639, 3.82401581019711, 2.98609086865649, 0.4109794474228627], [0.00847507697667781, 0.03874598134338423, 0.371365364488051, -4.418323497273087, 1.842834583484715, 0.267532537380359], [0.009774802382493352, 0.09495405232470149, 2.6485893132859317, -1.6255160513693012, 0.6079249682996947, 0.4136944198262328], [0.05217932687010932, 0.048798219369854276, -1.0199892620478923, 1.0722300013413821, 2.3378787468046567, 0.3276134553985288], [0.03668826530643077, 0.08495063740468407, 4.620350670925781, -0.7222194444674612, 0.1982635611955025, 0.3213274619028302], [0.021883745742421756, 0.026299162475707814, 0.03798989708250322, 1.8711871549506132, 1.31288480002966, 0.5169029197409798], [0.04656861104493152, 0.0537415443381993, 2.6295201473318333, -4.052389740248601, 0.7619649016629739, 0.47190154230380343], [0.08107808646201337, 0.04436502302717121, 0.39271682827036414, 3.006919141354636, 1.79558981272614, 0.4267299482431759], [0.06914322380559838, 0.07347413756403029, 0.2426669260466474, 3.0603483765246855, 2.1962471397066317, 0.506832593330672], [0.09006171840294218, 0.07739342183599054, -1.3553992419840777, -1.9817058034131207, 1.5286817600183784, 0.49178447140946346], [0.08526017740683732, 0.07255261649048476, 1.8876426724570605, 1.2138357385061538, 2.1859955763746526, 0.2650860206422638]]}