{"position": [[-1.2184808939613818, 0.13029706478118896, 6.666194758647889], [0.6814022401071878, 0.13029706478118896, 9.7245816519314], [-3.0871154756108705, 0.13029706478118896, 4.068858730698771], [-0.45917248637522956, 0.13029706478118896, 7.074117009669777], [-1.1333030696447683, 0.13029706478118896, 1.0191330559912481], [1.22344010796039, 0.13029706478118896, 10.55547545615476], [2.8413071657989004, 0.13029706478118896, 2.755182885713775], [3.9182525026728694, 0.13029706478118896, 7.234042838704964], [-2.5159612150150243, 0.13029706478118896, 9.845463505432335], [-2.365308515353451, 0.13029706478118896, 6.833595276688355], [-1.7062010440828619, 0.13029706478118896, 9.91133626498325]], "number_of_bots": 11, "bot_trajectory": [[0.08398001789173039, 0.003213111189565354, -2.2570210188545703, 0.9694937088432021, 2.0723777466745434, 0.34671887326080736], [0.046948819654354865, 0.0694812527456313, -0.3571378847860007, 4.027880602126713, 0.4617839783595418, 0.44045111786681407], [0.032886446570383046, 0.06769816078919902, -4.125655600504059, -1.6278423191059166, 2.9685322902715368, 0.26955052999069273], [0.05738107714241151, 0.08399730681512195, -1.497712611268418, 1.3774159598650892, 2.0399830305437425, 0.48080621720008776], [0.0023054603623056556, 0.0791468212522919, -2.171843194537957, -4.677567993813439, 0.19235516122513563, 0.2834148903608557], [0.059129079708457065, 0.08271650765732091, 0.18489998306720157, 4.858774406350072, 0.4078260304368039, 0.3445746817483043], [0.03124573232374315, 0.090152191380328, 1.8027670409057117, -2.9415181640909127, 2.4822666743269086, 0.5101388807735767], [0.02568395915024565, 0.06620484055857948, 2.879712377779681, 1.537341788900276, 2.1786219974830807, 0.44598006525805767], [0.06369394175667858, 0.08354283732200155, -3.554501339908213, 4.148762455627648, 0.0925716119685935, 0.37967024186533893], [0.05195104050610322, 0.06602237073344643, -3.4038486402466397, 1.1368942268836668, 1.3258545074959103, 0.3379034558436618], [0.09316348499864763, 0.02527831521908973, -2.7447411689760504, 4.214635215178562, 0.05714242866042428, 0.3896096046433807]]}