{"position": [[-4.736193691131092, 3.3306119441986084, 0.8570143232488723], [-4.561598327251919, 3.3306119441986084, 3.24757160036471], [1.862533021905321, 3.3306119441986084, 0.02501494963926243], [-2.6151089259182583, 3.3306119441986084, -0.38712140130942396], [2.865355357190714, 3.3306119441986084, 3.633793933452477], [0.007093432666217314, 3.3306119441986084, 0.30990536504163924], [-2.8500037035530017, 3.3306119441986084, 3.7271312955749556], [-0.41262832433005125, 3.3306119441986084, -1.5052894774714467], [-3.778703814300898, 3.3306119441986084, 6.1478099262326005], [2.2043340469499935, 3.3306119441986084, -1.6257721909812841]], "number_of_bots": 10, "bot_trajectory": [[0.06441805349174098, 0.015377117166996713, -3.7617524608340034, -1.3863962640619187, 1.9259321425972786, 0.4104382174213573], [0.03762553549150329, 0.024203104948205444, -3.5871570969548303, 1.0041610130539191, 1.2891574799186227, 0.4451183926989649], [0.01901747799576762, 0.03555724556398987, 2.8369742522024097, -2.2183956376715286, 1.8358596182064129, 0.5090721405402516], [0.08143175814194412, 0.01093507990133391, -1.6406676956211697, -2.630531988620215, 1.751704807989659, 0.4205352592162668], [0.006111913092813959, 0.024432432017880944, 3.8397965874878026, 1.390383346141686, 3.0965943950890336, 0.32377526904611253], [0.016032262491719386, 0.06533919507362071, 0.9815346629633059, -1.9335052222691518, 0.757006999450807, 0.4581039509568198], [0.02272299525576129, 0.08149992924730319, -1.8755624732559129, 1.4837207082641646, 0.5306247253254708, 0.4036582843464469], [0.03831660530490334, 0.04170662063416656, 0.5618129059670374, -3.7487000647822377, 1.9479269760839417, 0.5185846433395842], [0.05499027906186588, 0.09262925754445694, -2.8042625840038093, 3.904399338921809, 2.806593242223602, 0.3125988679694182], [0.06457677377551588, 0.07918137193773457, 3.178775277247082, -3.869182778292075, 1.1983517988942258, 0.44033994347861505]]}