{"position": [[12.693348219095125, 0.15912418067455292, 3.819272264776023], [10.886395654914953, 0.15912418067455292, -4.695896202438352], [8.376236349933055, 0.15912418067455292, -2.5365195695821856], [11.263217209630362, 0.15912418067455292, -4.220643702563249], [8.44887250337044, 0.15912418067455292, -0.05511864628405072], [13.732053430724903, 0.15912418067455292, -2.1089712035343604]], "number_of_bots": 6, "bot_trajectory": [[0.012186840545787747, 0.05423983105705675, 1.6883042356356515, 4.169292166766914, 0.16102073287993265, 0.5219546901478997], [0.0345085975208686, 0.03286412738948483, -0.11864832854452056, -4.345876300447461, 0.4771119515922063, 0.30928857090846257], [0.0019170816459573524, 0.001718040016891831, -2.6288076335264177, -2.186499667591295, 1.0181691799183645, 0.32149828673375896], [0.027191418726056526, 0.024043356039590402, 0.2581732261708891, -3.870623800572359, 0.749096788638621, 0.2851278695519634], [0.0631002571821135, 0.03076865407077297, -2.5561714800890325, 0.2949012557068398, 2.542863373515767, 0.2873279276831365], [0.02362520862023294, 0.05755543172812281, 2.7270094472654307, -1.75895130154347, 1.4910716172330247, 0.3315691947730256]]}