{"position": [[14.547501238864799, 3.214106321334839, 3.9943729711707103], [6.422499582360473, 3.214106321334839, 0.19735426651917143], [6.009769337959944, 3.214106321334839, -3.748909819764126], [14.356387355917434, 3.214106321334839, 3.324458564080544], [9.875594608231266, 3.214106321334839, 3.471645854265328], [5.2212376290036, 3.214106321334839, -2.189659071883439], [8.250603248364127, 3.214106321334839, -3.1286941010975884]], "number_of_bots": 7, "bot_trajectory": [[0.08118270038727922, 0.04614436822141042, 4.8682877150000525, 2.7924507929022777, 2.299824486677347, 0.39640112874622374], [0.06606174924717369, 0.08099597268254236, -3.256713941504273, -1.0045679117492612, 1.114849952128565, 0.3138830209264822], [0.07229432351607772, 0.04402586105632154, -3.669444185904802, -4.950831998032559, 1.0173976805646767, 0.3707303435677178], [0.01645562362217371, 0.07438300788035038, 4.677173832052687, 2.1225363858121113, 2.7023625914366494, 0.37392085461941255], [0.08504991064033346, 0.043575980041579955, 0.19638108436652035, 2.2697236759968953, 2.462816741893973, 0.40762698421933513], [0.09031328092245948, 0.007672811884742415, -4.457975894861146, -3.3915812501518716, 1.8020208132648539, 0.505763462530909], [0.03244782317737741, 0.019717083368096043, -1.4286102755006191, -4.330616279366021, 1.931767770370353, 0.29206035881792264]]}