{"position": [[2.1036106536974177, 2.3797054290771484, 5.573123477177433], [7.303054819290454, 2.3797054290771484, 7.114459561486228], [6.88861133061651, 2.3797054290771484, 3.72432495072683], [6.784594586233443, 2.3797054290771484, 4.423250196721992], [10.047799995765489, 2.3797054290771484, 2.71821389724923], [9.615721157875853, 2.3797054290771484, -1.8358777213619053], [5.381704105219769, 2.3797054290771484, -1.2150613264729948], [5.342975545225503, 2.3797054290771484, 0.8685163454669436], [1.6187222009780413, 2.3797054290771484, 5.993892229965608], [8.078807150387421, 2.3797054290771484, 1.8814221645907807]], "number_of_bots": 10, "bot_trajectory": [[0.09417186016362745, 0.061190683968994394, -2.9868534614454045, 2.745002768711857, 1.5941057651437867, 0.3310901947265122], [0.05641110734292627, 0.061424387575731584, 2.2125907041476314, 4.286338853020652, 1.5132171364658396, 0.44982421132463113], [0.08490867377248275, 0.008282587463475577, 1.7981472154736877, 0.8962042422612537, 1.1158308196996678, 0.45726502347925807], [0.08574683724098668, 0.05013613340497593, 1.6941304710906213, 1.595129488256416, 1.8407422954805885, 0.43145809945537283], [0.018813272563178718, 0.08093565570472887, 4.957335880622667, -0.10990681121634593, 1.1049403319641773, 0.3985713802159302], [0.07466095842320265, 0.062354962303789244, 4.525257042733032, -4.6639984298274815, 0.4611827263968184, 0.44204902975443805], [0.08966337786065794, 0.07585348050751134, 0.2912399900769469, -4.043182034938571, 0.44747559765641, 0.3802539138664102], [0.06893229674998087, 0.07752068117867882, 0.2525114300826803, -1.9596043629986326, 0.7742779508584535, 0.39769624832979333], [0.055636453279949705, 0.05529124623067856, -3.471741914164781, 3.1657715215000315, 0.15165484028481585, 0.47491983883672967], [0.07059076263065624, 0.07260617455336171, 2.9883430352445983, -0.9466985438747955, 0.14088973923294373, 0.5132821581912896]]}