{"position": [[8.693341415341257, 0.10478940606117249, -0.2654022072905535]], "number_of_bots": 1, "bot_trajectory": [[0.057317939400468365, 0.005635621814069758, 4.266822975094675, -2.1529842709654803, 0.6282632161414283, 0.28713740308683855]]}