{"position": [[-5.129817466976274, 0.1422726958990097, -3.076208047720545], [-2.142736092175224, 0.1422726958990097, -3.5486494164898206], [-8.50947673389701, 0.1422726958990097, -5.262805904510859]], "number_of_bots": 3, "bot_trajectory": [[0.0024217647942175735, 0.055869240157126056, -0.945318203212846, -0.9342073725191291, 0.1491034373279315, 0.3154976843461985], [0.09373491274080714, 0.05290046230311897, 2.0417631715882036, -1.4066487412884043, 0.5542111191944803, 0.4797359071106983], [0.0037729347753665877, 0.057592925991104396, -4.324977470133583, -3.1208052293094433, 3.053172994368615, 0.45276977454183664]]}