{"position": [[4.775099819784601, 2.686763286590576, -0.687959746840566], [2.5268427837808893, 2.686763286590576, -1.360497601173103], [8.96747246892157, 2.686763286590576, 4.742779930080468], [4.992923576368511, 2.686763286590576, -1.4464904190053738], [7.209072684722091, 2.686763286590576, 4.67968477156189], [9.908706346514107, 2.686763286590576, 3.4833890752158716]], "number_of_bots": 6, "bot_trajectory": [[0.08820160213508323, 0.060307162182121586, -0.8276614488311218, -2.766812161925405, 0.9233885990993842, 0.44663605822983776], [0.07760676302172932, 0.057854724673944126, -3.0759184848348333, -3.439350016257942, 0.11478938034938595, 0.28217826963085557], [0.04287762176163264, 0.0008110603774205694, 3.364711200305849, 2.66392751499563, 1.0769170153437326, 0.35624708823604984], [0.02517524160037915, 0.06007746481304246, -0.6098376922472115, -3.5253428340902127, 0.27157843448243435, 0.41832878358437986], [0.01075548867149576, 0.04930278123285028, 1.6063114161063685, 2.600832356477051, 0.7268117892508253, 0.26927309467718535], [0.05390975510611051, 0.04850445772470122, 4.305945077898384, 1.4045366601310327, 1.1279128821199313, 0.40645725936096166]]}