{"position": [[-8.126976125867447, -2.37070894241333, 4.885496788598443], [-0.25771174318389, -2.37070894241333, -4.158019213784636], [-8.334973167814901, -2.37070894241333, -2.4906731017390067], [-1.238445835501742, -2.37070894241333, -2.7921379580414127]], "number_of_bots": 4, "bot_trajectory": [[0.052619735520664776, 0.0579810183614964, -3.194096201093277, 4.92009644297495, 1.8853689393833077, 0.4478874654081351], [0.09436514356850909, 0.008421070505868756, 4.67516818159028, -4.123419559408129, 1.60410919001024, 0.3510807673237777], [0.04750531415472882, 0.07680779281236869, -3.4020932430407305, -2.4560734473625, 2.3208671702979586, 0.4785744571534626], [0.029400823553307965, 0.03212450917034515, 3.694434089272428, -2.757538303664906, 0.23631199412842085, 0.2949009902437591]]}