{"position": [[5.963505443906657, 0.15009789168834686, -10.16062587826137], [5.753122111881753, 0.15009789168834686, -6.918112241040889], [-1.4397519646226167, 0.15009789168834686, -3.198501950100664], [5.212453050048318, 0.15009789168834686, -9.883712599344012], [2.819092961463005, 0.15009789168834686, -4.535088169354648], [4.219311700486671, 0.15009789168834686, -2.8893847530892516], [6.151868247461362, 0.15009789168834686, -6.617894771599925], [2.2224392529063026, 0.15009789168834686, -4.681908823583541], [-1.8930498388620771, 0.15009789168834686, -5.654886821324007], [6.774563037000988, 0.15009789168834686, -8.439432222439498], [6.793894910764961, 0.15009789168834686, -4.571148259504245], [-0.8775391116256355, 0.15009789168834686, -4.513458846906846], [-1.6038100908585244, 0.15009789168834686, -7.110379740055528], [0.3331037494016673, 0.15009789168834686, -3.240508718033556], [4.926368575537012, 0.15009789168834686, -4.223672986010568], [-1.2194334121548263, 0.15009789168834686, -7.237409928835444], [4.958756962237814, 0.15009789168834686, -5.45658226863943], [3.9584727357873057, 0.15009789168834686, -2.1634782887049653]], "number_of_bots": 18, "bot_trajectory": [[0.04189885355557036, 0.07814418391012237, 3.0805415481089273, -4.195477906154438, 1.7049703738122346, 0.41974037214925686], [0.047927942962207495, 0.05339331411320003, 2.8701582160840236, -0.9529642689339557, 2.8044640876995284, 0.40475103246142075], [0.02327008721178344, 0.056026290195315555, -4.322715860420346, 2.7666460220062694, 0.04577710807482582, 0.36934740195459514], [0.08772632242781886, 0.02605628527228384, 2.329489154250589, -3.9185646272370778, 2.064649450217654, 0.4877992452721279], [0.03637153012669708, 0.07064345653767097, -0.06387093433472435, 1.430059802752286, 0.17331310793532345, 0.518790628872233], [0.01951275863348223, 0.07929509103514122, 1.336347804688941, 3.075763219017682, 0.7229521498094534, 0.46721096806415796], [0.06961129898584237, 0.007743748739879852, 3.268904351663633, -0.6527467994929914, 0.7141412524249682, 0.48444782294759625], [0.07228592437082079, 0.0788316900500767, -0.6605246428914269, 1.283239148523393, 2.263677599365123, 0.45901988619618095], [0.09735245138123241, 0.09268664600506549, -4.776013734659807, 0.3102611507829267, 1.1892530689079845, 0.47970853082156817], [0.06937199541459206, 0.01103717302433932, 3.8915991412032582, -2.4742842503325644, 0.6208669460014145, 0.3315906789819006], [0.04438244597569294, 0.08816618678272502, 3.9109310149672316, 1.3939997126026893, 1.961178999357194, 0.28238370552638914], [0.06495752496781872, 0.07216818913364079, -3.760503007423365, 1.4516891252000874, 1.872699378568441, 0.4250359645191334], [0.015114254189814703, 0.03443967105800875, -4.486773986656254, -1.1452317679485946, 1.4747144718500502, 0.4165220335360395], [0.06070165306541917, 0.09396663232280064, -2.549860146396062, 2.7246392540733777, 1.9774305362374347, 0.4497683968885696], [0.09084639245982869, 0.08109995499049062, 2.0434046797392824, 1.7414749860963652, 2.711324456068513, 0.5130515312217256], [0.0032354371236425704, 0.044907307468161475, -4.102397307952556, -1.2722619567285098, 2.459919706810529, 0.4028115476142944], [0.0677537244259154, 0.08801611881536017, 2.0757930664400845, 0.508565703467504, 0.8591095964665166, 0.39132574750864046], [0.03986005044912936, 0.031733801793354756, 1.0755088399895762, 3.8016696834019683, 0.11070584697709249, 0.4315575229791861]]}