{"position": [[-2.540722388466161, 1.4810712337493896, 1.550334972046981], [-3.2873453605923606, 1.4810712337493896, -6.992175356678338], [-2.075267327129534, 1.4810712337493896, 0.704553576633153], [-0.018472023356098433, 1.4810712337493896, -1.0712476890733995], [-4.773089072536609, 1.4810712337493896, 1.8974774555929557]], "number_of_bots": 5, "bot_trajectory": [[0.04160534421296787, 0.020277050269229102, 0.04730079726381953, 3.5971615730754234, 0.43914949790636143, 0.4717786672219678], [0.03323137994066135, 0.07803786838731458, -0.6993221748623801, -4.945348755649896, 2.921499724116455, 0.4061801792060051], [0.04310680506493082, 0.03964293626395819, 0.5127558586004466, 2.7513801776615954, 0.9799229731154608, 0.4777936579474974], [0.01003616470846952, 0.0935097145409977, 2.569551162373882, 0.9755789119550429, 0.28571772943101525, 0.3607976071703632], [0.0028829072853051472, 0.038287242669430045, -2.185065886806629, 3.944304056621398, 1.5302186020402555, 0.3867456718209995]]}