{"position": [[5.667788192397163, 2.9010794162750244, -1.5770533079335678], [4.817120165145039, 2.9010794162750244, 5.887918861613541], [1.0937921709053073, 2.9010794162750244, 3.8223037523623904], [6.325942790488618, 2.9010794162750244, -3.510635752668403], [2.1881704548223535, 2.9010794162750244, 1.132167613927506], [4.601606389208849, 2.9010794162750244, 0.04870469620062656], [2.0258131823788084, 2.9010794162750244, 0.4075252732353818], [1.093042264970845, 2.9010794162750244, -0.7866916835044291], [6.240625109897005, 2.9010794162750244, 5.247825899422061], [4.389041877164279, 2.9010794162750244, 3.61979229243412], [1.862517336690662, 2.9010794162750244, 5.708692704224626], [9.449076074563166, 2.9010794162750244, 4.034424906828357], [7.381555452584651, 2.9010794162750244, -0.9180816104400269], [5.994782970532377, 2.9010794162750244, 4.894994462766515], [0.4892284299718339, 2.9010794162750244, -1.0821522498216973], [9.691419219242889, 2.9010794162750244, 0.2258636450742213], [3.3242421872877035, 2.9010794162750244, 5.868275646126837], [0.991789681926047, 2.9010794162750244, -3.077301703223857]], "number_of_bots": 18, "bot_trajectory": [[0.07206477052801788, 0.028044832882492664, 0.594232246047065, -2.5223457211682785, 1.056399370093945, 0.3417529129166263], [0.08048907146123561, 0.024492673768909068, -0.25643578120505883, 4.942626448378831, 1.8862070456241267, 0.2987193450568014], [0.04418912901320632, 0.09289806624483202, -3.9797637754447903, 2.8770113391276797, 0.6640295312972233, 0.3397806579999787], [0.042117294818095154, 0.013888924826136994, 1.25238684413852, -4.455928165903114, 0.7997268066044291, 0.5070036926817765], [0.05170085028633149, 0.07503272387149998, -2.885385491527744, 0.1868752006927954, 1.7041072649589823, 0.2931796643498999], [0.09497650493341031, 0.012052118457311255, -0.4719495571412491, -0.8965877170340841, 2.789227289782979, 0.4641145827335055], [0.05880923740812545, 0.05579517204292996, -3.0477427639712893, -0.5377671399993289, 2.651889378927456, 0.38677795408668425], [0.06222055783056178, 0.09840465343713692, -3.9805136813792528, -1.7319840967391398, 1.242097244591376, 0.4559584540960558], [0.0020328677957063166, 0.086488437357675, 1.1670691635469077, 4.30253348618735, 0.9153201394693603, 0.42699103559395557], [0.047218740768300314, 0.006400706037491233, -0.6845140691858187, 2.6744998791994092, 1.9103211676306855, 0.3880870542295716], [0.09146101736287462, 0.019362736510494038, -3.2110386096594357, 4.763400290989916, 1.100416546330809, 0.31514074344713905], [0.05084331030142639, 0.023376668345092055, 4.375520128213069, 3.089132493593646, 0.21496680059838055, 0.42762017543218567], [0.08005260401319259, 0.03443485919118253, 2.3079995062345535, -1.8633740236747376, 0.4636362395584142, 0.4117261395529847], [0.07784480553852877, 0.09013500664612643, 0.9212270241822795, 3.9497020495318047, 2.9098823697177014, 0.3824486827313478], [0.045001359252070175, 0.030971026603602504, -4.584327516378264, -2.027444663056408, 0.7235525230313771, 0.5185905856734633], [0.09117119695739086, 0.07475769132269938, 4.617863272892792, -0.7194287681604894, 2.899857034237664, 0.30903490551574003], [0.097179109064479, 0.0389693765538731, -1.7493137590623942, 4.922983232892126, 2.1244998601030693, 0.43465211752660304], [0.09317958808268348, 0.03019066444555608, -4.081766264424051, -4.022594116458568, 1.1386383670780957, 0.4632411837675182]]}