{"position": [[3.868720163003654, 0.19740638136863708, -1.3627495636667604], [10.609974431427382, 0.19740638136863708, -0.9544006105374745], [4.563558744256804, 0.19740638136863708, -0.6751739070025984], [7.662262736378087, 0.19740638136863708, -1.3403531915536346], [4.445961131394061, 0.19740638136863708, -1.77123326059173], [8.585960860909497, 0.19740638136863708, 1.16425460840091], [8.136755412737, 0.19740638136863708, 4.885736914700294], [3.5720706891790663, 0.19740638136863708, 4.4955829839619685], [8.604747923276395, 0.19740638136863708, 3.582345510456631], [9.789556842867988, 0.19740638136863708, 4.825124568702209], [2.015489234162353, 0.19740638136863708, 5.219976528211513]], "number_of_bots": 11, "bot_trajectory": [[0.02394609229793384, 0.054213546715900285, -2.839257131918221, -2.392964946242749, 2.8487959859613863, 0.4745934606831843], [0.029523322859784717, 0.07263999515971013, 3.901997136505506, -1.9846159931134633, 0.385513592465377, 0.32142501007829904], [0.06891224346417424, 0.08435734185429498, -2.1444185506650704, -1.7053892895785872, 0.07433245598289162, 0.3725288375427053], [0.00998267347210774, 0.05462480488476788, 0.9542854414562119, -2.3705685741296234, 1.7549999575101976, 0.4954254342754958], [0.06837210301447656, 0.07569535339945872, -2.2620161635278144, -2.801448643167719, 2.7736934018088952, 0.38514857871823255], [0.07081978874505974, 0.08652798951295912, 1.877983565987621, 0.13403922582492123, 2.946097365919347, 0.39770581167726293], [0.007607898084904951, 0.043457369757039774, 1.4287781178151238, 3.855521532124305, 0.9286782431922044, 0.31299625054626184], [0.009349652611971637, 0.06882038698836428, -3.1359066057428087, 3.46536760138598, 0.7341419022322366, 0.5056616550912021], [0.024987916189009828, 0.09826234307505084, 1.8967706283545205, 2.552130127880642, 2.1725239437730197, 0.4809702590900258], [0.00869570157816515, 0.09003814590664341, 3.081579547946113, 3.79490918612622, 1.121386192523348, 0.3239958274958743], [0.08337784327283632, 0.038024247115092724, -4.692488060759522, 4.189761145635524, 2.77616779125685, 0.3104991999592125]]}