{"position": [[-2.9501276861778907, 2.8682138919830322, 2.969001336616996], [3.1641478861598378, 2.8682138919830322, -2.706663017194269], [-3.1466777513739963, 2.8682138919830322, -0.36225421372837063], [1.1064535949933811, 2.8682138919830322, -2.570600970980628], [0.30806498744911526, 2.8682138919830322, -3.0258899817464693], [-1.429945191000865, 2.8682138919830322, 1.6223074858122006], [6.017735956818842, 2.8682138919830322, 1.8373529259008066], [0.20881025177779278, 2.8682138919830322, -2.8495620820985375], [1.6198416281581933, 2.8682138919830322, -3.359973704795727], [-0.5130203306045171, 2.8682138919830322, 4.370503444645935], [-0.1608953405653497, 2.8682138919830322, 4.199089414094029]], "number_of_bots": 11, "bot_trajectory": [[0.017890876041176017, 0.06139552845897526, -4.760402525579136, 2.4421035485692055, 1.2012856432558983, 0.3558913367163142], [0.09355391667619758, 0.018858634648284422, 1.3538730467585924, -3.2335608052420595, 0.8935200221366126, 0.4593521665994803], [0.09900669784985852, 0.024866457864028836, -4.956952590775241, -0.8891520017761612, 0.5113540355297703, 0.3127500724841218], [0.038581183602912614, 0.03127387086499185, -0.703821244407864, -3.0974987590284186, 0.5281419734544199, 0.3215946203305513], [0.0793358250432325, 0.05384420461299934, -1.5022098519521299, -3.55278776979426, 1.8778069878023862, 0.37447805298574266], [0.09763525043348983, 0.023599016177848563, -3.24022003040211, 1.09540969776441, 2.0575584442120314, 0.3462132688756269], [0.03643299725966663, 0.07080971715158359, 4.207461117417597, 1.310455137853016, 0.5850939581997372, 0.44456111497806494], [0.08330705468459718, 0.0897708196129163, -1.6014645876234523, -3.376459870146328, 0.14682904485692674, 0.3479978845374566], [0.028003519016605284, 0.059533860676421746, -0.1904332112430518, -3.8868714928435177, 2.263707151426063, 0.44935207493620843], [0.056153154171021624, 0.06996660856575854, -2.3232951700057622, 3.843605656598145, 3.13578450999982, 0.3078858696160144], [0.04932654926357827, 0.08756650773185326, -1.9711701799665948, 3.6721916260462386, 2.554123971994951, 0.37813257729944194]]}