{"position": [[0.495157916335466, 0.07831501960754395, -0.8823550698714067], [0.20258308594018581, 0.07831501960754395, -4.5870797413213555]], "number_of_bots": 2, "bot_trajectory": [[0.07071289218483759, 0.021764092827009206, -2.8443887641149734, -0.8956359160499383, 2.2374444721834204, 0.5043764588729901], [0.04709135349044537, 0.025746803711978607, -3.1369635945102536, -4.600360587499887, 2.0433829965412738, 0.5227471705807828]]}