{"position": [[8.431874122033529, 5.558054447174072, 1.0424916783903573], [-0.3872600470472163, 5.558054447174072, -6.681145933081445], [7.089821039108349, 5.558054447174072, -1.0587916719497592], [8.802033556196825, 5.558054447174072, -2.2889968030559062], [4.105136512529878, 5.558054447174072, 2.2914014809913006], [-0.13204688959715494, 5.558054447174072, -4.868515100998401], [9.453708385468632, 5.558054447174072, 1.2703552796793547], [2.9617485375958674, 5.558054447174072, -5.9248032879692065], [6.08380455892523, 5.558054447174072, -1.5703271895437998], [1.7972226628391965, 5.558054447174072, -5.076378784718464], [2.4598034020486783, 5.558054447174072, -3.182376115513328], [7.546753821788015, 5.558054447174072, -2.3706791814249115], [3.4583416228276302, 5.558054447174072, -4.4054390421840415], [5.093729432862414, 5.558054447174072, -1.2215060632261054], [5.023590266705389, 5.558054447174072, 1.639871784166158]], "number_of_bots": 15, "bot_trajectory": [[0.06958211859810381, 0.05823927049313402, 3.9162538904051103, 3.4675757924650643, 2.638170679471201, 0.282983540660809], [0.04220681894471538, 0.002409840250119999, -4.902880278675634, -4.256061819006738, 2.4587936873989396, 0.46557100794228606], [0.05135819546595164, 0.04134107289033019, 2.5742008074799316, 1.3662924421249478, 0.427791751607721, 0.2654088848329598], [0.0350982754906519, 0.03614109001001351, 4.286413324568407, 0.136087311018801, 1.7483992255717127, 0.4326956598163426], [0.004645638057393908, 0.04518372105690728, -0.41048371909854, 4.716485595066008, 1.9264419469234813, 0.3901213188276083], [0.05710307954271841, 0.08995770779295159, -4.647667121225573, -2.4434309869236936, 1.0554763276903598, 0.5060694223070314], [0.05021714615415135, 0.04399213233656274, 4.938088153840214, 3.6954393937540617, 0.37704721229779675, 0.33504022310431547], [0.07388433757326514, 0.009303816863101999, -1.5538716940325503, -3.4997191738945, 0.5756518446592082, 0.3913664347061135], [0.09072830100709048, 0.060130956683204694, 1.5681843272968121, 0.8547569245309072, 1.0218882555211226, 0.44568261164704637], [0.062253857297989754, 0.010573390594545751, -2.7183975687892215, -2.6512946706437566, 2.008058028584431, 0.3217240023048547], [0.058639463647509125, 0.025737115027114798, -2.0558168295797397, -0.7572920014386209, 0.5893498459333913, 0.3326811917736866], [0.04283424420866404, 0.019207468099852743, 3.0311335901595973, 0.05440493264979529, 0.5535885872209712, 0.34256394187502137], [0.01231861287699445, 0.0012592880990718535, -1.057278608800788, -1.9803549281093347, 2.033533167506922, 0.3348379911648233], [0.0504459103327497, 0.05860272959960798, 0.5781092012339961, 1.2035780508486016, 1.93230276086213, 0.43343087415953685], [0.08992277720283341, 0.033520783339243534, 0.5079700350769711, 4.064955898240865, 2.543139284959113, 0.43197045550878543]]}