{"position": [[-6.655947208404541, -3.0351719856262207, 3.1300930976867676], [-8.655946731567383, -3.0351719856262207, -2.8699069023132324], [-13.155946731567383, 0.4648280143737793, 3.6300930976867676], [-13.155946731567383, -3.0351719856262207, -5.619906902313232], [-12.655946731567383, -3.0351719856262207, -2.8699069023132324], [-11.655946731567383, 0.4648280143737793, -3.3699069023132324]], "number_of_bots": 2, "bot_trajectory": [[0.064552855580196, 0.0713001931224386, -6.655947208404541, 3.1300930976867676, 2.139155000943972, 0.2853462314093441], [0.05265835042143961, 0.029226928894042936, -8.655946731567383, -2.8699069023132324, 0.47063279224872884, 0.49062165223687493]]}