{"position": [[8.259410294532543, -3.2899491786956787, 11.06262350245358], [9.439675227323356, -3.2899491786956787, 4.954533618163778], [4.087085019583636, -3.2899491786956787, 10.509028045158413], [8.5043104130933, -3.2899491786956787, 6.483416523413446], [9.827814514707129, -3.2899491786956787, 7.839292191664056], [0.8403058493714521, -3.2899491786956787, 10.237687286130498], [1.6128224640348372, -3.2899491786956787, 4.346608648267146], [0.6667968182334434, -3.2899491786956787, 2.88940484404705], [8.929065935654277, -3.2899491786956787, 2.057852119917306]], "number_of_bots": 9, "bot_trajectory": [[0.07126376256563736, 0.03522479891076073, 3.3690919008252673, 4.587418081005826, 1.419594494875897, 0.44444716573851517], [0.03080964818793467, 0.06801696883128133, 4.5493568336160815, -1.520671803283976, 0.5740597437680264, 0.4142244342936585], [0.01703564969171508, 0.0398859959306769, -0.8032333741236397, 4.03382262371066, 1.8250220157458628, 0.46391026708927496], [0.03132453381705128, 0.008025522903858173, 3.613992019386024, 0.008211101965691636, 2.7355332204581657, 0.426980522221437], [0.06515330986399256, 0.06666350866764434, 4.937496120999853, 1.3640867702163018, 2.2679810176537494, 0.30092925256143166], [0.09069920109628388, 0.08355327260135748, -4.050012544335823, 3.7624818646827443, 0.5566189369632892, 0.3508323807295708], [0.09454593119265028, 0.06735782393503666, -3.277495929672438, -2.1285967731806075, 2.111325946304528, 0.5033985217162765], [0.07635235176465616, 0.060383802359650754, -4.223521575473832, -3.585800577400704, 0.6714614535861172, 0.427250428647324], [0.05628983713072351, 0.023186056377986052, 4.038747541947002, -4.417353301530448, 1.9280254117534565, 0.28765496344447483]]}