{"position": [[-2.1833263617721785, -2.574413299560547, 10.22272996701767], [-4.408666816392305, -2.574413299560547, 4.481615234358026], [0.1005977421054065, -2.574413299560547, 1.779087257933896], [-4.333158580981056, -2.574413299560547, 1.3598832563579233], [-3.8812202488977317, -2.574413299560547, 9.83202092861561], [2.052820609000308, -2.574413299560547, 0.9881308555213195]], "number_of_bots": 6, "bot_trajectory": [[0.053458296198184686, 0.03520933648138893, -1.060417292710899, 4.356390283484956, 2.1017032693578868, 0.3831409131745855], [0.09768950911477622, 0.011932297605472353, -3.285757747331026, -1.384724449174689, 0.3745035240485748, 0.5080640559200956], [0.058846340487440585, 0.02463253799543146, 1.2235068111666858, -4.087252425598819, 0.41265600164841837, 0.38624443386950624], [0.016389521042054777, 0.055027745042236474, -3.210249511919777, -4.506456427174792, 0.1074386667787579, 0.4837600634548447], [0.001576547964760866, 0.003444747216399313, -2.7583111798364524, 3.965681245082895, 2.603087359648721, 0.30238882680504664], [0.010771926460670234, 0.04844974702671301, 3.1757296780615873, -4.878208828011395, 2.7170478697035447, 0.4460505283220166]]}