{"position": [[-1.8721505695231757, 2.2845609188079834, 5.678458535315071], [7.258484892057712, 2.2845609188079834, 9.41476401871933], [7.254203480720907, 2.2845609188079834, 5.923455456748007], [1.3293972775623992, 2.2845609188079834, 7.611490811931967], [1.513591900664197, 2.2845609188079834, 5.476071468704314], [2.2927486611519927, 2.2845609188079834, 6.893959093289713], [3.9613687276142437, 2.2845609188079834, 8.119716772103947], [1.1503955525020366, 2.2845609188079834, 12.831087616831574]], "number_of_bots": 8, "bot_trajectory": [[0.06055412238807638, 0.0499905443101325, -4.812262206638654, -2.615399039147819, 1.825247126277409, 0.3560302007769228], [0.0797483370291341, 0.049552632117827934, 4.318373254942234, 1.1209064442564387, 3.047338292148732, 0.40601210981967517], [0.048283255833498205, 0.09669343277098649, 4.3140918436054285, -2.3704021177148835, 0.18203334445291994, 0.45679450469663374], [0.04386553294377504, 0.01727667000405373, -1.6107143595530793, -0.6823667625309238, 0.7457063853513238, 0.3109392937080234], [0.046095458663655955, 0.029089045431165993, -1.4265197364512816, -2.8177861057585774, 2.7705025002177393, 0.4099335356393695], [0.030817490418191228, 0.04117020517604629, -0.6473629759634858, -1.3998984811731785, 2.020261827525567, 0.30159041915856916], [0.02512155350755583, 0.03656088439795043, 1.021257090498765, -0.17414080235894303, 0.06639429870221, 0.4561672424994945], [0.09334406852675761, 0.08222181016479635, -1.789716084613442, 4.537230042368683, 3.0305313494269903, 0.34766393663186984]]}