{"position": [[-0.9294684798062145, -0.4190055727958679, 3.224117809676872], [-0.5027990246007528, -0.4190055727958679, -5.999554136980944], [-5.249799737048344, -0.4190055727958679, -4.7976634546772345], [-0.17614573981234427, -0.4190055727958679, -4.985330394517358], [-3.2826184396263023, -0.4190055727958679, -0.8513996478102148], [3.4555201650823584, -0.4190055727958679, -3.915129958736866], [1.268022421844506, -0.4190055727958679, 2.3644422176050455], [3.0354826271342508, -0.4190055727958679, 3.1409059999144553], [-1.9546218256534351, -0.4190055727958679, 2.790217917958561], [-1.6853874131062994, -0.4190055727958679, -0.0231565889916574], [-2.190484424565261, -0.4190055727958679, -4.59972523250836], [2.0903031394070983, -0.4190055727958679, -3.951481859349688]], "number_of_bots": 12, "bot_trajectory": [[0.017153491890255092, 0.0910601140132791, -0.3624656469166576, 4.903040582084404, 2.285425214803327, 0.4082930466004856], [0.09040714791401491, 0.05236333734314004, 0.06420380828880412, -4.320631364573412, 1.0560836895412202, 0.3735797317730178], [0.009149059967399453, 0.05439768458326304, -4.682796904158787, -3.118740682269703, 2.5623416204213467, 0.29940449969594357], [0.070547304238578, 0.0040035238101602585, 0.3908570930772126, -3.306407622109826, 0.8914558057581523, 0.29295482452550775], [0.05998813533502918, 0.028198745866646623, -2.7156156067367454, 0.8275231245973169, 3.0648459310576768, 0.45114184965447696], [0.08281415969097627, 0.012141251613141413, 4.022522997971915, -2.2362071863293345, 0.5521228851761197, 0.3684735651343655], [0.04577819145999366, 0.014359797988975586, 1.8350252547340629, 4.043364990012577, 2.731126673821694, 0.3026427387864133], [0.0593366821716662, 0.08937882918485644, 3.6024854600238077, 4.819828772321987, 2.9098036106134173, 0.28231020889180264], [0.08320814457712859, 0.04506142818362959, -1.3876189927638782, 4.469140690366093, 1.5781253100431927, 0.48598416171598635], [0.018852561252980404, 0.09068376214820803, -1.1183845802167425, 1.6557661834158743, 3.0365552553509207, 0.43268232147297836], [0.004753474361635912, 0.0700709474707151, -1.623481591675704, -2.9208024601008287, 2.4383349163705077, 0.3154434520934319], [0.06717835753071072, 0.05043060753811905, 2.657305972296655, -2.2725590869421564, 0.5196826439151465, 0.4421488347987532]]}