{"position": [[9.613094465158898, 0.13964149355888367, 4.640147078238726], [1.5881913347151873, 0.13964149355888367, 3.790557636363672], [9.529553456259112, 0.13964149355888367, 4.419377586925176], [10.204764680475567, 0.13964149355888367, -4.080350164731346], [5.628669394538822, 0.13964149355888367, -2.1645403004387993], [7.110973679651126, 0.13964149355888367, 4.197413996709807], [8.570577196205457, 0.13964149355888367, 1.609723201231516], [10.42596981066025, 0.13964149355888367, 5.278310729348326], [1.5604914722177359, 0.13964149355888367, 4.038665372242533], [10.142532025618028, 0.13964149355888367, -0.370669462768733], [5.4506221203596175, 0.13964149355888367, 4.198299985606349], [9.607891870544705, 0.13964149355888367, 4.081825815274795], [5.167034305923256, 0.13964149355888367, -0.7566454802939522], [3.889336664819675, 0.13964149355888367, 3.094867696600854], [9.004731224264685, 0.13964149355888367, 3.400469452406176], [4.265997257443793, 0.13964149355888367, -3.377419087478482], [9.91755428192532, 0.13964149355888367, 4.733977936873851], [6.41129768410764, 0.13964149355888367, 1.1759076250833271]], "number_of_bots": 18, "bot_trajectory": [[0.014982555393744778, 0.026769321703719696, 3.7036854189858017, 4.171152579985858, 2.46507634077707, 0.35072544844704195], [0.06743896816686287, 0.05703457812564801, -4.3212177114579085, 3.3215631381108035, 0.8929441941832497, 0.27201257335392454], [0.07343877008046228, 0.05058102737818119, 3.620144410086017, 3.950383088672307, 0.3290058048148678, 0.43402470909337587], [0.007543553751960719, 0.06962284312770362, 4.29535563430247, -4.549344662984215, 2.0664321870091302, 0.3796627069448984], [0.0463440056737776, 0.009978787141159295, -0.28073965163427306, -2.633534798691668, 0.4568511717468751, 0.26439029047826396], [0.05025128269228617, 0.08596947040997635, 1.2015646334780306, 3.7284194984569385, 0.558993228346652, 0.3403640809333939], [0.09550777841376001, 0.021391406883267915, 2.6611681500323616, 1.1407287029786473, 2.5322472450047, 0.2729562647620535], [0.07066183127443125, 0.047090874261009066, 4.516560764487155, 4.809316231095457, 2.3405570411756953, 0.4011250542439159], [0.09746419545960731, 0.033245904990782296, -4.34891757395536, 3.569670873989664, 1.0827102267304918, 0.47605142795517397], [0.0998811068233936, 0.09993591489036288, 4.233122979444933, -0.8396639610216017, 0.13286749010826218, 0.29573785042274825], [0.03276757721996091, 0.08260681875463165, -0.458786925813478, 3.7293054873534803, 1.0590615911877053, 0.513673404919214], [0.038103879902658996, 0.06220179769242046, 3.6984828243716104, 3.612831317021926, 2.6899746784825886, 0.2727905867428176], [0.06935745996539074, 0.06814982661382284, -0.7423747402498404, -1.2256399785468208, 2.5150107070188956, 0.3549308389357802], [0.00046213988836417695, 0.07898110332986495, -2.0200723813534207, 2.6258731983479855, 0.08940242512370418, 0.5026333736381433], [0.001111484259438167, 0.025066171186663922, 3.09532217809159, 2.931474954153307, 0.5546797219763642, 0.32738210007239965], [0.030226690756456898, 0.03818064952368385, -1.6434117887293032, -3.8464135857313506, 0.8832870384865835, 0.49281696410942744], [0.07851672925866143, 0.023780616302083092, 4.008145235752224, 4.264983438620982, 3.0703036512568693, 0.30259071074720656], [0.030887012364618927, 0.03928382186349207, 0.5018886379345444, 0.7069131268304585, 1.0046672256769584, 0.3619740515304859]]}