{"position": [[-5.574507291548945, 3.1025848388671875, -7.094460158959767], [-9.985955607786412, 3.1025848388671875, -5.5901135874979975], [-4.213519951190728, 3.1025848388671875, -9.91360081739149], [-3.9548522330017937, 3.1025848388671875, -4.982099402159288], [-11.631384314399112, 3.1025848388671875, -11.86861283074844], [-8.997044786692303, 3.1025848388671875, -6.84733518336], [-3.497744872737182, 3.1025848388671875, -8.66128877744713], [-4.911063264024772, 3.1025848388671875, -6.122504314878022], [-6.599350301960827, 3.1025848388671875, -9.1490359308327], [-6.406760116298962, 3.1025848388671875, -3.2160117711669045], [-7.87977596603073, 3.1025848388671875, -10.61420856788376], [-5.897345816441685, 3.1025848388671875, -9.179950602792665]], "number_of_bots": 12, "bot_trajectory": [[0.0992567688290347, 0.08714451355416895, 1.6173805639808403, 0.31229910312519427, 2.411565460000176, 0.3691237746250819], [0.06863381872530305, 0.04908453080378992, -2.794067752256627, 1.816645674586963, 2.1410895925850353, 0.4576463200689983], [0.021685270493934837, 0.03060648060159917, 2.9783679043390574, -2.50684155530653, 0.12923364830505735, 0.35975311108625774], [0.00236121904981762, 0.07806250421016485, 3.2370356225279915, 2.424659859925673, 1.2467916403695105, 0.46019631223392654], [0.0236714490044476, 0.050776748638961124, -4.439496458869327, -4.461853568663478, 0.038548722234683745, 0.3322168404808979], [0.003756884781295766, 0.0464183565381542, -1.805156931162517, 0.5594240787249605, 1.5746333001901083, 0.44095840212913895], [0.08575016191590133, 0.06084069027253799, 3.694142982792603, -1.2545295153621694, 2.763379601979574, 0.31906585936753823], [0.06633079976757007, 0.05569578987741407, 2.280824591505013, 1.2842549472069398, 2.208038073415443, 0.4456797634992279], [0.0489358327585089, 0.053911739746871336, 0.5925375535689581, -1.7422766687477376, 1.7412806837180166, 0.47205709015993813], [0.029675120733096683, 0.04103753118731164, 0.7851277392308231, 4.190747490918056, 1.5281452995696123, 0.2710157202425022], [0.07406648311173224, 0.067960805959522, -0.6878881105009449, -3.2074493057987983, 0.3771126266063631, 0.47922682574208914], [0.017517118573485126, 0.008622195990106774, 1.2945420390881002, -1.773191340707705, 1.2088334771608027, 0.4561195868401758]]}