{"position": [[4.459611305656971, -2.9866573810577393, 3.429900755242702], [-0.6255472124075765, -2.9866573810577393, 4.283612236572951], [6.7214119448506064, -2.9866573810577393, -2.537865810999196], [-1.5790741708481733, -2.9866573810577393, -2.144577588214086], [-2.2812459356173154, -2.9866573810577393, 1.917313696685359], [5.88532279486254, -2.9866573810577393, -1.5998198673334039], [5.782410897621229, -2.9866573810577393, 2.22196719981712], [2.4433113671110718, -2.9866573810577393, 4.852289061884569], [5.8546056626471765, -2.9866573810577393, 2.8212457030769382], [4.781037178838947, -2.9866573810577393, 1.1285345141805716], [1.9922780119258623, -2.9866573810577393, -2.418108357322307], [-0.2297513772561941, -2.9866573810577393, 3.578965785707391], [-2.2298458526555773, -2.9866573810577393, -3.012091898608835], [1.3203159314224213, -2.9866573810577393, -0.3872392511023124], [3.133441455198195, -2.9866573810577393, 6.012525759520079], [0.6576958618365671, -2.9866573810577393, 3.2795004469579148], [7.317944103291687, -2.9866573810577393, 2.1003454458348685], [3.559632603992222, -2.9866573810577393, 4.984056533181116]], "number_of_bots": 18, "bot_trajectory": [[0.09065834626250675, 0.00874669397877762, 1.9815543980031625, 1.7542910474103657, 0.7724814967727781, 0.3248052052069961], [0.08420060979924228, 0.07569714280632898, -3.103604120061385, 2.608002528740615, 2.324758031229158, 0.3654432149153165], [0.03414751788416146, 0.09019964309990985, 4.243355037196798, -4.213475518831532, 1.191513140299801, 0.2925534084830611], [0.040249136979962706, 0.09748709049457897, -4.057131078501982, -3.8201872960464223, 2.7896806939068606, 0.49713160118947153], [0.07531236338210799, 0.08333816197682359, -4.759302843271124, 0.24170398885302258, 2.6425223153329847, 0.28368046368069283], [0.0421329424628457, 0.040377644858275184, 3.407265887208731, -3.2754295751657403, 2.7994571188194506, 0.47615845219426955], [0.07553741828121098, 0.05146766065621604, 3.3043539899674212, 0.5463574919847836, 1.2549815008065444, 0.45293985179702756], [0.060631302861618074, 0.009045923572988935, -0.0347455405427366, 3.176679354052233, 2.8711310110170314, 0.3673955301599088], [0.08865544453470063, 0.07127184609634964, 3.376548754993368, 1.1456359952446016, 1.5238460967630638, 0.5137187016177032], [0.08543082084552842, 0.006424742506235126, 2.3029802711851377, -0.5470751936517648, 0.4606179791578894, 0.4188453358853518], [0.09548511520449308, 0.07505808761307291, -0.4857788957279463, -4.093718065154643, 3.0653588548951602, 0.5189280465538731], [0.08136661720052943, 0.002001392280011849, -2.7078082849100027, 1.9033560778750547, 0.06227230558489935, 0.2828890308727681], [0.08163874563755827, 0.03302295001257048, -4.707902760309386, -4.687701606441172, 1.4779024025181138, 0.3825440406218838], [0.03111225952290734, 0.0026173944606441403, -1.1577409762313873, -2.062848958934649, 1.6358899739689785, 0.4324520443613875], [0.07069150923478233, 0.009561040842488145, 0.6553845475443865, 4.3369160516877425, 0.31471691158846093, 0.3730609622039707], [0.06578262149944591, 0.08655227348462896, -1.8203610458172415, 1.6038907391255786, 2.2847186961197883, 0.3500687226885193], [0.08664848011391015, 0.06851506554545075, 4.839887195637878, 0.42473573800253184, 1.8867160201312965, 0.4891639887165956], [0.040846543543463155, 0.04348018917323978, 1.0815756963384138, 3.3084468253487795, 1.733828462560329, 0.31802373494542757]]}