{"position": [[7.002301352933303, 0.062085628509521484, -7.928703582137565], [4.90770795458032, 0.062085628509521484, -3.222939264823241], [6.92024114017611, 0.062085628509521484, -6.522638241165978], [-2.596242349489228, 0.062085628509521484, -3.020589227135871], [5.027268705757964, 0.062085628509521484, -5.289680943848489], [0.9491604205240229, 0.062085628509521484, -6.590067894358975], [5.821772253796192, 0.062085628509521484, -7.012753162774898], [4.470460087016811, 0.062085628509521484, -2.831858444123829], [4.287344026743398, 0.062085628509521484, -4.577062288489081], [0.6682637144269572, 0.062085628509521484, -2.101870514794834], [6.259898208624844, 0.062085628509521484, -9.99489567070464], [4.801120970612721, 0.062085628509521484, -3.563621123672541], [0.1017918128016766, 0.062085628509521484, -3.3157590545871236], [1.504052721193871, 0.062085628509521484, -10.525065990926421], [3.3937849293303897, 0.062085628509521484, -2.2992568732720207], [4.576697818951197, 0.062085628509521484, -1.703942887618636], [2.5828297205583146, 0.062085628509521484, -9.882689090599936]], "number_of_bots": 17, "bot_trajectory": [[0.030197589826863113, 0.07714798624825132, 4.958001035169021, -1.6485836862025072, 2.9041979590274054, 0.5159304137040497], [0.03817032170629263, 0.07142083772893977, 2.8634076368160377, 3.0571806311118177, 0.2097916419393421, 0.4848155895400013], [0.0641790363871614, 0.07126176781896992, 4.8759408224118275, -0.24251834523091875, 0.1947934159084516, 0.3871566112184167], [0.07686331953917676, 0.06550118144759473, -4.64054266725351, 3.2595306687991874, 2.53150357842644, 0.41272574928570616], [0.05729813046813918, 0.017286385569675922, 2.982968387993682, 0.9904389520865697, 2.586120508297281, 0.38100931645316144], [0.001621309990831188, 0.052628469524976774, -1.0951398972402593, -0.3099479984239162, 0.21623362618014136, 0.5131334418515026], [0.0246615757481635, 0.002106192390469075, 3.77747193603191, -0.7326332668398394, 1.904327711741211, 0.45203200764268225], [0.01032825106960844, 0.06998923908862555, 2.4261597692525285, 3.44826145181123, 1.34978183380324, 0.4581461193969607], [0.06654609059308605, 0.06227692085193176, 2.2430437089791155, 1.703057607445977, 2.5101935922708187, 0.35165935781042873], [0.03810006066805481, 0.0370363236375704, -1.376036603337325, 4.178249381140224, 2.984637368479014, 0.43569141390642113], [0.054921452211966294, 0.035532259019492474, 4.215597890860562, -3.714775774769582, 0.8330290322170029, 0.27232823835549586], [0.0031067918547064365, 0.06515775626752907, 2.7568206528484387, 2.7164987722625176, 0.16873490849049153, 0.4729393694434605], [0.04669822665849686, 0.06893028536219259, -1.9425085049626056, 2.964360841347935, 1.9354115277452864, 0.3700353659737833], [0.08090938835878629, 0.00046570520317030796, -0.5402475965704112, -4.244946094991363, 1.6381992839355846, 0.2953998299173083], [0.06962855935476778, 0.06789747131167027, 1.3494846115661074, 3.980863022663038, 2.7770426382438953, 0.3596057184151472], [0.07413805926331977, 0.015627804849182626, 2.5323975011869146, 4.576177008316423, 0.08950642004972205, 0.5023544714621869], [0.030116824631913498, 0.0007849140611749017, 0.5385294027940324, -3.602569194664876, 1.049858025420371, 0.33806878583213723]]}