{"position": [[1.2318291509827561, 0.14406871795654297, -6.766856511504657], [1.0895061737338452, 0.14406871795654297, 1.390622603752254], [-2.141822643465111, 0.14406871795654297, 1.591806181447045], [3.5835845431747995, 0.14406871795654297, -1.4658512038474485], [-0.8879565615194751, 0.14406871795654297, -5.831400397071814], [0.7353332241998756, 0.14406871795654297, -5.144090209027929], [-2.9853421037107553, 0.14406871795654297, -5.660784706650844], [3.8002350785063026, 0.14406871795654297, 1.3233308671664812], [-3.0226755159707097, 0.14406871795654297, 0.996622175985947], [3.568500944340298, 0.14406871795654297, -6.298606288574739], [-3.466990905568564, 0.14406871795654297, -4.134312784460755], [-3.361183852858879, 0.14406871795654297, -1.464024450511358], [0.6131806392278949, 0.14406871795654297, -2.1016761585202897], [-4.129294283135163, 0.14406871795654297, -5.813258449922639], [-2.4151551825874, 0.14406871795654297, -3.7814920093343667], [-2.773251969753001, 0.14406871795654297, -5.874647259708502], [-1.0006694453421994, 0.14406871795654297, -4.238611898312854]], "number_of_bots": 17, "bot_trajectory": [[0.08522216357802599, 0.09648945070650944, 1.6627948725899644, -4.064203580291278, 0.5091109124921991, 0.5098529864414539], [0.03627030656105536, 0.093934266778711, 1.5204718953410534, 4.093275534965633, 1.309617341992396, 0.36452780320897965], [0.08442012357196674, 0.09400012191254553, -1.7108569218579028, 4.294459112660424, 0.865064320293104, 0.5113154459472387], [0.03803616268066161, 0.07036053780710241, 4.014550264782008, 1.2368017273659304, 0.05787369258641057, 0.30244316765175366], [0.08597510769061337, 0.07036210942300095, -0.45699083991226686, -3.1287474658584347, 2.601324577789216, 0.468679711996963], [0.03394589099316907, 0.014282965841076179, 1.1662989458070838, -2.4414372778145497, 2.885609674164715, 0.4915596673984681], [0.008953323266541403, 0.08517527008281325, -2.554376382103547, -2.9581317754374647, 2.6104590353852783, 0.4643360412987704], [0.08807046190988045, 0.061867594803574365, 4.231200800113511, 4.02598379837986, 2.482238968655933, 0.3869976230372466], [0.08117484841354247, 0.030040318394282128, -2.5917097943635015, 3.699275107199326, 2.430434118246109, 0.28034828502018433], [0.05859840474005142, 0.0294353651675777, 3.9994666659475064, -3.59595335736136, 2.6341347165413103, 0.5049682577902567], [0.0694170629992577, 0.016124972007206285, -3.036025183961356, -1.4316598532473757, 0.8892468970223338, 0.4989987951096125], [0.04991898608890889, 0.0775339885076631, -2.930218131251671, 1.238628480702021, 1.0477499089376305, 0.3351860222387297], [0.0031268483523231748, 0.04753874857917754, 1.0441463608351031, 0.6009767726930892, 2.8390593732064597, 0.2835576800824755], [0.0980945617597419, 0.026207569666596698, -3.698328561527955, -3.1106055187092596, 0.5403917782169328, 0.36263668566132645], [0.051933615924091805, 0.025986958854617426, -1.9841894609801913, -1.0788390781209878, 1.9639383542663962, 0.3073530559676846], [0.04015881111609663, 0.05418306720238717, -2.342286248145793, -3.1719943284951233, 2.898877651021049, 0.43378740142425964], [0.00815851578890917, 0.07849950607955358, -0.5697037237349911, -1.5359589670994755, 2.016452872745251, 0.3879891762241382]]}