{"position": [[-8.511675199558741, -3.2603909969329834, 2.226065795569798], [-2.595500922604999, -3.2603909969329834, 5.0744192832331985]], "number_of_bots": 2, "bot_trajectory": [[0.0217105460665037, 0.01657786554583033, -1.1561253872418475, -0.2027586291738548, 3.042508459492826, 0.3437937704921575], [0.09495526409768917, 0.06802446775321495, 4.7600488897118955, 2.645594858489546, 2.013271508971766, 0.519760448924004]]}