{"position": [[8.664143356716757, 0.039431750774383545, 10.111629826510978], [9.84398266194895, 0.039431750774383545, 9.961210614173043], [8.088671107100573, 0.039431750774383545, 0.9866677416859329], [7.083965579695673, 0.039431750774383545, 7.778213241611795], [4.721418698412965, 0.039431750774383545, 5.080673270694621], [4.959888235028675, 0.039431750774383545, 6.576973593329948], [10.151098760744391, 0.039431750774383545, 5.636645555319225], [11.54665773119124, 0.039431750774383545, 1.3825881278856125], [11.916075220442801, 0.039431750774383545, 3.95106508454999], [13.025185331626622, 0.039431750774383545, 4.65155887874268], [12.418275260082005, 0.039431750774383545, 6.549156111706582]], "number_of_bots": 11, "bot_trajectory": [[0.08254690773414197, 0.013844033211768404, -0.25577088888871224, 4.228256089175772, 1.1023413002297737, 0.47960076079858754], [0.03602790770753446, 0.06534819205306484, 0.9240684163434798, 4.0778368768378375, 1.9201898776631827, 0.3772003834240318], [0.04026115745277929, 0.03770537968451128, -0.8312431385048957, -4.896705995649272, 0.8466087770729467, 0.32536887507227225], [0.05193882172193629, 0.009050389767427813, -1.8359486659097957, 1.8948395042765898, 1.7340975295105054, 0.26430707953001104], [0.05595573415234319, 0.06856359826004996, -4.198495547192504, -0.8027004666405835, 3.035792518914505, 0.3541127141946754], [0.08830760880760982, 0.02219880561050088, -3.9600260105767937, 0.693599855994742, 0.9741941180057614, 0.5043408815124888], [0.024665570051559848, 0.09564933856035016, 1.2311845151389222, -0.24672818201598057, 1.163277267158823, 0.38138331704939044], [0.02818966123592036, 0.04973340036059951, 2.626743485585772, -4.500785609449593, 2.7666605632223042, 0.3003319932558197], [0.007768734832277147, 0.047437168019479906, 2.996160974837332, -1.9323086527852151, 1.4415375277864315, 0.27686013528436365], [0.08425779793035001, 0.05530588863599738, 4.105271086021153, -1.2318148585925248, 0.35978270497685627, 0.44042878216895426], [0.09350003342829238, 0.029356097676942715, 3.4983610144765365, 0.6657823743713764, 2.283824552282095, 0.36185676320829185]]}