{"position": [[-1.78318285572069, 2.9998793601989746, 0.5612007802563874], [-3.8772248550661614, 2.9998793601989746, -1.7444212777353578], [-4.36110873513053, 2.9998793601989746, 1.1280125711954343], [-1.328853222543243, 2.9998793601989746, -1.9319350095312817], [-8.633828843884093, 2.9998793601989746, -1.5310266890756057], [-5.282069426443333, 2.9998793601989746, 2.823656161753952], [-6.927919173308455, 2.9998793601989746, 0.23480782676289125], [-6.272655177055348, 2.9998793601989746, -2.1112907004667116], [-9.612037242641382, 2.9998793601989746, -1.4073372044406578], [-10.424893707798017, 2.9998793601989746, -0.36380787758883026], [-4.843091204320463, 2.9998793601989746, -3.9777982624601016], [-1.238447087724337, 2.9998793601989746, 0.4165428133297884], [-3.3918847505106866, 2.9998793601989746, 1.8507824817174852], [-8.82716845872159, 2.9998793601989746, -0.7894225276869387], [-5.175684158233031, 2.9998793601989746, 3.7177129243229228]], "number_of_bots": 15, "bot_trajectory": [[0.01324691796549592, 0.043779683362468645, 3.8412878550337046, -0.12756116928279715, 1.9827364823873834, 0.43100142121781737], [0.06196265617777004, 0.02548574159841984, 1.747245855688233, -2.4331832272745424, 2.0755796083925544, 0.3180075759484303], [0.05321348072223638, 0.011644526780317233, 1.2633619756238645, 0.43925062165624973, 2.6075596045281215, 0.3941460897605823], [0.011678114090009151, 0.0022092960243785932, 4.2956174882111515, -2.6206969590704663, 2.8141204700214146, 0.5062405912275973], [0.03495262305608361, 0.02018966995627458, -3.0093581331296972, -2.2197886386147903, 1.925771793329411, 0.26406528481393077], [0.039332659442990005, 0.03506809075038999, 0.3424012843110613, 2.1348942122147676, 1.2112446034364932, 0.3423308848006066], [0.05461042798646487, 0.03262607844503442, -1.3034484625540599, -0.4539541227762933, 0.2255555827751603, 0.48781420894944816], [0.03002631899208995, 0.018412704614170237, -0.6481844663009528, -2.800052650005896, 0.0680251438089249, 0.31437360152040517], [0.01626284280280347, 0.0310283381675176, -3.987566531886987, -2.0960991539798424, 1.0054727824439889, 0.5063303377285493], [0.06317447890857411, 0.026429180171219722, -4.800422997043622, -1.0525698271280148, 0.17097434573617046, 0.3007826654301045], [0.02526855489549703, 0.03251231841852718, 0.7813795064339313, -4.666560211999286, 0.9176494025094929, 0.37544447788658325], [0.001659118295742401, 0.09538127157292972, 4.3860236230300575, -0.2722191362093962, 2.3881725558803395, 0.4556287074537515], [0.08442426193729904, 0.08112340036471911, 2.232585960243708, 1.1620205321783006, 0.4723978832164574, 0.45450241416259596], [0.07330925314675542, 0.07016897748063369, -3.202697747967196, -1.4781844772261232, 2.5510183624510665, 0.36060977796871746], [0.03922156578532045, 0.005497477817642449, 0.4487865525213641, 3.028950974783738, 2.404928706182836, 0.31625852555630707]]}