{"position": [[-0.5372325797802731, 0.14989328384399414, 5.707313687301187]], "number_of_bots": 1, "bot_trajectory": [[0.03167334569341199, 0.08530779823708126, -4.092509450507812, 1.7546223706965725, 0.9064673121058542, 0.4448088269882427]]}