{"position": [[20.62993780697645, 0.11108890175819397, 6.782331537648047], [15.811620929675303, 0.11108890175819397, -2.2743232857690048], [20.901527134905137, 0.11108890175819397, -1.9809817278268875], [19.32341666253088, 0.11108890175819397, 6.2366700861777185], [16.484906593838883, 0.11108890175819397, 0.6092747608288291], [14.245764818422664, 0.11108890175819397, 0.2300880197608941], [17.07589369195589, 0.11108890175819397, 0.317616142763006], [16.611039224078375, 0.11108890175819397, 3.57386180191507], [15.385190234469363, 0.11108890175819397, 2.857993262329231]], "number_of_bots": 9, "bot_trajectory": [[0.06142825636544447, 0.09531492176738023, 2.854037919891488, 4.946010898991431, 0.782421827688394, 0.5036853811790826], [0.09698937362900781, 0.03200109694703478, -1.9642789574096575, -4.110643924425621, 2.3409204041482927, 0.4742637241656075], [0.05978479588185999, 0.0818112003446351, 3.1256272478201765, -3.8173023664835037, 1.4801350450051778, 0.49727414890648985], [0.008415296884511947, 0.08363120611248474, 1.5475167754459207, 4.400349447521102, 0.7763507897176394, 0.38006264136964457], [0.05275807118082768, 0.03603491406795063, -1.29099329324608, -1.227045877827787, 1.6992470131066608, 0.27088171742267464], [0.06319301201597508, 0.014721083583117611, -3.5301350686622976, -1.606232618895722, 2.75320542334962, 0.460948619927753], [0.07117376604766348, 0.036416699886597646, -0.7000061951290704, -1.5187044958936102, 2.329314486461784, 0.39579759156403205], [0.0034735214850454056, 0.06954909245498313, -1.164860663006585, 1.7375411632584536, 1.0635592910860148, 0.29189410196934323], [0.05219288373058856, 0.07074787880292326, -2.390709652615599, 1.0216726236726148, 2.7308739726944373, 0.35052675010169276]]}