{"position": [[-0.4885958139444373, 0.149213969707489, -6.429534447639093], [1.756714709035055, 0.149213969707489, -8.414120641605], [1.2463661004342392, 0.149213969707489, -3.1899002438520236], [-0.9221945264322313, 0.149213969707489, -12.132388268616547], [3.4688535876706625, 0.149213969707489, -2.793334417935675]], "number_of_bots": 5, "bot_trajectory": [[0.007713048826839685, 0.04986194505960463, -4.208562702372172, 1.1734843130420591, 2.1288835973759443, 0.45497570170193075], [0.093936968884528, 0.04893032985334027, -1.9632521793926794, -0.8111018809238479, 2.0659120284695573, 0.37166089008786307], [0.07853637025473696, 0.09487456164220759, -2.473600787993495, 4.413118516829129, 3.0892724263601576, 0.39420932039013357], [0.02698340289801706, 0.05509771684639451, -4.642161414859966, -4.529369507935394, 2.1735707654409993, 0.4109843443452348], [0.05192022205526383, 0.028730616104107497, -0.25111330075707206, 4.809684342745477, 1.4718133947992684, 0.28127455060068973]]}