{"position": [[8.80926696548801, -3.258340835571289, 3.434171321296697], [4.031769021752932, -3.258340835571289, 2.688453332843089], [4.492397091152458, -3.258340835571289, 4.054244547396792], [11.207810355652079, -3.258340835571289, 7.811308977075674], [5.955450743039046, -3.258340835571289, 6.370772006989551], [9.661099341055616, -3.258340835571289, 4.002291178842948], [8.434788862069905, -3.258340835571289, 7.532820070180468], [9.933922251102581, -3.258340835571289, 6.8181940062428845], [3.583966769140291, -3.258340835571289, 1.958357652053818], [11.464092306144037, -3.258340835571289, 4.466682571653571], [13.171364259128108, -3.258340835571289, 2.465356285971094], [3.570789278298915, -3.258340835571289, 5.628901484682089], [10.562198371232842, -3.258340835571289, 2.4427913643806676], [4.741383966811044, -3.258340835571289, 3.5927637354656836], [9.8933296500717, -3.258340835571289, 6.600704506893221]], "number_of_bots": 15, "bot_trajectory": [[0.040848249322495776, 0.07092536162177625, 0.3336190391574445, -0.8090347028732248, 3.108811946437014, 0.3627688236643903], [0.05120625567583993, 0.013236704133726662, -4.443878904577635, -1.5547526913268328, 0.08271331453964066, 0.4146510400632756], [0.07326784822503093, 0.08558845762065051, -3.983250835178108, -0.1889614767731307, 1.308997385123363, 0.4188466522605462], [0.023792511809154482, 0.044961889450301516, 2.732162429321513, 3.5681029529057517, 2.916888687055927, 0.41312461767199155], [0.08513804747690099, 0.0793271515986543, -2.52019718329152, 2.127565982819629, 2.318880655492975, 0.4037546580770006], [0.011151524438102378, 0.014170230600287903, 1.1854514147250494, -0.24091484532697383, 0.753499029842004, 0.2999888902639754], [0.0028225496382010664, 0.021168462165649816, -0.04085906426066099, 3.289614046010546, 0.1312046855737983, 0.33693632704277215], [0.0910392535449275, 0.05370495242767859, 1.4582743247720154, 2.5749879820729626, 1.9568633037998064, 0.46194497763126674], [0.09517058813816914, 0.0022210837127180304, -4.891681157190275, -2.284848372116104, 2.5574684081933734, 0.31539159292172425], [0.09453766340027227, 0.052622964168862044, 2.9884443798134708, 0.22347654748364976, 2.4509559585079606, 0.26963348103059404], [0.05260793660165501, 0.03566166219360173, 4.695716332797542, -1.7778497381988279, 0.12864519610674163, 0.44458099952179575], [0.08522297396663497, 0.020301622650062988, -4.904858648031651, 1.3856954605121674, 2.360016074607165, 0.4391161669976], [0.09718517244088098, 0.0095747851194793, 2.0865504449022767, -1.8004146597892545, 1.586583509479219, 0.5207890608424302], [0.0447817896184106, 0.04553731472327417, -3.734263959519523, -0.6504422887042383, 1.247919451363006, 0.37644250692206255], [0.088623243925229, 0.044787610569173374, 1.417681723741132, 2.357498482723299, 2.2119352635837486, 0.39215683861189377]]}