{"position": [[-2.446129184104405, 0.4192799925804138, 2.8370808931125535], [-1.3800809134037881, 0.4192799925804138, -2.408606483228276]], "number_of_bots": 2, "bot_trajectory": [[0.00787409619879802, 0.08665674909072461, -3.2510574868692976, 2.7305140467418565, 1.3658078505818931, 0.38069311577104004], [0.0017280868449509712, 0.09192557888074462, -2.1850092161686807, -2.515173329598973, 1.7523708043623965, 0.39692608837621157]]}