{"position": [[6.46077379659005, 0.20445255935192108, 11.18365717018699], [11.873318552041118, 0.20445255935192108, 10.265008924202043], [9.337051875552017, 0.20445255935192108, 15.632052954589778], [13.072596763158696, 0.20445255935192108, 14.691030384682271], [11.252004194451764, 0.20445255935192108, 13.876499126195544], [13.021793505831987, 0.20445255935192108, 6.887598525254393], [10.204338288847685, 0.20445255935192108, 8.583467366653094]], "number_of_bots": 7, "bot_trajectory": [[0.06017758490624079, 0.03274538565550498, -2.4479338221233293, -0.39989232932472807, 2.860276172641982, 0.2950478377906788], [0.06413620932270771, 0.051627801643098624, 2.964610933327739, -1.3185405753096768, 0.5141106165737072, 0.449845593692602], [0.06252632889523627, 0.01575209596235483, 0.42834425683863864, 4.04850345507806, 0.6320370347353863, 0.5124846409297299], [0.001397972053731933, 0.03902555687586434, 4.163889144445316, 3.1074808851705527, 1.5378647158521541, 0.39784134735027826], [0.06961625156000327, 0.07158501419932452, 2.343296575738385, 2.2929496266838245, 0.9174415686291569, 0.5203131704801767], [0.04971593793172528, 0.051399001760055185, 4.113085887118607, -4.695950974257325, 1.606190855314834, 0.2800394670242664], [0.04825588406524258, 0.0074885134569883105, 1.2956306701343068, -3.0000821328586245, 1.1794463319937245, 0.5100069000576841]]}