{"position": [[9.976582379720748, 0.012623250484466553, -9.565880511821376], [8.703266607922721, 0.012623250484466553, -6.225707102855441], [9.616262734302657, 0.012623250484466553, -6.269569581902869], [6.188667678872228, 0.012623250484466553, -7.309282137630257], [6.886819610068544, 0.012623250484466553, -1.9404747717633666], [13.369817076425676, 0.012623250484466553, -8.205748865642718], [6.960611423958792, 0.012623250484466553, -4.198330864352538], [11.815190994497094, 0.012623250484466553, -3.327662721561492], [11.410276584738208, 0.012623250484466553, -6.784295878580746], [8.257570687907354, 0.012623250484466553, -1.6341145313669805], [5.091712065636354, 0.012623250484466553, -5.504882501056928], [9.276980792973946, 0.012623250484466553, -2.0969378848490976], [6.352182020196859, 0.012623250484466553, -4.269266622479461], [11.617311797848298, 0.012623250484466553, -10.100886096764185], [8.62895782611006, 0.012623250484466553, -4.322712028460193], [13.977042943149097, 0.012623250484466553, -1.1911180967720618]], "number_of_bots": 16, "bot_trajectory": [[0.06146303438305313, 0.061046722860647176, 0.8609446004849086, -4.358629439891444, 2.48125275245669, 0.4889676394243845], [0.058325744437831416, 0.09210940453494246, -0.4123711713131195, -1.0184560309255097, 0.670592475311017, 0.3456180602694193], [0.005747074614047498, 0.046056972855039735, 0.5006249550668163, -1.062318509972937, 0.34666041785843316, 0.4274992766168925], [0.03844573684909042, 0.052134998285800184, -2.9269701003636115, -2.102031065700325, 1.9947350832936044, 0.5103088513443046], [0.09717960929399735, 0.03749138922632529, -2.2288181691672957, 3.266776300166565, 0.9536160660249574, 0.44462385886137645], [0.038612347570559105, 0.012372054960187295, 4.254179297189836, -2.9984977937127875, 1.0397115170179596, 0.4053637767548153], [0.09280166381244982, 0.0646809787241916, -2.1550263552770477, 1.0089202075773929, 0.037678892677142896, 0.31937888040618523], [0.09471519574103668, 0.028968932849332173, 2.699553215261253, 1.8795883503684396, 1.4531491957895126, 0.44055134770262155], [0.06954680363102926, 0.030511316033610902, 2.294638805502368, -1.5770448066508147, 2.9295411017167634, 0.3922408998159952], [0.0545256081967187, 0.04514482097858545, -0.858067091328486, 3.573136540562951, 1.0665792992011767, 0.380455311982641], [0.08529835820990699, 0.015490267420587855, -4.0239257135994855, -0.2976314291269966, 0.39440083910424356, 0.4565602042634711], [0.09998471274354985, 0.06254677381049756, 0.16134301373810667, 3.110313187080834, 1.0206385825810305, 0.49996463171480954], [0.02990031274255911, 0.05817501988873471, -2.7634557590389806, 0.9379844494504708, 2.986388471898372, 0.35400225325830864], [0.08607745559308724, 0.04869046736187418, 2.5016740186124595, -4.893635024834254, 0.5285137194773367, 0.5176452800834683], [0.024886177280327104, 0.09426418348695018, -0.4866799531257793, 0.8845390434697387, 1.9786863539467272, 0.28319974406289583], [0.07221083003300885, 0.03652247563161086, 4.8614051639132585, 4.01613297515787, 2.5478788860510275, 0.3740648985548999]]}