{"position": [[0.1347798575119148, -2.600538492202759, -1.2766230511291177], [0.36863066192919547, -2.600538492202759, 5.415627439191494], [3.219508740681457, -2.600538492202759, 5.904620921098301]], "number_of_bots": 3, "bot_trajectory": [[0.046294550725288944, 0.0039887017723541085, -2.491651369218432, -4.337995569668546, 1.5450732247349381, 0.3918991144375214], [0.05431482316766184, 0.09731016222875943, -2.257800564801151, 2.354254920652065, 0.11360835071963542, 0.5026909472175712], [0.08414356009182514, 0.09698769390045749, 0.5930775139511102, 2.8432484025588725, 0.2007340872746525, 0.3872117638106693]]}