{"position": [[1.0049879245057722, -0.0012111663818359375, -8.737181372820123], [-5.13172570137137, -0.0012111663818359375, -11.259020618517361], [-2.958756792015932, -0.0012111663818359375, -7.745128949684862], [0.27164853685590984, -0.0012111663818359375, -9.131651308489761], [-5.240854051035689, -0.0012111663818359375, -8.16992126315673], [-0.48322834149982974, -0.0012111663818359375, -11.008616025011374], [0.1443635875165059, -0.0012111663818359375, -2.7213867382507466], [-5.712799527540845, -0.0012111663818359375, -7.565559729283914], [-1.6117483121690712, -0.0012111663818359375, -8.180350877365964], [-1.2521413431860804, -0.0012111663818359375, -7.803807123713528], [-5.360299071537168, -0.0012111663818359375, -4.952827234044655], [-5.953038107515532, -0.0012111663818359375, -5.116507613382808]], "number_of_bots": 12, "bot_trajectory": [[0.053454313612483, 0.03030826353638667, 4.2782163314119, -1.7022435142385794, 2.4383667328144343, 0.39244250718963714], [0.019690000973809442, 0.05121492116537205, -1.8584972944652423, -4.2240827599358175, 0.4010931430695298, 0.279204542330129], [0.03601529028197571, 0.012194951216422788, 0.31447161489019604, -0.7101910911033182, 2.2027185979954274, 0.4718635553523615], [0.0452101239886439, 0.014358372896180183, 3.5448769437620378, -2.0967134499082176, 1.7184866773641987, 0.2902431905239016], [0.07890942708054541, 0.03716676998829096, -1.9676256441295614, -1.1349834045751883, 0.4902174184656963, 0.4625948354655164], [0.025668266391628513, 0.06392562502308735, 2.790000065406298, -3.9736781664298313, 0.328339661020026, 0.4843703520116339], [0.04156242908682404, 0.08142125572204247, 3.417591994422634, 4.313551120330796, 2.314875137946802, 0.28402071171937265], [0.0532687705964235, 0.0702338881366012, -2.4395711206347173, -0.5306218707023702, 0.35860101052269616, 0.42637490864460775], [0.09749632634804734, 0.07179480467004873, 1.6614800947370567, -1.1454130187844203, 2.697832260626941, 0.4638995964054028], [0.09212665899670718, 0.09887318258530382, 2.0210870637200475, -0.7688692651319851, 2.3138330930828226, 0.2928967097853567], [0.008691210813609584, 0.09456651683824294, -2.0870706646310397, 2.082110624536888, 2.620639911717036, 0.4350003524237076], [0.08493552327903788, 0.0008020746992667526, -2.6798097006094035, 1.9184302451987345, 0.7666537298944611, 0.3908042212089771]]}