{"position": [[13.801355690804037, -2.849540948867798, 5.548501047712336], [15.90592243848497, -2.849540948867798, -0.6338433136559596], [18.63359210372457, -2.849540948867798, -1.162640915637848], [10.968145898345465, -2.849540948867798, -2.524037814479825], [19.022539856347574, -2.849540948867798, 2.416952856040031], [19.895794543626685, -2.849540948867798, -0.6354607285247726], [10.742723905079078, -2.849540948867798, 1.4825293766864356], [19.171698540875802, -2.849540948867798, 2.522908007887855], [16.281491161712665, -2.849540948867798, 0.45912020085305927], [19.531287317140062, -2.849540948867798, -2.096157656457558], [14.672049394092502, -2.849540948867798, -3.606932089664739], [14.218404790329355, -2.849540948867798, 0.15669058014592507], [12.911609464187073, -2.849540948867798, -4.106713992239943]], "number_of_bots": 13, "bot_trajectory": [[0.02449046902294357, 0.038146941262102683, -1.871029524955241, 4.866995844465266, 1.5825225181624687, 0.42282242088312727], [0.07346078222982837, 0.0500725710032916, 0.23353722272569266, -1.31534851690303, 2.0636502933755345, 0.35133617989924226], [0.06913825987081966, 0.08619086651877343, 2.961206887965293, -1.8441461188849184, 0.9214008719858355, 0.4483625013487128], [0.08787929404833665, 0.06903798566810651, -4.704239317413811, -3.205543017726895, 2.82205375194579, 0.4688744246178065], [0.09345564854535729, 0.09711756448378896, 3.3501546405882965, 1.7354476527929608, 3.0818562350637495, 0.36301231373053355], [0.02349309822570923, 0.0074231086908489894, 4.223409327867409, -1.316965931771843, 2.516865196459378, 0.4403674052375395], [0.03009704078811688, 0.018206845121498096, -4.929661310680199, 0.8010241734393653, 0.07136776864002414, 0.31398076164753047], [0.07297975832778145, 0.08673695993445521, 3.4993133251165265, 1.8414028046407849, 1.1312366612768125, 0.4106225380816122], [0.08355955110091139, 0.05870361487743379, 0.6091059459533898, -0.22238500239401104, 1.0350165347511977, 0.39005183300069424], [0.009472547381447627, 0.04706848510023446, 3.8589021013807834, -2.7776628597046282, 0.0015684978092609476, 0.4420956956447875], [0.012713269395717852, 0.06646647173579466, -1.0003358216667757, -4.2884372929118095, 0.9036142061878503, 0.4135853294117956], [0.08075383304290587, 0.027970306129940024, -1.4539804254299216, -0.5248146231011452, 2.9530220163302667, 0.4698594983348695], [0.00016340483976864383, 0.02756580012177413, -2.7607757515722042, -4.788219195487013, 2.5499934136457103, 0.391876347603206]]}