{"position": [[-4.809533295733258, 0.09633833169937134, -8.401275487571038], [-3.5790019496422087, 0.09633833169937134, -4.021834704665115], [-1.7463876206837838, 0.09633833169937134, -4.784082350792414], [-1.314246943626153, 0.09633833169937134, -2.4511102497774373], [-5.901040361807668, 0.09633833169937134, -8.058960852689644], [0.6233048375239161, 0.09633833169937134, -6.028817989713549], [-4.355327188015111, 0.09633833169937134, -4.084135160773559], [0.36329673209234237, 0.09633833169937134, -6.625512030417956], [-0.17251427598592528, 0.09633833169937134, -5.241393295473071], [-3.225596280408898, 0.09633833169937134, -4.294598768900443], [-2.4899316374960536, 0.09633833169937134, -2.123277962646114], [-2.8770869414954428, 0.09633833169937134, -2.0913447750922187], [-4.1581649485268475, 0.09633833169937134, -7.921299230555481], [-5.294158305545898, 0.09633833169937134, -5.756012017204329], [-4.937289936191064, 0.09633833169937134, -8.006337907575093], [-0.7328822600769902, 0.09633833169937134, -8.109535430791112]], "number_of_bots": 16, "bot_trajectory": [[0.02400311038793975, 0.016887349715277333, -0.910435853106305, -2.334521623282708, 0.8190896599622857, 0.4744321360228101], [0.0691604509623013, 0.0837561818242708, 0.3200954929847444, 2.0449191596232152, 0.9869479576641799, 0.3411594711952414], [0.07581472572853583, 0.07593515385873253, 2.1527098219431693, 1.2826715134959155, 0.994686692891177, 0.26787460522012624], [0.017170554095832645, 0.008776518682347977, 2.5848504990008, 3.615643614510893, 1.1600604463922175, 0.49628544721902235], [0.07504053274524093, 0.022139829995568683, -2.0019429191807148, -1.992206988401315, 2.626521540513109, 0.49383325105269416], [0.01597853262169423, 0.09407167319956838, 4.522402280150869, 0.037935874574780426, 2.694072185549262, 0.3478205324064503], [0.09187401530106909, 0.08872669927997098, -0.4562297453881581, 1.9826187035147713, 0.9324076213352213, 0.2690619542823056], [0.04412339014755502, 0.007981648174555999, 4.2623941747192955, -0.5587581661296259, 2.9577098014093797, 0.4635148877621954], [0.04444791876003416, 0.035751255439462074, 3.726583166641028, 0.8253605688152588, 3.104932394945389, 0.4182049385709431], [0.039340046750263945, 0.05269391168806721, 0.6735011622180553, 1.7721550953878873, 1.7684984522086762, 0.40548384142389815], [0.006930910975630833, 0.09422173417344304, 1.4091658051308997, 3.9434759016422163, 2.4414048172441034, 0.3322913449868448], [0.026424825246230167, 0.04862161849167136, 1.0220105011315106, 3.9754090891961114, 0.9579080213506709, 0.4591372905632035], [0.023886885677095494, 0.054874035606876294, -0.2590675058998948, -1.8545453662671507, 1.3294191061841962, 0.43012747681258756], [0.09086925404661055, 0.040219731823867955, -1.3950608629189454, 0.31074184708400177, 0.5604693344072207, 0.2975621481617552], [0.09462944984558591, 0.010353539089011843, -1.0381924935641107, -1.9395840432867628, 0.7505964839029975, 0.35053973628697305], [0.08589224494830923, 0.03184928648818199, 3.166215182549963, -2.0427815665027826, 1.9469091988584484, 0.4858815692502246]]}