{"position": [[-0.10333395004272461, 0.17811724543571472, 1.6538348197937012], [-2.1033339500427246, 0.17811724543571472, 1.6538348197937012], [-2.1033339500427246, -1.821882724761963, 1.6538348197937012], [4.396666049957275, -1.821882724761963, 1.6538348197937012], [4.396666049957275, 0.17811724543571472, 1.1538348197937012], [4.896666049957275, 0.17811724543571472, 0.6538348197937012]], "number_of_bots": 3, "bot_trajectory": [[0.08954833717868874, 0.05264362635747546, -0.10333395004272461, 1.6538348197937012, 1.0763898716257936, 0.40819645888029227], [0.06053915307603861, 0.021541601548918, -2.1033339500427246, 1.6538348197937012, 0.7806130801779457, 0.26519968797594], [0.06754576696942462, 0.05426363840072753, -2.1033339500427246, 1.6538348197937012, 2.5709239888452498, 0.5163625871451709]]}