{"position": [[-11.947778817118193, 0.07349725067615509, 0.13463147775919837], [-7.09095321757496, 0.07349725067615509, 2.675994551971927], [-3.5904273502825377, 0.07349725067615509, 0.0007280066186554635], [-10.877416672236723, 0.07349725067615509, -1.8700307194777588], [-11.898988202157001, 0.07349725067615509, -3.4260935957277496], [-10.382946142778309, 0.07349725067615509, -4.526995086338856], [-4.045502643495052, 0.07349725067615509, -2.868648298929992], [-8.658154321145533, 0.07349725067615509, -1.5603635076239597], [-5.009535635872496, 0.07349725067615509, 0.6341477845648047], [-3.541425297566758, 0.07349725067615509, 2.638600718502273]], "number_of_bots": 10, "bot_trajectory": [[0.08258604472581138, 0.04777903814072439, -4.4070316514382615, 1.9185043205478947, 1.2067117265967449, 0.28890342277926806], [0.05363966425859845, 0.010288349339802449, 0.44979394810497175, 4.459867394760623, 1.189282443808456, 0.3643465883570369], [0.030373500047875278, 0.061988957021225456, 3.950319815397394, 1.7846008494073518, 0.4957741234281989, 0.39252299965374626], [0.036213552849769196, 0.0172401165047117, -3.3366695065567917, -0.0861578766890625, 1.9157115247949084, 0.3529761796602729], [0.08127404691366055, 0.002519368569147118, -4.35824103647707, -1.6422207529390531, 2.1716414013598957, 0.46482136879013203], [0.003431411300271081, 0.056551551081815435, -2.842198977098377, -2.74312224355016, 0.9549043895927278, 0.4663885033910548], [0.035907914242914264, 0.014798039896488901, 3.4952445221848794, -1.084775456141296, 2.9736625030671697, 0.41372319074692276], [0.07812440537048179, 0.06386673684674314, -1.1174071554656018, 0.2235093351647366, 1.896316515762627, 0.2804791228958119], [0.04867810504998604, 0.032294466754749895, 2.5312115298074356, 2.418020627353501, 2.1629510859906858, 0.45823143867786414], [0.08470233114881233, 0.017088074670839594, 3.9993218681131735, 4.422473561290969, 2.809052425710846, 0.3770315415637907]]}