{"position": [[3.7753004333204334, 0.1337437629699707, 1.3028980928952871]], "number_of_bots": 1, "bot_trajectory": [[0.024968259548990603, 0.08353751269278147, -0.6920734146409924, 0.6359316546018301, 1.0856102606656008, 0.4039719524463792]]}