{"position": [[-0.6771211664461774, 0.18454629182815552, -3.8573307433730895], [-7.798863685379724, 0.18454629182815552, -8.501772997869415], [-1.9109403180861806, 0.18454629182815552, -2.4436086816205673], [0.7170338273981214, 0.18454629182815552, -8.238765929739348], [-8.906883695585385, 0.18454629182815552, -6.755810834749229], [-2.0386215625669655, 0.18454629182815552, -8.836416700026579], [-7.685262791443217, 0.18454629182815552, -2.187364503594183], [-5.345203367017525, 0.18454629182815552, -6.01084329418107], [-1.9989097359170316, 0.18454629182815552, -4.781683319367694], [-2.276402053042621, 0.18454629182815552, -5.08817081896086], [-0.567186987850369, 0.18454629182815552, -3.3808171048359266], [-4.972974039148016, 0.18454629182815552, -5.730891140847326], [-1.1626711621500672, 0.18454629182815552, -8.754259702116936], [-2.012857963326481, 0.18454629182815552, -8.415659733051502], [-0.8865342954475999, 0.18454629182815552, -1.9277990027661556], [-2.390209024324613, 0.18454629182815552, -11.710756858679474]], "number_of_bots": 16, "bot_trajectory": [[0.08504748082133544, 0.06624465632215225, 3.605305667660268, 2.8927813133590883, 1.4333172293480843, 0.2621907758753748], [0.022060965612565785, 0.05946914193874514, -3.516436851273279, -1.7516609411372364, 0.5437057454443167, 0.4366915110875782], [0.06699365880726424, 0.09346329201594304, 2.3714865160202647, 4.30650337511161, 2.4846399839197413, 0.44427036541402476], [0.09945367625799018, 0.022387103887353033, 4.999460661504567, -1.4886538730071708, 1.5989752018385293, 0.31265639275429336], [0.08833198888159932, 0.047100566931250844, -4.624456861478939, -0.005698778017051431, 2.257706153507912, 0.2779700144340706], [0.037122834235553195, 0.06721372860833612, 2.24380527153948, -2.086304643294402, 1.190334838022626, 0.4807878454448782], [0.009373133952499613, 0.0012841347722178042, -3.4028359573367717, 4.562747553137995, 3.124706600866184, 0.3627405870925895], [0.01889780204720216, 0.09812709285525084, -1.0627765329110805, 0.7392687625511074, 0.9912459504411406, 0.5022778100353461], [0.07612452711333738, 0.055353941192363545, 2.2835170981894137, 1.9684287373644838, 0.691372274125776, 0.28731843362625564], [0.05974588726102553, 0.014434281596307497, 2.0060247810638243, 1.6619412377713183, 2.405739609805123, 0.5216399929827016], [0.05747711270913438, 0.07668309521400593, 3.7152398462560763, 3.369294951896251, 1.3331656471666449, 0.4758256494515982], [0.09206439211337035, 0.062148308494765436, -0.6905472050415706, 1.0192209158848509, 2.151396334984268, 0.4032195012213672], [0.04034204583294798, 0.010160168729650698, 3.119755671956378, -2.0041476453847586, 2.395761217905855, 0.33748399550796415], [0.07829672791669806, 0.09571797722672953, 2.269568870779964, -1.6655476763193244, 0.3118657930580929, 0.5048470854023791], [0.08177265745147287, 0.04080146684769772, 3.3958925386588454, 4.822313053966022, 1.295698149047933, 0.3486607243292819], [0.007047215210979641, 0.09662871076589141, 1.892217809781832, -4.960644801947297, 0.13510099746731805, 0.3966178909769632]]}