{"position": [[2.4002774548177097, 0.09503462165594101, -0.28578339027174415], [1.6744987371602749, 0.09503462165594101, -4.498952908560764], [0.6075015528150038, 0.09503462165594101, -1.1560553603809995], [-3.520181519050073, 0.09503462165594101, -7.449767042807275], [-4.020896207765006, 0.09503462165594101, 0.07557789901744627], [2.6899767963325383, 0.09503462165594101, -4.13102481392286], [3.825725219434709, 0.09503462165594101, -0.19861821885217346], [1.6648383533362496, 0.09503462165594101, -4.051631558794751], [-0.5279857427494885, 0.09503462165594101, -4.271656836131765], [3.4254134746626494, 0.09503462165594101, -3.7337024040773326], [-0.8900128300056356, 0.09503462165594101, -6.098373528407709], [-1.9843803628584713, 0.09503462165594101, -5.052492255376022], [-5.131216999027595, 0.09503462165594101, -5.238689170298276], [-1.5753092143271188, 0.09503462165594101, 0.15310286279281993], [1.2772238392460964, 0.09503462165594101, 1.8239962609112244], [-3.3017541489555606, 0.09503462165594101, -3.3527932793367263], [3.2880924742311635, 0.09503462165594101, -1.019566161279861], [2.3958064754849104, 0.09503462165594101, -1.2144701838950276]], "number_of_bots": 18, "bot_trajectory": [[0.06680902276185813, 0.074525108486136, 3.3777537536267612, 2.6009246308921963, 1.1378394868707895, 0.3822246150462355], [0.007478675908735433, 0.09987884711678927, 2.6519750359693264, -1.6122448873968231, 1.2097718529064507, 0.44227878281339217], [0.004422947646741127, 0.023354763027817537, 1.5849778516240554, 1.7306526607829409, 2.1676876996180767, 0.4883978181613646], [0.0738774347600918, 0.02428866581946898, -2.5427052202410216, -4.563059021643334, 1.3952320581767619, 0.3319744240054082], [0.09872605030316456, 0.09589883891355173, -3.043419908955954, 2.9622859201813867, 0.9016885161550322, 0.36513929780521903], [0.034288179887058165, 0.06571616151570665, 3.66745309514159, -1.2443167927589194, 0.6190928254599504, 0.31466574278352527], [0.024908898056483764, 0.05424054138630997, 4.80320151824376, 2.688089802311767, 0.10238713426745202, 0.28956420180730486], [0.09848008366919012, 0.07365714863951198, 2.642314652145301, -1.164923537630811, 1.3567318605013252, 0.2915112014740543], [0.030163444809869135, 0.06654036531982876, 0.449490556059563, -1.3849488149678246, 0.17141188789232029, 0.37524860801066445], [0.0003667363591245643, 0.057903027380671726, 4.402889773471701, -0.8469943829133919, 2.4447012824060415, 0.347250572332554], [0.007583617923778185, 0.07025601752492991, 0.08746346880341593, -3.2116655072437683, 1.6604786926244617, 0.4631782411313634], [0.08493777034951557, 0.03144876163032249, -1.0069040640494198, -2.165784234212081, 2.4603761338039263, 0.3733079535999899], [0.01596187322491708, 0.07418385164624008, -4.153740700218544, -2.3519811491343354, 2.652382305757602, 0.5162923547750631], [0.045567216512256356, 0.04987103483065556, -0.5978329155180673, 3.0398108839567604, 2.222794058972229, 0.353679929095088], [0.029755843014982065, 0.06029383583747453, 2.254700138055148, 4.710704282075165, 2.7142665113844098, 0.2749380969052861], [0.05654383132645825, 0.08166540514831011, -2.324277850146509, -0.4660852581727859, 0.015292256396382906, 0.4981325276151618], [0.08727152202829536, 0.02515709438262994, 4.265568773040215, 1.8671418598840794, 2.422410746029046, 0.39700404113704396], [0.011809245331701367, 0.028219232278918083, 3.373282774293962, 1.6722378372689128, 2.5810292023493426, 0.5059874906667049]]}