{"position": [[6.642718956745965, 0.18863877654075623, -2.28709441422145], [9.422044204606541, 0.18863877654075623, -1.827651346366377], [10.59415019028365, 0.18863877654075623, 2.6445593360283635], [6.854577949740364, 0.18863877654075623, -4.421502725979595], [12.057390833709556, 0.18863877654075623, -3.376775541508019], [8.280214707107131, 0.18863877654075623, -1.2177978811145942], [10.502975226047676, 0.18863877654075623, 3.7824088235556896], [8.452794943292432, 0.18863877654075623, 3.2033205942322183], [13.910411386631802, 0.18863877654075623, -4.273751630198323], [5.231135725561969, 0.18863877654075623, -5.032176871166931], [9.394242674333425, 0.18863877654075623, 4.220452123619836], [6.154797031854718, 0.18863877654075623, -0.9983581923481957], [5.020954355929102, 0.18863877654075623, 0.234194391274126], [8.643340593782451, 0.18863877654075623, -0.47375149403649086], [11.315025861665529, 0.18863877654075623, 4.247151166842759], [12.968088805470435, 0.18863877654075623, 3.248614333136703]], "number_of_bots": 16, "bot_trajectory": [[0.022573767602555618, 0.06048319888074192, -2.8870309135543284, -1.9469759464136804, 1.1719149431675806, 0.35215146802109404], [0.0646824559915366, 0.07506260356749599, -0.1077056656937514, -1.4875328785586073, 0.5759157550386788, 0.4806552299662919], [0.026160461789806633, 0.01897654273928149, 1.0644003199833563, 2.9846778038361332, 2.841439559299859, 0.33203828468931307], [0.09066920618220023, 0.055916270648224395, -2.675171920559929, -4.081384258171825, 2.6601672083529606, 0.2663910623811301], [0.06724991832710445, 0.06648041823448718, 2.5276409634092634, -3.0366570737002494, 1.477072450283541, 0.4295306498517776], [0.032908056277957606, 0.08515728267789315, -1.2495351631931628, -0.8776794133068244, 0.6011471345001854, 0.27480657611383197], [0.04429089090792858, 0.07920307506824854, 0.9732253557473824, 4.122527291363459, 1.062275206628942, 0.4537326604358106], [0.0028012740856357076, 0.003794012549574677, -1.0769549270078604, 3.543439062039988, 1.5082336179250082, 0.27430817227509424], [0.0556241769676607, 0.026380982732402025, 4.380661516331509, -3.933633162390553, 0.011833892417584025, 0.4585409889274478], [0.08563835192385666, 0.02811598558505559, -4.298614144738324, -4.6920584033591615, 1.6329933650451172, 0.48802596587681346], [0.037447543783821854, 0.06920790252340135, -0.13550719596686744, 4.560570591427606, 1.9179153251165513, 0.47701048669312174], [0.08613225570684788, 0.037778795978340315, -3.374952838445575, -0.6582397245404259, 2.0660096585636056, 0.2813620122989193], [0.019195769539058393, 0.02288106953298278, -4.508795514371191, 0.5743128590818958, 0.7482945986847974, 0.3747427248786383], [0.08143531176599851, 0.08935145414638382, -0.8864092765178422, -0.13363302622872109, 2.240638346934425, 0.4072615441099094], [0.07211509766179283, 0.03798226787272633, 1.785275991365236, 4.587269634650529, 0.745211921990134, 0.4083806249519818], [0.0418851336790208, 0.041370572183794516, 3.438338935170142, 3.588732800944473, 0.9106962729643558, 0.40350633591901813]]}