{"position": [[-2.0329117048524363, 0.09317788481712341, 5.543029866189593], [-0.3914488443161046, 0.09317788481712341, -0.14934794967022835], [5.992342962831977, 0.09317788481712341, 2.766663036974988], [4.675805310806673, 0.09317788481712341, 4.697143044049563], [3.003913816573327, 0.09317788481712341, 4.745462969827267], [6.929437287775562, 0.09317788481712341, 4.266077715254037], [1.1175437198631097, 0.09317788481712341, 5.351783161452827], [5.8453026954252465, 0.09317788481712341, 5.268611229598617], [6.14682951861704, 0.09317788481712341, -1.343682347067071], [6.6081055347657935, 0.09317788481712341, 5.8101486874728], [6.39976852062984, 0.09317788481712341, 4.700963230018173], [-0.45986105449188264, 0.09317788481712341, 1.2226267110711277], [-2.1315463427865344, 0.09317788481712341, -0.643617888374489]], "number_of_bots": 13, "bot_trajectory": [[0.04906497717274573, 0.09657449235291363, -4.666983054950093, 3.0035014962860282, 2.082564285954799, 0.4258718324111216], [0.06408937482899182, 0.06034313680077136, -3.025520194413761, -2.688876319573793, 1.3866122583618667, 0.4620396340662406], [0.007691204926637207, 0.053384003363615394, 3.3582716127343204, 0.2271346670714236, 0.7453560190404566, 0.5018951826227452], [0.05747108462056386, 0.09402617328513584, 2.041733960709017, 2.157614674145998, 2.2595656963186936, 0.26643208017989256], [0.019042099004627278, 0.04854807976388785, 0.36984246647567054, 2.2059345999237023, 2.3458295764124975, 0.35109186017083394], [0.06420091855122738, 0.09525323709005148, 4.295365937677905, 1.726549345350472, 1.3504714956278088, 0.3701709894976166], [0.05390807577861663, 0.07613021341090229, -1.5165276302345465, 2.8122547915492624, 1.342099848030147, 0.2960192772348153], [0.043382759248001924, 0.09889156459698907, 3.21123134532759, 2.7290828596950534, 2.7804554564553157, 0.47920584770067853], [0.08396557758383102, 0.01807160803650345, 3.512758168519384, -3.8832107169706354, 2.1540167570473523, 0.2717049033308815], [0.0827399815756547, 0.020976647491020427, 3.9740341846681373, 3.270620317569236, 0.8647918085571966, 0.46966628371702673], [0.08980975847300782, 0.07839497414458915, 3.765697170532183, 2.1614348601146083, 2.187722813918799, 0.4665645847226406], [0.04534033074628263, 0.009795303304880765, -3.093932404589539, -1.3169016588324367, 0.5690057476333579, 0.44552324885405914], [0.06122211218145947, 0.010366830361711276, -4.765617692884191, -3.1831462582780534, 1.9043944417180059, 0.35532167766832956]]}