{"position": [[0.7512367328306293, 0.10192501544952393, 2.6856041635336885], [-0.7553145624558353, 0.10192501544952393, 3.7546966673657427], [-4.5575588139365815, 0.10192501544952393, 6.079975890950762], [-3.163749829623061, 0.10192501544952393, 3.1024996241789675], [-0.9404575227059817, 0.10192501544952393, 1.5890020700362988], [-2.1236696050084922, 0.10192501544952393, -0.9079187898484404], [-3.748669126554863, 0.10192501544952393, 7.592245202123774], [-0.818126017647359, 0.10192501544952393, 5.8476384771131045], [-2.665123544151495, 0.10192501544952393, -0.9901945322263934], [2.701355014624113, 0.10192501544952393, 2.951115308528545], [1.1542177473533513, 0.10192501544952393, 1.8698925919795744], [-4.258546745965782, 0.10192501544952393, 4.8290851891683255], [-4.756904739307645, 0.10192501544952393, 2.8556239423663037]], "number_of_bots": 13, "bot_trajectory": [[0.08473307878265082, 0.03398912494732419, 1.0575984378954029, -0.08095329152917774, 0.43580938046405765, 0.4094303722405982], [0.05380276650542193, 0.020845257954490836, -0.4489528573910617, 0.9881392123028765, 1.9774412137277548, 0.3385425216795988], [0.09477900329105189, 0.028822376448378907, -4.251197108871808, 3.313418435887896, 3.076518548228893, 0.32162033200870693], [0.07458817258751874, 0.0777564219701408, -2.8573881245582875, 0.3359421691161013, 3.063999105048457, 0.5012425326839608], [0.09767282346820437, 0.09878084830549815, -0.6340958176412081, -1.1775553850265674, 1.3986006127090387, 0.26647722007665114], [0.03649597359881437, 0.09572963016185265, -1.8173078999437187, -3.6744762449113066, 2.9089860794381805, 0.4471389161347832], [0.08683835346808891, 0.01054576100630864, -3.4423074214900895, 4.825687747060908, 2.8558089725675475, 0.5012072904723406], [0.005574050596519042, 0.055707726697545354, -0.5117643125825855, 3.0810810220502383, 2.8761246647926444, 0.2976656670482479], [0.017320484657534364, 0.04838461657807467, -2.3587618390867213, -3.7567519872892596, 1.3055210562417263, 0.36953451908733886], [0.09275028814730399, 0.09211834516155326, 3.0077167196888865, 0.18455785346567888, 1.7019561144962474, 0.2859036369493786], [0.03430667907066902, 0.015437101873714021, 1.4605794524181248, -0.8966648630832919, 0.033064673553280806, 0.4340359309963341], [0.08442150719798526, 0.09206985322232966, -3.9521850409010084, 2.0625277341054593, 1.9244048900648594, 0.513209368550232], [0.030683809622703583, 0.007839437594410748, -4.450543034242871, 0.08906648730343747, 2.093063090973327, 0.39123003073360385]]}