{"position": [[13.395583876387954, 0.036350786685943604, 3.1787188470150634], [8.275132320905211, 0.036350786685943604, 4.443492533860835], [8.661719335260369, 0.036350786685943604, 11.519238444633789]], "number_of_bots": 3, "bot_trajectory": [[0.06113856796110488, 0.06267244671002584, 1.233037718551041, -4.688790994903882, 1.041227505743136, 0.3956553102889234], [0.02365477756240142, 0.0869961923703618, -3.8874138369317035, -3.4240173080581107, 0.1419542110165929, 0.40642821962650233], [0.08340334738191332, 0.07382447560958381, -3.5008268225765447, 3.6517286027148432, 1.483076053427087, 0.3980559413925301]]}