{"position": [[1.278674602508545, 0.07263293862342834, 1.013134479522705], [0.2786746025085449, 0.07263293862342834, 1.013134479522705], [-0.7213253974914551, 0.07263293862342834, 1.013134479522705], [3.278674602508545, 0.07263293862342834, 1.013134479522705], [4.278674602508545, 0.07263293862342834, 1.013134479522705], [5.278674602508545, 0.07263293862342834, 1.013134479522705]], "number_of_bots": 6, "bot_trajectory": [[0.0023007895872117377, 0.049782134763233246, 1.278674602508545, 1.013134479522705, 2.5976384886550297, 0.2666178493288549], [0.06853158213514395, 0.04017082720986689, 0.2786746025085449, 1.013134479522705, 0.49618606898680073, 0.34135338661769915], [0.06346546477229947, 0.014992619180294486, -0.7213253974914551, 1.013134479522705, 0.6494029681770139, 0.3013777871484423], [0.05215425266952574, 0.05789667551085176, 3.278674602508545, 1.013134479522705, 2.0729396401567404, 0.3457827462985593], [0.010811448419730052, 0.06009388367811659, 4.278674602508545, 1.013134479522705, 3.0335516774612135, 0.4606365498568139], [0.08246379328568809, 0.018513234922096312, 5.278674602508545, 1.013134479522705, 1.8809014883938198, 0.4158781055404612]]}