{"position": [[2.851053237915039, 0.08375778794288635, 7.489794731140137], [2.851053237915039, 0.08375778794288635, 1.0897947549819946], [0.8510532379150391, 0.08375778794288635, 4.489794731140137], [-4.648946762084961, 0.08375778794288635, 6.989794731140137], [9.851053237915039, 0.08375778794288635, 6.489794731140137], [7.851053237915039, 0.08375778794288635, 6.489794731140137]], "number_of_bots": 5, "bot_trajectory": [[0.006084108434264468, 0.07127720466246178, 2.851053237915039, 7.489794731140137, 0.5754502139387124, 0.34673692908719445], [0.007815099332941921, 0.03655209173910464, 2.851053237915039, 1.0897947549819946, 2.954911625155458, 0.3105618995034183], [0.05623469237075177, 0.09031791844373863, 0.8510532379150391, 4.489794731140137, 2.204218413003048, 0.44069177170892576], [0.027515887114720507, 0.06377631757563626, -4.648946762084961, 6.989794731140137, 1.2289037781933985, 0.34900434005369496], [0.02488355833638114, 0.00753476057613256, 9.851053237915039, 6.489794731140137, 2.84333192531243, 0.360014398155034]]}