{"position": [[-4.907429930707047, 0.079173743724823, 21.917436933615903], [-14.366273189489483, 0.079173743724823, 28.101042443621644], [-7.215550360803411, 0.079173743724823, 30.043268130905307], [-12.91950492647031, 0.079173743724823, 27.43159167598889], [-13.692804571000977, 0.079173743724823, 22.7533107236857], [-4.672442068597678, 0.079173743724823, 27.622801071446855], [-13.337814558424656, 0.079173743724823, 28.11461864601266], [-11.060004812383202, 0.079173743724823, 26.813469295992995], [-12.55731710435749, 0.079173743724823, 28.753579273842114], [-10.834562503154858, 0.079173743724823, 23.602991178758394], [-6.3635317539717065, 0.079173743724823, 22.68209943230297], [-10.280553625353111, 0.079173743724823, 25.15001452423517], [-6.41792554862413, 0.079173743724823, 24.703821791773215], [-12.593751211797244, 0.079173743724823, 27.52745145508513], [-14.519458927482956, 0.079173743724823, 23.616386847265364], [-11.612288002532862, 0.079173743724823, 25.46287398491301], [-10.492084282940706, 0.079173743724823, 22.521594623073746]], "number_of_bots": 17, "bot_trajectory": [[0.050841664531918726, 0.021101101419766222, 4.715912583331039, -4.617606782814762, 2.7916302485940476, 0.4288971158930923], [0.014915293175490164, 0.007447344320901439, -4.7429306754513965, 1.565998727190978, 0.7253852154672314, 0.43999762616372473], [0.027149269570320156, 0.03306757304269892, 2.4077921532346758, 3.5082244144746433, 0.8656254550702149, 0.5034690101765775], [0.03396436097425665, 0.09355396988841824, -3.296162412432224, 0.896547959558226, 0.26900537125337237, 0.32338926370649346], [0.014687198929066702, 0.08807475677280815, -4.069462056962891, -3.781732992744964, 1.8109776341604906, 0.42068182363554957], [0.0880584309939396, 0.003535402602331472, 4.950900445440408, 1.087757355016189, 1.9035059940023333, 0.4994438378299296], [0.04249412371195558, 0.04959355841407655, -3.7144720443865697, 1.5795749295819939, 1.418342466167732, 0.4452164844743126], [0.089784456883462, 0.0733802474581574, -1.436662298345116, 0.2784255795623314, 1.9947188227649908, 0.5118075169048797], [0.03693647703379965, 0.06792651239689002, -2.9339745903194037, 2.2185355574114487, 0.30203371351822306, 0.3526881128304278], [0.05787379786863829, 0.01219016257413027, -1.211219989116773, -2.932052537672271, 2.0963458819735847, 0.5067980140883537], [0.0446277624030025, 0.025744453067374794, 3.2598107600663795, -3.852944284127693, 0.07587022378749214, 0.4913343544287192], [0.052715600855240206, 0.02034114482660231, -0.6572111113150247, -1.3850291921954927, 1.7006476651787974, 0.44352998192388937], [0.01364831878249444, 0.019946298434150155, 3.2054169654139564, -1.831221924657448, 2.3592162980565865, 0.5029473112901026], [0.016415604982024944, 0.06665608667219874, -2.970408697759157, 0.9924077386544661, 2.8235656123402717, 0.48434634755557693], [0.07638814599543314, 0.045569770372154074, -4.8961164134448705, -2.9186568691653, 2.685642671805935, 0.4802533153876495], [0.06786477252236431, 0.034749647081086986, -1.9889454884947766, -1.072169731517656, 1.6036661396872933, 0.5229052149733087], [0.07418521406099063, 0.024089914543547798, -0.8687417689026189, -4.0134490933569165, 0.9813287016534006, 0.3237050882327859]]}