{"position": [[-2.066146785178022, -0.3177868127822876, -2.4258501912153996], [-4.135190217576488, -0.3177868127822876, -0.3808323500774047], [3.5011814214176655, -0.3177868127822876, -4.589730557177346], [4.616902899109156, -0.3177868127822876, -6.087459346459861]], "number_of_bots": 4, "bot_trajectory": [[0.057943137048339075, 0.04819355596288517, -2.7685870470188423, 0.2556495284043514, 1.9063974204452823, 0.49334717286575536], [0.06595491037544164, 0.037044685334486314, -4.837630479417308, 2.3006673695423463, 2.6794211093462326, 0.41651627322979684], [0.09965364912025251, 0.034473487048143917, 2.798741159576845, -1.9082308375575951, 1.521317483985796, 0.43045353405940967], [0.05629472179309114, 0.03286217455295872, 3.9144626372683353, -3.4059596268401093, 1.1716562209320307, 0.522234558735328]]}