{"position": [[-2.538122635407915, 2.907020092010498, 2.094164123036588], [-3.8593339622605303, 2.907020092010498, 8.831936555153455], [2.655451369191584, 2.907020092010498, 3.8355648898793424], [-0.3540817834271479, 2.907020092010498, 4.977512109729698], [0.7844233519943979, 2.907020092010498, 5.346600121400492], [-0.39051690437915876, 2.907020092010498, 1.5751976055482086], [-5.282475463653798, 2.907020092010498, 1.5445749996678781], [0.9882313309718151, 2.907020092010498, 5.149273942959324], [1.0540403392153523, 2.907020092010498, 2.6332827859823627], [1.5749298768469577, 2.907020092010498, 4.853934256646825], [-3.382280451421594, 2.907020092010498, 0.24924590465501684], [1.6077644175345185, 2.907020092010498, 4.201361155157844]], "number_of_bots": 12, "bot_trajectory": [[0.024566824779456674, 0.07544185588823955, -0.6508080773787406, -1.7492005925395837, 0.41401641636065706, 0.40132442520817035], [0.027235919584857837, 0.06121389039401328, -1.9720194042313555, 4.988571839577282, 0.6076050641875513, 0.46876284430216986], [0.06099057128075476, 0.09326675064654485, 4.542765927220759, -0.007799825696829243, 2.588264860515474, 0.42938691385355565], [0.08379017227161703, 0.0807487281195757, 1.533232774602027, 1.1341473941535263, 2.1709565069142784, 0.3505988716577822], [0.07147882080939898, 0.07928425279056343, 2.6717379100235727, 1.5032354058243202, 2.2838759798969805, 0.3233817278524383], [0.09394206366039777, 0.004696818452223051, 1.496797653650016, -2.2681671100279632, 1.484910491375473, 0.3799217803018484], [0.049272540179062116, 0.08655549430981238, -3.3951609056246235, -2.2987897159082937, 2.7018554578672256, 0.2889182826804955], [0.07211353149009933, 0.06408661176678065, 2.87554588900099, 1.3059092273831518, 1.7341763142095683, 0.28156098640996524], [0.051741195852339016, 0.08697108276885945, 2.941354897244527, -1.2100819295938092, 1.7044995051006577, 0.2618841109485816], [0.0853297960526567, 0.05046359518227962, 3.4622444348761325, 1.0105695410706539, 2.192819538848497, 0.30211444678330673], [0.08555319236780554, 0.05462754702432926, -1.4949658933924193, -3.594118810921155, 0.8178020654389903, 0.38901860918556896], [0.006475068284939522, 0.03081395574410186, 3.4950789755636933, 0.3579964395816726, 1.9486801068773232, 0.5124399181369088]]}