{"position": [[-6.771669336507785, 2.8040599822998047, -13.327745899392964]], "number_of_bots": 1, "bot_trajectory": [[0.01494809991314493, 0.010046487156456252, -3.3551945173244357, -2.1844601480501904, 1.5741059441277703, 0.2904458544064884]]}