{"position": [[-7.45506641120401, 0.14781472086906433, 8.220798131887221], [-4.700312328360146, 0.14781472086906433, 2.533632861245284], [-13.211673027163933, 0.14781472086906433, 9.51760067389569], [-7.477142844734769, 0.14781472086906433, 8.559400201544259], [-12.878334497197383, 0.14781472086906433, 5.783954064063241], [-8.944817083398263, 0.14781472086906433, 5.56563857059874], [-5.679720777312987, 0.14781472086906433, 5.879363788362489], [-5.5562936893518735, 0.14781472086906433, 2.9989843415684136], [-12.72982253801202, 0.14781472086906433, 2.368510673289789], [-11.819222604932612, 0.14781472086906433, 4.72218551925503], [-13.26307705192205, 0.14781472086906433, 11.064585124143509], [-14.419164233009086, 0.14781472086906433, 7.747279664909325], [-12.102133715234043, 0.14781472086906433, 6.868778521450664], [-9.365369826222347, 0.14781472086906433, 4.9581344374525615], [-11.235687231611392, 0.14781472086906433, 11.175658212868608], [-12.282912526511284, 0.14781472086906433, 11.317966511901773], [-10.02702497532739, 0.14781472086906433, 3.0160859725382476]], "number_of_bots": 17, "bot_trajectory": [[0.0738129644864462, 0.01453803997003893, 1.9966814830830992, 1.6348415584008924, 2.1717552971557956, 0.34398465866868283], [0.06523092297508779, 0.005413037712771474, 4.751435565926964, -4.052323712241044, 0.8945628692657124, 0.4415740452472812], [0.06858941422196048, 0.09309411216002955, -3.7599251328768233, 2.931644100409362, 2.818918571024074, 0.3790936750054848], [0.002742425076056787, 0.06387176992814794, 1.9746050495523404, 1.9734436280579304, 2.502928563761434, 0.5159523470666173], [0.07793872919012401, 0.07252166623069092, -3.4265866029102723, -0.8020025094230865, 2.5898846868221255, 0.42989511302691474], [0.0379959635097903, 0.09950224147544362, 0.506930810888846, -1.020318002887588, 1.150775686966124, 0.39077247088665445], [0.002833928259988183, 0.042401761566436616, 3.7720271169741224, -0.7065927851238396, 0.6406718614007499, 0.3799223801227849], [0.08551701013023336, 0.07863582266699537, 3.895454204935236, -3.5869722319179145, 1.1620997847845658, 0.512138988725396], [0.04115278072823275, 0.01397875643860227, -3.27807464372491, -4.217445900196539, 1.8512894557835593, 0.3461003123941591], [0.051842240746295634, 0.03918796474282751, -2.367474710645504, -1.863771054231298, 1.3712054704089052, 0.4465076147783555], [0.09645623288989744, 0.07177155397845883, -3.8113291576349395, 4.478628550657181, 0.694574133412027, 0.3876150879519998], [0.08840118442736127, 0.061419046890431005, -4.967416338721977, 1.1613230914229966, 2.8313633420552646, 0.5170586229472914], [0.034191806231665525, 0.017025285905476285, -2.6503858209469344, 0.2828219479643357, 1.0854659139737997, 0.39598100174743783], [0.08153389544234649, 0.027751708345049808, 0.086378068064763, -1.6278221360337664, 1.8825127163784299, 0.49339862887198493], [0.03145984496213285, 0.00987931746949996, -1.783939337324283, 4.589701639382281, 1.6956528737347045, 0.4093500232171377], [0.0012381603913610207, 0.016157647965775603, -2.8311646322241746, 4.732009938415444, 2.369441339278598, 0.5166653287651191], [0.03113918908675909, 0.030488656991862338, -0.5752770810402796, -3.5698706009480805, 2.078848702958438, 0.4930178054340342]]}