{"position": [[19.13029581581271, -0.010227978229522705, -2.0675066224522682], [14.609192559239194, -0.010227978229522705, -1.4718472779788578], [22.60684204550708, -0.010227978229522705, -5.226658982641424]], "number_of_bots": 3, "bot_trajectory": [[0.025657503965625626, 0.08841568959211904, 1.148438516008019, 0.4741098173670677, 1.3036924428383263, 0.5221390949854612], [0.04961745384096424, 0.09857856402214794, -3.372664740565493, 1.069769161840478, 0.4131388620890256, 0.4869260344838929], [0.03979743939007219, 0.03667345129794023, 4.624984745702392, -2.685042542822088, 2.8579146854997255, 0.44073224010882506]]}