{"position": [[-1.095443809277099, -0.006624579429626465, 2.2701158619882182], [6.807404173925619, -0.006624579429626465, 4.143965767373848], [1.4989772215680617, -0.006624579429626465, 1.2765000828288113], [7.325101220033555, -0.006624579429626465, -1.274270160241023], [-0.05308593142352258, -0.006624579429626465, 4.001012420254259]], "number_of_bots": 5, "bot_trajectory": [[0.015880125088969087, 0.04012735057492478, -4.220819556957763, 1.6567496753694133, 0.8908598821379456, 0.2880980237447765], [0.029830236935449693, 0.017158550414762174, 3.6820284262449543, 3.5305995807550428, 2.820801998998251, 0.3386492604521394], [0.05384228679618205, 0.044388454862412954, -1.6263985261126024, 0.6631338962100064, 1.6599291246849814, 0.38580313980607905], [0.011487249108442343, 0.010859597201627536, 4.199725472352891, -1.8876363468598278, 2.469386951060685, 0.29699606490085384], [0.032127688839433885, 0.043522895419455775, -3.1784616791041866, 3.3876462336354543, 2.2001693392826156, 0.2991199343430493]]}