{"position": [[5.610232445928196, 0.10556411743164062, -0.3112726441807956], [6.672947758471629, 0.10556411743164062, -3.9066483620303982], [0.5822071763111429, 0.10556411743164062, -4.776189358212969], [1.9189019682740023, 0.10556411743164062, 0.03668414484680138], [0.027706227181769183, 0.10556411743164062, -3.486537830242218], [7.787891869893651, 0.10556411743164062, 4.505155178179791], [1.4148387486351393, 0.10556411743164062, -4.31909042184078], [7.12848143368596, 0.10556411743164062, -0.017420625351707297], [3.4439646624219042, 0.10556411743164062, 3.700676570407433], [7.139577190619416, 0.10556411743164062, -1.1166678591111179], [4.826265512212897, 0.10556411743164062, 4.865559007325768]], "number_of_bots": 11, "bot_trajectory": [[0.00047479461512758283, 0.00170617910721228, 2.095896813603977, -0.2871455035395831, 2.122261302210149, 0.46101928766314615], [0.06932383876869355, 0.06205270856033801, 3.158612126147411, -3.8825212213891858, 2.0751355079691223, 0.49800193659081204], [0.07004265312307176, 0.03668327467174819, -2.932128456013076, -4.752062217571757, 2.339112685035947, 0.3940107014108464], [0.05500926643790649, 0.011193846501137772, -1.5954336640502165, 0.060811285488013844, 1.1162920199901976, 0.4254856016065278], [0.049357264908452624, 0.07315933256579069, -3.4866294051424496, -3.4624106896010054, 2.657025785438176, 0.40196627543276914], [0.0005442501968986324, 0.0686545674900845, 4.273556237569432, 4.529282318821004, 0.09408985209891223, 0.3160145551188021], [0.02280331503419477, 0.07455767589219162, -2.0994968836890795, -4.294963281199568, 2.5079705318252894, 0.29044094046178853], [0.0487333436298615, 0.062260138501655536, 3.614145801361741, 0.006706515289505166, 1.4044827072805144, 0.40197246580416357], [0.08340292141240796, 0.021509595404505776, -0.07037096990231473, 3.7248037110486454, 2.7106069988712043, 0.3615301001209428], [0.0032415935197628643, 0.0038749078598259044, 3.625241558295198, -1.0925407184699054, 1.8734331941327478, 0.30770475377337925], [0.07601497140285099, 0.06080745795743151, 1.311929879888678, 4.88968614796698, 1.2107166190125702, 0.2728234392365908]]}