{"position": [[0.16648821308715345, 3.5419528484344482, -7.5626004365877195], [0.5710143703939377, 3.5419528484344482, -0.33501253927898844], [-2.2992537270366764, 3.5419528484344482, -0.3806483872695754], [-6.251367251818635, 3.5419528484344482, -1.7882425982403627], [-5.167963597450289, 3.5419528484344482, -7.243390345118993], [-8.949206628706452, 3.5419528484344482, 1.366428858004606], [0.6073695504460295, 3.5419528484344482, -0.32378106279458807], [-4.492689151965554, 3.5419528484344482, -4.352479737859433], [-2.80881904358821, 3.5419528484344482, -2.921087217815984], [-0.9729459640126095, 3.5419528484344482, -1.618552819699709], [0.7101739130140858, 3.5419528484344482, -3.7234166714942063], [-0.5713962377488269, 3.5419528484344482, 1.5456877946032188], [-3.1133484324803433, 3.5419528484344482, -6.278129386200064], [-6.775770757491692, 3.5419528484344482, 0.15843396485103334], [-7.512451313344356, 3.5419528484344482, -7.132030686832923], [-4.597588346138573, 3.5419528484344482, -5.034706531949591], [-1.602149991220291, 3.5419528484344482, 0.8672438514151217], [-2.4436962809622553, 3.5419528484344482, -6.219168780509255]], "number_of_bots": 18, "bot_trajectory": [[0.03654483487687449, 0.03347760888278346, 4.376594109083247, -4.834154906649975, 2.7630690343983573, 0.45010043136193034], [0.04077639105152675, 0.08302132259359493, 4.781120266390031, 2.3934329906587557, 2.0548796280527863, 0.43824918141318625], [0.022438011097194156, 0.0932470949063732, 1.9108521689594171, 2.3477971426681687, 0.08954750884924782, 0.5069952759714994], [0.0855036039571132, 0.0590915012601098, -2.041261355822541, 0.9402029316973814, 1.218839954730041, 0.3907776542044301], [0.06384349811244171, 0.033879318115480714, -0.9578577014541945, -4.514944815181249, 2.2122610023003397, 0.27295367786989455], [0.011480815177951109, 0.09218084497474151, -4.73910073271036, 4.09487438794235, 2.9378497619936867, 0.4968950789173583], [0.08187860072305395, 0.07760869256525589, 4.817475446442123, 2.404664467143156, 0.3920913215635912, 0.3707811413391497], [0.06681248657615611, 0.00874560515778533, -0.28258325596946077, -1.6240342079216885, 2.8181817125935464, 0.391992688554611], [0.0011748534979365345, 0.06693117657450523, 1.4012868524078836, -0.19264168787824, 0.259831841461072, 0.428140772576004], [0.09011853275217634, 0.04320926908608215, 3.2371599319834843, 1.1098927102380352, 1.5754674443510395, 0.29186383219364553], [0.08124173635695084, 0.09851657826609682, 4.92027980901018, -0.9949711415564622, 1.4208002892922533, 0.2982263000183506], [0.07724358011094548, 0.07381394267588354, 3.638709658247267, 4.274133324540963, 1.7468855650292436, 0.4550113842721225], [0.03471141306141934, 0.030117890008028947, 1.0967574635157507, -3.54968385626232, 1.934941764849664, 0.38159477665629404], [0.03246570681342169, 0.08414344943165421, -2.565664861495598, 2.8868794947887775, 2.103816229825267, 0.29512213972253376], [0.022985249945904986, 0.07321280420320299, -3.3023454173482625, -4.403585156895179, 0.8337601959836745, 0.3188476556864999], [0.038622674716449215, 0.00816889841042735, -0.38748245014247895, -2.306261002011847, 1.739944837821345, 0.44527573182884106], [0.057236112922860696, 0.090513407873712, 2.6079559047758027, 3.595689381352866, 2.5282685307757626, 0.5139964442085048], [0.022542804555288832, 0.06844245025705897, 1.7664096150338382, -3.490723250571511, 2.7267802933817866, 0.27302455221932564]]}