{"position": [[-9.052305773688747, 0.017052382230758667, -6.9821433391347405], [-10.640310282426286, 0.017052382230758667, 1.3189626735808382], [-15.556635087752571, 0.017052382230758667, -3.484029407096802], [-15.04864846247116, 0.017052382230758667, -4.457239699031475], [-16.10865267348055, 0.017052382230758667, -8.288769544495748], [-16.61600565740694, 0.017052382230758667, -0.6309385400358334], [-13.977286556964646, 0.017052382230758667, -5.636400467129417], [-12.83724331139521, 0.017052382230758667, 1.3096739355219125], [-10.888431073334948, 0.017052382230758667, -6.03715504440888], [-8.292746240287743, 0.017052382230758667, -8.21084297158853]], "number_of_bots": 10, "bot_trajectory": [[0.0832727864839479, 0.0029141962368237407, 3.069683476494359, -3.689420160271215, 0.9805008598459037, 0.2660257082477364], [0.07479644510058424, 0.07290002793409868, 1.4816789677568187, 4.611685852444364, 1.752710842356625, 0.49046476561401836], [0.07641445121537269, 0.0804948887762598, -3.4346458375694655, -0.1913062282332767, 2.9518780960069795, 0.3684427028040014], [0.007953563565156174, 0.08010036346229142, -2.9266592122880555, -1.1645165201679497, 1.0245522650543013, 0.378680764947417], [0.07490502359399066, 0.06720679238050287, -3.9866634232974443, -4.996046365632223, 2.212582544056815, 0.45790268358652386], [0.07619483044800077, 0.011767293295674119, -4.494016407223834, 2.661784638827692, 1.8653401131989984, 0.2862819835290147], [0.054426585393614224, 0.061774599230257854, -1.8552973067815404, -2.3436772882658916, 1.4996449399867395, 0.5139551458640369], [0.09765973238957006, 0.010132169018564818, -0.7152540612121028, 4.602397114385438, 1.5490528200422293, 0.36690980452744265], [0.06519403142062073, 0.0669645107075379, 1.2335581768481585, -2.744431865545355, 2.147221754055907, 0.31306220040648836], [0.09920162040407052, 0.06647531893187272, 3.8292430098953623, -4.9181197927250055, 3.0205831285338807, 0.3079717025743941]]}