{"position": [[-7.3991469694947165, 0.08164820075035095, 2.0454448093508026], [-9.639948070401065, 0.08164820075035095, 1.3260657739301263], [-9.988159545621688, 0.08164820075035095, 3.592315480844487], [-8.878704942626403, 0.08164820075035095, 0.11159451004795207], [-5.930308335033106, 0.08164820075035095, 0.5519293021600555], [-5.098436782233881, 0.08164820075035095, 1.114234377127521], [-14.401497901103852, 0.08164820075035095, -1.162272272914798], [-5.899411136575909, 0.08164820075035095, 1.6309766624970123], [-10.997411929151035, 0.08164820075035095, 3.35853162834581], [-9.285967331382999, 0.08164820075035095, 3.8736666809263207], [-13.487911320679252, 0.08164820075035095, 7.28341493369782], [-9.383829813313314, 0.08164820075035095, 2.584350259539896], [-6.288404509499752, 0.08164820075035095, 3.3416082762927513], [-7.220430614200947, 0.08164820075035095, 4.519173923943294], [-7.132346016074136, 0.08164820075035095, -1.0494338473270037]], "number_of_bots": 15, "bot_trajectory": [[0.004671528833366611, 0.09030327251748424, 2.0470104859496194, -0.8789712558652618, 0.2899175714615629, 0.34386360995061066], [0.057534456420304816, 0.00625563090467397, -0.19379061495672922, -1.5983502912859382, 0.9093476789485762, 0.4187477395791889], [0.07145859784071286, 0.0436923774121308, -0.5420020901773526, 0.6678994156284224, 0.5397380193741027, 0.34635624245290875], [0.07903399433420101, 0.08884750630576668, 0.5674525128179342, -2.8128215551681124, 1.1030942785338054, 0.42904501807574325], [0.0336900933895532, 0.0762157454211487, 3.5158491204112297, -2.372486763056009, 0.3516211411033778, 0.43284769717184457], [0.014892541882634369, 0.038967208417773305, 4.347720673210455, -1.8101816880885435, 1.8174191778133042, 0.303916932403403], [0.051104953799920805, 0.042155553650761, -4.955340445659516, -4.0866883381308625, 1.9379089058546823, 0.30009656393885314], [0.0021326943441463244, 4.667284476655986e-05, 3.5467463188684265, -1.2934394027190521, 3.0304208581996717, 0.30358447228165875], [0.04876330613388961, 0.04565063759910948, -1.551254473706699, 0.43411556312974553, 2.0368488904578963, 0.43716705783188137], [0.08880934695804583, 0.01541530913928466, 0.1601901240613368, 0.9492506157102565, 2.4824308312548897, 0.3388556658769097], [0.08636685776228432, 0.03563245622322573, -4.041753865234917, 4.3589988684817556, 2.7116165961867815, 0.31058529816911296], [0.06102905163004296, 0.04632564423872054, 0.06232764213102149, -0.3400658056761685, 2.6617633136814343, 0.36198966152342715], [0.0488506131874896, 0.0883517495568901, 3.1577529459445843, 0.4171922110766868, 2.052026519116257, 0.28331016801796904], [0.04606294964205123, 0.026208840389367504, 2.2257268412433886, 1.5947578587272293, 1.0074564406913489, 0.48230842521856854], [0.021018385606331447, 0.03702465993486552, 2.3138114393702, -3.973849912543068, 1.552948840142626, 0.28007949712190583]]}