{"position": [[2.937313556574658, -1.2039477825164795, -0.9051702824675287], [9.769256171280045, -1.2039477825164795, -1.318846387803851], [11.184881881956398, -1.2039477825164795, 3.691000978012339], [11.214081674438594, -1.2039477825164795, -3.9685348540685226], [4.962446323344269, -1.2039477825164795, 4.537523082939924], [4.239500625643318, -1.2039477825164795, -2.354351047888824]], "number_of_bots": 6, "bot_trajectory": [[0.011954979148376444, 0.07279272179135142, -4.539894104100391, -1.6076948252760614, 1.2896017424995716, 0.49446897100062037], [0.004188665726548302, 0.0781245785179939, 2.292048510604995, -2.0213709306123837, 2.111136879877117, 0.39414087401118003], [0.023148900981498244, 0.0966030732662689, 3.7076742212813496, 2.9884764352038062, 1.1513914294084602, 0.33583999641411516], [0.09433778601084725, 0.06639021656016361, 3.7368740137635448, -4.671059396877055, 0.3134937041982879, 0.2767975226341861], [0.012388918016265437, 0.049604899285107674, -2.5147613373307798, 3.8349985401313913, 0.1580269135437629, 0.3626762480813717], [0.009437587353211341, 0.01915887884795142, -3.2377070350317307, -3.0568755906973566, 0.9973058533736764, 0.48455943186268324]]}