{"position": [[-1.9492831601006548, 0.09633243083953857, 4.9359344494204604], [-4.822245613083181, 0.09633243083953857, -0.040548224844306535], [-1.8220967853870278, 0.09633243083953857, -2.9257006974999697], [2.389104400348014, 0.09633243083953857, -2.5368466088676476], [-0.13139437588022873, 0.09633243083953857, 3.310741605926397], [-1.3841484073804238, 0.09633243083953857, -2.7274055547081755], [-6.738103839835121, 0.09633243083953857, -3.442768020963903], [-3.020428191750391, 0.09633243083953857, -2.241421016369994], [-3.3092414410401307, 0.09633243083953857, -3.6974112864881725]], "number_of_bots": 9, "bot_trajectory": [[0.01231657097504294, 0.0908045788441455, 0.10949655639104439, 4.704121122942456, 0.6927703026734311, 0.41166285144236303], [0.0054479344222657655, 0.07328722238978616, -2.7634658965914816, -0.272361551322311, 2.881439970830053, 0.33050853995782076], [0.026294965444607167, 0.08554928242098116, 0.23668293110467142, -3.157514023977974, 0.5637830298116906, 0.3562193048872081], [0.040262473383631, 0.06729076087197317, 4.447884116839713, -2.768659935345652, 2.277229074410684, 0.2864725108482342], [0.06870902810030247, 0.023999026802023447, 1.9273853406114705, 3.0789282794483928, 0.39465669621475563, 0.5110062985150132], [0.033765758504219444, 0.06147730603933651, 0.6746313091112754, -2.95921888118618, 1.2457031217356724, 0.2768674121818409], [0.08825113774408802, 0.09508784131317204, -4.679324123343422, -3.6745813474419076, 1.3704139084120843, 0.28840445079874627], [0.05480533684895071, 0.054388026921907896, -0.9616484752586918, -2.4732343428479986, 1.4543780568748874, 0.3723647559139487], [0.0848701770952062, 0.04025695631753471, -1.2504617245484317, -3.929224612966177, 0.8476941030656612, 0.36903229373545055]]}