{"position": [[-0.4986701511067808, 0.0827464759349823, 0.9355227273069264], [-3.420453432722877, 0.0827464759349823, -3.13972299659882], [0.18046115562504195, 0.0827464759349823, -6.9249602989827865], [2.2631902791495477, 0.0827464759349823, -2.936340350196673]], "number_of_bots": 4, "bot_trajectory": [[0.061211899167041575, 0.040341886212818444, 0.21915079129510517, 3.2094704430662038, 0.9062821161836231, 0.5208990890255336], [0.005627625538246306, 0.009554801056454221, -2.702632490320991, -0.8657752808395425, 0.6755189890500543, 0.46403312995683177], [0.061769944773800434, 0.039170289400371205, 0.8982820980269279, -4.651012583223509, 0.8465691554899932, 0.3288722100525257], [0.07176205267514109, 0.08420868121518431, 2.9810112215514337, -0.6623926344373954, 0.7387442046968283, 0.43418641582713097]]}