{"position": [[15.655447589874425, 2.8506689071655273, 1.3443504844397016], [10.451386047649878, 2.8506689071655273, 3.374031779859232], [11.523802692324113, 2.8506689071655273, -0.8005806539606817], [12.886313009838581, 2.8506689071655273, 4.176924332644935], [8.460280131842701, 2.8506689071655273, -1.5618075791246209], [10.730515687911069, 2.8506689071655273, 1.4674755992982318], [12.614079559890598, 2.8506689071655273, -0.22468613036589624], [10.78542101097814, 2.8506689071655273, -2.679578232998333], [15.932973175682605, 2.8506689071655273, -2.410432714981754]], "number_of_bots": 9, "bot_trajectory": [[0.08807588801925034, 0.08629436420183777, 3.554474460601964, 2.0749257479399152, 2.0540943374695715, 0.44302644679601866], [0.06804165134076805, 0.006713839383831743, -1.6495870816225822, 4.1046070433594455, 2.815096362566567, 0.36633214325998414], [0.017086505243722093, 0.023259262907078394, -0.5771704369483477, -0.07000539046046805, 1.5113047373413666, 0.3462409537024351], [0.04657475631313236, 0.08282059949707986, 0.7853398805661205, 4.907499596145149, 2.1816721171122304, 0.31108716921433743], [0.026071718959543456, 0.025831447909085203, -3.640692997429759, -0.8312323156244072, 1.370260628012245, 0.4824808818873795], [0.08845856768755803, 0.06285927962932554, -1.3704574413613912, 2.1980508627984454, 2.5244438496527026, 0.43874663383346824], [0.018441326313712515, 0.07339885614377054, 0.5131064306181365, 0.5058891331343174, 0.9151436651299139, 0.44008842192843944], [0.09830415140510256, 0.018548296620672478, -1.3155521182943208, -1.9490029694981192, 2.663799110293302, 0.44868826069638523], [0.004625305722526019, 0.007449975686494736, 3.8320000464101445, -1.67985745148154, 0.6476988811301698, 0.4803634865176894]]}