{"position": [[4.569358766667447, 0.054457783699035645, 0.3757260196094032], [9.499313920527706, 0.054457783699035645, -4.943099862542617], [5.534828634295707, 0.054457783699035645, 0.7735516126672799], [6.169482278051229, 0.054457783699035645, 0.1390328937046852], [10.697301539937781, 0.054457783699035645, -6.667655024626956], [11.19218555384957, 0.054457783699035645, -2.8286677278468204], [10.976404987603818, 0.054457783699035645, -1.9302908951769588], [7.815997771214439, 0.054457783699035645, 0.7982251064554537], [11.817647487101835, 0.054457783699035645, -2.2081872618933835], [6.983556792147799, 0.054457783699035645, -1.561030807207588], [9.599175858404447, 0.054457783699035645, -1.1253939463885638], [11.641616301953803, 0.054457783699035645, -0.8013273444005926], [10.150447252046147, 0.054457783699035645, 0.9700437857230519], [8.725950453732846, 0.054457783699035645, -2.774263957559215], [10.124569835275636, 0.054457783699035645, -1.4725297936504695]], "number_of_bots": 15, "bot_trajectory": [[0.043150132197260396, 0.08394412448006684, -2.548396646387973, 2.8658202044848915, 1.8608683769399124, 0.3232156918307538], [0.0880439750252995, 0.057958847384541975, 2.3815585074722865, -2.4530056776671283, 1.0093698955327548, 0.3480996911608599], [0.09443811068356664, 0.01569493078575431, -1.5829267787597134, 3.263645797542768, 0.949386034617299, 0.2640325008526804], [0.007459036470906399, 0.03565901196727309, -0.9482731350041917, 2.6291270785801735, 2.41278106605582, 0.2627966686303313], [0.008136284025916684, 0.059340403129925536, 3.579546126882361, -4.177560839751468, 1.6722671847031354, 0.3059072862875155], [0.02427989242796157, 0.07622509408537545, 4.074430140794149, -0.33857354297133213, 0.9094930371648768, 0.4871787993854422], [0.018634968784841242, 0.07219874597022774, 3.8586495745483984, 0.5598032896985294, 1.0174617218329165, 0.4723779792085541], [0.003143046862500787, 0.05619447610692019, 0.6982423581590191, 3.288319291330942, 1.0222850493477438, 0.35699917770023293], [0.047686855492315584, 0.0023723593224225124, 4.699892074046415, 0.28190692298210474, 0.567655077721692, 0.37863458373208353], [0.0652260795281767, 0.09374872283521746, -0.1341986209076207, 0.9290633776679003, 2.895568445671786, 0.29687803660488343], [0.013409345482024371, 0.05335370876285252, 2.481420445349026, 1.3647002384869245, 0.5804726661896166, 0.4491620017713872], [0.01063188125507949, 0.08479156524895436, 4.523860888898384, 1.6887668404748957, 1.4395198654286119, 0.40267493683249733], [0.021205889556815627, 0.04176509068912861, 3.0326918389907274, 3.4601379705985402, 2.7566102741202143, 0.26607778116381736], [0.05507688591522467, 0.07647979030882068, 1.608195040677426, -0.2841697726837267, 3.1162524933906455, 0.38627612394902905], [0.06565397891035334, 0.06039905625695419, 3.0068144222202164, 1.0175643912250187, 1.5062226784043626, 0.37292311888995366]]}