{"position": [[-14.886860413447888, -0.2648666501045227, -2.927554923465415], [-14.064415969276379, -0.2648666501045227, 3.5329225328013347]], "number_of_bots": 2, "bot_trajectory": [[0.02141338284575276, 0.08325168544619412, -3.495653672114879, -2.0851882280613623, 2.4695810151315856, 0.26312486195866963], [0.09042071718785138, 0.09006553432882479, -2.6732092279433717, 4.3752892282053875, 2.7348582360373093, 0.4765088814713399]]}