{"position": [[-8.288283753920481, 0.11776122450828552, -5.626546635967206]], "number_of_bots": 1, "bot_trajectory": [[0.005787282609335509, 0.027197943399023372, 1.7549348587504177, 0.3872129770699029, 2.732768379674699, 0.3451827366722537]]}