{"position": [[12.998017476148421, 0.19480296969413757, 0.025377672815717123], [11.94214044296429, 0.19480296969413757, 5.145235490254393], [16.798066340940174, 0.19480296969413757, 2.195645571653208], [12.928822976541735, 0.19480296969413757, 2.6331865625200055], [9.55722611991822, 0.19480296969413757, 0.5764094139742557], [9.212950285661256, 0.19480296969413757, 5.001780830808833], [10.400365074993557, 0.19480296969413757, 5.316401507597266], [10.509157868572606, 0.19480296969413757, 6.335017600363623], [8.664412278647864, 0.19480296969413757, 0.5909403814603185], [11.463732082746207, 0.19480296969413757, 1.1270369662597854], [9.6009962213192, 0.19480296969413757, 0.5707461420751001], [16.31351075859754, 0.19480296969413757, 5.309074827016648], [9.864896027453982, 0.19480296969413757, -2.4656789287470593], [16.030159861212773, 0.19480296969413757, 2.4677661152549657]], "number_of_bots": 14, "bot_trajectory": [[0.07763242767855746, 0.02227256967016932, -0.137401415758317, -1.3732121766563288, 2.348198797300337, 0.40844517851968776], [0.09803738559843747, 0.0910829303703359, -1.1932784489424486, 3.7466456407823467, 1.683476055289836, 0.47789986252643946], [0.03560412166437473, 0.07900224458728403, 3.662647449033435, 0.7970557221811625, 0.05324147240604696, 0.31694759299073516], [0.07913360217726825, 0.026309652717480102, -0.2065959153650032, 1.2345967130479596, 0.08244962072511264, 0.46016901209318745], [0.08272351988261037, 0.0951164287583087, -3.57819277198852, -0.8221804354977902, 0.9030559408331135, 0.4413060798149074], [0.03989156311750469, 0.09588395886422209, -3.9224686062454825, 3.603190981336788, 1.7354218222164373, 0.37287153859260835], [0.06883255865016656, 0.0270753873048336, -2.7350538169131813, 3.917811658125221, 1.389494655879829, 0.41800187860346727], [0.08571081227692831, 0.008209411099459085, -2.6262610233341324, 4.9364277508915775, 2.0398566860529477, 0.35390735200995704], [0.08549545918952742, 0.026751200618237027, -4.471006613258874, -0.8076494680117274, 2.91512610006162, 0.3095591703785449], [0.06555711323122591, 0.009882247248468135, -1.671686809160532, -0.27155288321226045, 0.298045990368055, 0.3639405137963163], [0.022448463273929707, 0.07682361833771842, -3.5344226705875395, -0.8278437073969458, 1.3916746401631424, 0.49185854789294375], [0.05646698531667651, 0.0769513896860717, 3.1780918666908042, 3.9104849775446016, 2.976798972522065, 0.3937487604819891], [0.07258927837571141, 0.07471036803644934, -3.270522864452756, -3.864268778219105, 0.5874710616077143, 0.3136525731356744], [0.06070663574960539, 0.028469254724337166, 2.8947409693060355, 1.0691762657829196, 1.2053670495948057, 0.4393685477556626]]}