{"position": [[-1.0, 0.0, -2.0], [-3.0, 0.0, -4.0], [-5.0, 0.0, 1.0], [-7.0, 0.0, 3.0], [-7.0, 0.0, -5.0], [1.0, 0.0, -10.0]], "number_of_bots": 5, "bot_trajectory": [[0.052557958612721944, 0.036285966688871484, -1.0, -2.0, 0.5186770449474813, 0.3708342404468051], [0.07870887551967358, 0.013820179999166215, -3.0, -4.0, 2.852746785104931, 0.31506849348751953], [0.007406732602289567, 0.09690747804320637, -5.0, 1.0, 1.5962710224802956, 0.4723874842009693], [0.07388444027409735, 0.025162494187646066, -7.0, 3.0, 0.05281213676780263, 0.46541414228530464], [0.07582247143926095, 0.04524890417190934, -7.0, -5.0, 3.114881737742059, 0.5194502823048652]]}