{"position": [[-8.710104144936027, -0.14507229626178741, -1.6888825239610876], [-3.009555766249095, -0.14507229626178741, 1.47220653800706], [-11.074500998353816, -0.14507229626178741, 1.3989487463294021], [-5.835816378943962, -0.14507229626178741, 4.062877618552585], [-3.529792794928497, -0.14507229626178741, 4.080981054892195], [-5.727874420915228, -0.14507229626178741, 5.063116995385306], [-12.629728018652838, -0.14507229626178741, 4.061513958886186], [-9.682793965101746, -0.14507229626178741, 5.1252218286016085], [-12.086726889660731, -0.14507229626178741, 0.21915077387966786], [-4.8727540221934245, -0.14507229626178741, 0.024878741212653432], [-4.040007694957434, -0.14507229626178741, -4.5344795610972595], [-12.714473373732625, -0.14507229626178741, -1.0070828060345887], [-3.784564628833179, -0.14507229626178741, 0.8367618004414441]], "number_of_bots": 13, "bot_trajectory": [[0.021782757241263596, 0.06281493912999034, -0.84453979862255, -1.9366398395967688, 1.5764759096322447, 0.3691140819636595], [0.08034184036377258, 0.024081865407947912, 4.8560085800643815, 1.2244492223713788, 0.949806352447181, 0.43744003670811143], [0.03056196558550438, 0.09811953077931584, -3.2089366520403395, 1.151191430693721, 1.2837284435857628, 0.28144653218709187], [0.06497806097906808, 0.052157614836205145, 2.029747967369515, 3.8151203029169034, 2.343165806561913, 0.5101453412175488], [0.009724591332709287, 0.07719008878311757, 4.33577155138498, 3.833223739256514, 1.7473451790285237, 0.4857995539766127], [0.05690106104606366, 0.010769991719251425, 2.1376899253982486, 4.8153596797496245, 1.183932630819751, 0.42314610966365507], [0.06690312343816705, 0.07863671895625193, -4.764163672339361, 3.8137566432505055, 2.7360028409929296, 0.34596300102545585], [0.0827069346091995, 0.048753455413608725, -1.8172296187882697, 4.877464512965927, 2.9155034023312845, 0.41724944623121407], [0.004685589529679557, 0.011681449078727535, -4.221162543347256, -0.028606541756013293, 0.8812589582157324, 0.2866685930798713], [0.043209097474872636, 0.04978705752237043, 2.992810324120052, -0.22287857442302772, 2.4192540098931445, 0.31842779807515653], [0.048627009176003023, 0.053336585533629556, 3.8255566513560426, -4.782236876732941, 1.4947811845887318, 0.361417370378279], [0.001132115290589908, 0.07827318508295839, -4.848909027419149, -1.2548401216702698, 0.5686538429489475, 0.41647945641834727], [0.08183579968999348, 0.0626810612550266, 4.080999717480298, 0.589004484805763, 1.310595358140496, 0.5052073160422142]]}