{"position": [[-14.351169188074536, 0.033371686935424805, 7.5980614481495765], [-10.10255926376471, 0.033371686935424805, 3.0336865194113525], [-8.421194594736699, 0.033371686935424805, 7.788026158236338], [-12.288401099669366, 0.033371686935424805, 6.70180216560891], [-17.199715393138373, 0.033371686935424805, 4.388940690632294], [-15.10420875185552, 0.033371686935424805, 5.446456858332022], [-11.48980073329188, 0.033371686935424805, 7.218372765258182], [-17.43876478031587, 0.033371686935424805, -0.4226219958973587]], "number_of_bots": 8, "bot_trajectory": [[0.02001195085617774, 0.04477976800297564, -1.6015497041267812, 4.009539967589274, 2.6939346205840753, 0.5196741838329225], [0.0614373383962906, 0.08099724225419984, 2.647060220183043, -0.55483496114895, 0.0743456807542081, 0.3747068968465681], [0.0713086031462537, 0.03744714228291607, 4.328424889211055, 4.199504677676035, 2.9692213898043534, 0.26978034835368575], [0.09264754410997884, 0.011331193992399912, 0.4612183842783879, 3.113280685048607, 2.055028423767018, 0.3283849684792053], [0.015179919060712154, 0.0460285566854635, -4.450095909190619, 0.800419210071992, 0.4593838283583586, 0.4390486898897201], [0.021246589571714814, 0.06431785518501544, -2.354589267907765, 1.857935377771719, 1.224939492433971, 0.48832508360903615], [0.010920406969711017, 0.027252398947632518, 1.2598187506558745, 3.629851284697879, 2.2024090127647393, 0.49285847001925814], [0.07227718082821796, 0.007628625344241424, -4.689145296368119, -4.0111434764576614, 0.6495037058444929, 0.4569260933650453]]}