{"position": [[0.11094090418808622, 3.085089683532715, -0.5649430093392569]], "number_of_bots": 1, "bot_trajectory": [[0.03004771572996966, 0.025361275744254043, -0.9753672174931272, 4.798502749480323, 1.6118034546530904, 0.3744605916233346]]}