{"position": [[4.20695242954259, 2.7688939571380615, 3.874714132966874], [5.6823510831214925, 2.7688939571380615, -2.479407547095269], [-1.775058022420641, 2.7688939571380615, 0.5112236836339163], [-1.2104615643893597, 2.7688939571380615, 2.4685747693896207], [7.144673230919292, 2.7688939571380615, -1.6712936783777979], [-0.08977732328952337, 2.7688939571380615, 4.858824177848798]], "number_of_bots": 6, "bot_trajectory": [[0.08784025788323295, 0.054665752948857595, 1.7692302234268675, 1.5038173167132118, 1.7575055847279568, 0.43324053649122174], [0.010716852685258006, 0.04033808894643874, 3.24462887700577, -4.850304363348931, 2.401713888472855, 0.4029746502755205], [0.032797064048665135, 0.025125293341074207, -4.212780228536364, -1.8596731326197458, 0.10312220508162509, 0.27021732486858474], [0.0528350502795981, 0.03812716188695294, -3.6481837705050824, 0.0976779531359584, 0.7285527377933533, 0.489532204783214], [0.07339071204517286, 0.08085692606827613, 4.706951024803569, -4.04219049463146, 2.3090977204591936, 0.2720728362978884], [0.08523144431418064, 0.012836056340705115, -2.527499529405246, 2.487927361595136, 2.0708784857867766, 0.32135604331831713]]}