{"position": [[-2.33992058344578, -0.09202927350997925, 9.811865724999132], [3.6360596428709826, -0.09202927350997925, 5.743633461616797], [-5.224844886277881, -0.09202927350997925, 13.531697994158057]], "number_of_bots": 3, "bot_trajectory": [[0.073819594162429, 0.007967103471010761, -1.8787910074779912, 0.5355700630728621, 0.9658748210433835, 0.3648149438931097], [0.06935996990839056, 0.013323529793513578, 4.097189218838771, -3.5326622003094723, 0.7417333711034325, 0.2803023950195068], [0.04531475210136836, 0.06754126171614262, -4.763715310310093, 4.255402332231787, 1.8933497743879155, 0.501031159859975]]}