{"position": [[-3.4850621538100226, 0.06246274709701538, 0.17255866419839272]], "number_of_bots": 1, "bot_trajectory": [[0.039116221189341584, 0.009159664555990566, -3.80952975320196, 0.45060691129731545, 2.9386273845478317, 0.3766894090010362]]}