{"position": [[2.2142306683276747, 0.02779260277748108, -15.630521422652865], [2.3391075903039824, 0.02779260277748108, -16.385094794786134], [-4.291125731029162, 0.02779260277748108, -13.43409571678791], [4.539759621473161, 0.02779260277748108, -16.780529500730776], [-4.338228100884154, 0.02779260277748108, -14.930521243210247], [-5.0515561321835385, 0.02779260277748108, -15.828936323472671], [1.742075123159149, 0.02779260277748108, -8.794854072345546], [3.4058511499562094, 0.02779260277748108, -15.432520092830966], [-4.485671892508368, 0.02779260277748108, -12.469569330603317], [-2.8635388895418306, 0.02779260277748108, -15.196142132096766], [-2.788858775129939, 0.02779260277748108, -17.93686135807445]], "number_of_bots": 11, "bot_trajectory": [[0.005172025197116892, 0.028012465112645536, 2.5408460018848036, -2.2568851769253273, 0.5414456082739216, 0.3811026043916508], [0.08572259095218217, 0.07450810214253945, 2.6657229238611113, -3.0114585490585966, 0.86061328103797, 0.3358831248264741], [0.07400666205997114, 0.0214856490994768, -3.964510397472033, -0.060459471060371195, 2.0799547472184314, 0.2968379070802325], [0.07712363423340604, 0.04811608336129174, 4.86637495503029, -3.4068932550032374, 2.8284653757313998, 0.30715015752371627], [0.011987616673466827, 0.05211568955697591, -4.011612767327025, -1.5568849974827081, 2.162087598874513, 0.41554624674009805], [0.03162435646595454, 0.004769186911146117, -4.72494079862641, -2.4553000777451315, 1.6800759472838491, 0.48365692954881867], [0.05711973747425199, 0.05532293960014291, 2.068690456716278, 4.578782173381994, 2.1319106438197823, 0.4337745286871665], [0.08318914342173532, 0.052289818085571274, 3.7324664835133383, -2.0588838471034276, 1.992944278997236, 0.42693380050026136], [0.02924311393231699, 0.07485993584920164, -4.159056558951239, 0.904066915124222, 2.1551871135126257, 0.33803967853608324], [0.0925581735669439, 0.09457803191487721, -2.5369235559847017, -1.8225058863692267, 0.48927931433968297, 0.35723135258000915], [0.017737177170485674, 0.058050733508761, -2.4622434415728103, -4.56322511234691, 1.1464807843981397, 0.5182819576898762]]}