{"position": [[-10.93188574579516, 0.04733753204345703, -2.388573260232989], [-10.06416583970439, 0.04733753204345703, -0.7669306915192073], [-3.8395058884879107, 0.04733753204345703, 1.309589946476605], [-9.177753896498862, 0.04733753204345703, -3.605129239159431], [-7.603634253453366, 0.04733753204345703, -3.3603835840764003], [-3.3203347299567616, 0.04733753204345703, -0.11422121583790368], [-3.4423621553520576, 0.04733753204345703, -0.4299629789856718], [-3.227404292289023, 0.04733753204345703, 1.6729341688547121], [-7.278774003620729, 0.04733753204345703, -3.3473455209125444], [-4.64458592643338, 0.04733753204345703, -7.055461863228236], [-3.387104113902774, 0.04733753204345703, -6.332964587166694], [-11.317337496986164, 0.04733753204345703, -3.992088413117842], [-4.492318667214504, 0.04733753204345703, -2.3204069549803537], [-3.9518316945717067, 0.04733753204345703, -4.091516047338638], [-10.78532640298631, 0.04733753204345703, -1.963282085845551], [-10.783972655704794, 0.04733753204345703, -1.4595389012102464], [-9.066435602688601, 0.04733753204345703, 0.08593867699506674]], "number_of_bots": 17, "bot_trajectory": [[0.0011065604680255414, 0.02459499541572806, -3.5391369130925243, 0.2614614058284126, 0.49627686900383977, 0.2665451822851797], [0.08476026300235306, 0.04927094234436954, -2.671417007001753, 1.883103974542194, 2.5389574947077596, 0.3267496440210823], [0.08772694252230098, 0.05919271401827971, 3.553242944214726, 3.9596246125380063, 1.4642072591497024, 0.420700486731388], [0.03974772533751788, 0.08175988182815117, -1.7850050637962245, -0.9550945730980298, 0.8582153781747047, 0.28168066177972173], [0.07629768209918712, 0.015569334746199393, -0.21088542075072936, -0.7103489180149991, 2.2597196889650877, 0.2769299764253291], [0.02346414134510304, 0.08239557738693852, 4.072414102745875, 2.5358134502234977, 1.9445086641236302, 0.33573415408392293], [0.051498225857818034, 0.029533886832429558, 3.950386677350579, 2.2200716870757295, 1.6113966171059961, 0.3852620522165977], [0.06869882553779026, 0.09868986708175019, 4.165344540413614, 4.3229688349161135, 2.922067134414546, 0.4068603284686034], [0.03617945681114902, 5.749272053389154e-05, 0.11397482908190759, -0.6973108548511431, 0.9343565288064957, 0.34524852114396676], [0.07676951492252009, 0.06425222477010833, 2.7481629062692567, -4.405427197166834, 2.9723699671785426, 0.4993377713198984], [0.027145590867965575, 0.018363898027719528, 4.0056447187998625, -3.6829299211052935, 0.7884454506844283, 0.4276024497380095], [0.002658421151940482, 0.07163556211414566, -3.924588664283528, -1.3420537470564409, 1.1628881729482738, 0.3434380396246171], [0.00035697482490999467, 0.03162643492549746, 2.9004301654881326, 0.3296277110810475, 2.6275855848947076, 0.45826745587684736], [0.045134450572570636, 0.09407688938355384, 3.44091713813093, -1.4414813812772365, 0.09104301053165999, 0.399863593233427], [0.05199053155678627, 0.07174872179357114, -3.392577570283674, 0.6867525802158503, 1.2175697124156153, 0.3331887361146181], [0.07676668401897634, 0.07043484397479484, -3.391223823002157, 1.190495764851155, 0.4847004055717931, 0.3764784260265501], [0.06765706678696662, 0.04661737492094862, -1.6736867699859648, 2.735973343056468, 1.3003228543394667, 0.2792604781600828]]}