{"position": [[0.0, 1.3, 0.7], [4.0, 1.3, 0.1], [4.0, 1.3, 1.8], [3.0, -1.6, 0.0], [2.0, -1.6, 0.0], [3.5, -1.6, 0.0]], "number_of_bots": 2, "bot_trajectory": [[0.09336309296725204, 0.08379429187720676, 0.0, 0.7, 0.896492561567521, 0.33038520076580014], [0.0650263123244186, 0.005901781808322737, 4.0, 0.1, 0.1181598520180297, 0.2697348116569847]]}