{"position": [[9.360457420349121, 0.11806288361549377, -1.518024206161499], [10.860457420349121, 0.11806288361549377, -3.018024206161499], [15.110457420349121, 0.11806288361549377, -3.518024206161499], [15.110457420349121, 0.11806288361549377, -0.518024206161499], [15.110457420349121, 0.11806288361549377, 3.481975793838501], [5.860457420349121, 0.11806288361549377, 3.481975793838501]], "number_of_bots": 5, "bot_trajectory": [[0.014192855644616953, 0.044411882217859466, 9.360457420349121, -1.518024206161499, 1.9289873096983456, 0.34848818694847083], [0.0779809830212708, 0.03673163972978456, 10.860457420349121, -3.018024206161499, 0.2941825196177222, 0.48803380349242836], [0.06341303252738975, 0.02491195630746278, 15.110457420349121, -3.518024206161499, 0.6879105552190452, 0.35418617071496206], [0.09400512772119848, 0.03380500710322023, 15.110457420349121, -0.518024206161499, 0.011629516683842983, 0.3490947130599061], [0.018905636061596176, 0.0702289750646133, 15.110457420349121, 3.481975793838501, 1.5863183275433113, 0.4171741378778781]]}