{"position": [[-1.0, 0.0, -2.0], [-3.0, 0.0, -4.0], [-5.0, 0.0, 1.0], [-7.0, 0.0, 3.0], [-7.0, 0.0, -5.0], [1.0, 0.0, -10.0]], "number_of_bots": 2, "bot_trajectory": [[0.09681137941151921, 0.07808013455498118, -1.0, -2.0, 2.214940415821022, 0.41669720091286405], [0.0049787805812244405, 0.07834350112066522, -3.0, -4.0, 0.8960648020685802, 0.38337886285677814]]}