{"position": [[2.2749761810007474, -2.3082828521728516, 3.1377726153591476], [1.1815163527548478, -2.3082828521728516, 1.889157629854788], [-1.4035928731957226, -2.3082828521728516, -0.4114958305036289]], "number_of_bots": 3, "bot_trajectory": [[0.08271187719004888, 0.050243686913546845, 3.7415293922129056, 0.8886468962887129, 2.8044179169326546, 0.4071511193707931], [0.05578469119056412, 0.06244326388951456, 2.648069563967006, -0.3599680892156465, 0.7444509277605021, 0.2851662410343475], [0.03761912157948102, 0.09172556852007083, 0.06296033801643564, -2.6606215495740635, 1.0681327400356708, 0.40763705531865935]]}