{"position": [[-1.0, 0.0, -2.0], [-3.0, 0.0, -4.0], [-5.0, 0.0, 1.0], [-7.0, 0.0, 3.0], [-7.0, 0.0, -5.0], [1.0, 0.0, -10.0]], "number_of_bots": 3, "bot_trajectory": [[0.0669116105054911, 0.027553689854803675, -1.0, -2.0, 0.6045035950758436, 0.4847308033608596], [0.04341636516182903, 0.02700216537673439, -3.0, -4.0, 2.5141927118577034, 0.4524518265593637], [0.06039055772347568, 0.089036758424894, -5.0, 1.0, 2.54909378623874, 0.4884896545096913]]}