{"position": [[1.707452782240796, 0.10048598051071167, -1.8115079160176544], [3.3037219467294046, 0.10048598051071167, 0.33885826946145015], [5.250826779823608, 0.10048598051071167, -2.701926301818795], [-3.2991222741764856, 0.10048598051071167, -3.2066646504701084], [1.010338309493415, 0.10048598051071167, 0.607441088666208], [4.084646348507423, 0.10048598051071167, -4.027181438659685], [5.406382528575403, 0.10048598051071167, 4.497708191135198], [3.4201377886646758, 0.10048598051071167, 4.453830534531725]], "number_of_bots": 8, "bot_trajectory": [[0.01742763056228478, 0.04178935310007407, 0.8087678633603335, -2.318893527551773, 1.7206986628719767, 0.3155908795337078], [0.07665651247027702, 0.03291690852015398, 2.405037027848942, -0.1685273420726685, 3.0425994872891753, 0.3765591372315217], [0.06254889139203687, 0.017365182176753778, 4.352141860943146, -3.2093119133529138, 1.7963992545130856, 0.3629699278799118], [0.07117591006615215, 0.06509191860167404, -4.197807193056948, -3.714050262004227, 1.6768600353707803, 0.3470335160327457], [0.021911322614691052, 0.05607276897853526, 0.11165339061295243, 0.1000554771320894, 0.13875376362533282, 0.41892866085297586], [0.08523404942210448, 0.04328663579339237, 3.18596142962696, -4.534567050193804, 2.558987776620896, 0.376809049268581], [0.006101038658652103, 0.03977662297054104, 4.50769760969494, 3.990322579601079, 0.7356859532280227, 0.4469832924804811], [0.013232055707802748, 0.019098081550447434, 2.521452869784213, 3.946444922997606, 2.431063902842006, 0.4903896936377622]]}