{"position": [[1.377159606717597, -2.0295839309692383, -0.5292979828354651], [0.5092603457774745, -2.0295839309692383, -1.3884841771537229], [6.579974605199018, -2.0295839309692383, 3.661239787824185], [-1.127103220976851, -2.0295839309692383, 5.192055043785266]], "number_of_bots": 4, "bot_trajectory": [[0.04299554826675639, 0.0628356076171322, -1.8297362215294732, -1.731333171510392, 1.8652552516863656, 0.30629558529163453], [0.005966816570790301, 0.0745240263705082, -2.697635482469596, -2.5905193658286496, 1.8825541961604686, 0.4536790214055534], [0.06806527132558352, 0.01988976817918998, 3.3730787769519477, 2.4592045991492584, 1.736897733565476, 0.33010819273297176], [0.0062070068685003196, 0.00027744218269452057, -4.333999049223921, 3.990019855110339, 1.5244289440506673, 0.36605189720810716]]}