{"position": [[-1.0, 0.0, -2.0], [-3.0, 0.0, -4.0], [-5.0, 0.0, 1.0], [-7.0, 0.0, 3.0], [-7.0, 0.0, -5.0], [1.0, 0.0, -10.0]], "number_of_bots": 1, "bot_trajectory": [[0.016527444907667433, 0.0084189629933609, -1.0, -2.0, 1.2949649164787105, 0.31257882845743257]]}