{"position": [[2.0, 0.1, -2.0], [0.7, 0.1, -3.5], [6.0, 0.1, -1.5], [8.5, 0.1, 3.0], [15.0, 0.1, 8.5], [10.0, 0.0, 15.0]], "number_of_bots": 4, "bot_trajectory": [[0.09617330779835179, 0.07110601513064738, 2.0, -2.0, 0.9374509176874236, 0.4401258389753968], [0.038942817448416434, 0.08521471012316359, 0.7, -3.5, 2.9599115245887697, 0.4479506566462974], [0.01734199940476048, 0.08818737523273648, 6.0, -1.5, 0.7923904028151036, 0.2943855527228126], [0.04755777661825593, 0.0970333505611773, 8.5, 3.0, 0.7274305204777893, 0.27695049703057983]]}