{"position": [[-10.13345545687205, 0.15974174439907074, -2.333686669464342], [-11.187849136593108, 0.15974174439907074, -0.85657376932328], [-3.422558264145102, 0.15974174439907074, 1.2845282451389417], [-5.469903315533246, 0.15974174439907074, -1.3600537613825958], [-5.995239594024278, 0.15974174439907074, -2.6785792905800876], [-4.6689749484161185, 0.15974174439907074, 1.1026730712777766], [-8.317023661860967, 0.15974174439907074, -1.1142900880117947], [-6.321359379870552, 0.15974174439907074, 5.855053834081519], [-8.243137905158312, 0.15974174439907074, -0.3770659648395236], [-4.652089396951823, 0.15974174439907074, 2.9563752629706475], [-10.862521328099199, 0.15974174439907074, -3.5491819504501905], [-6.955458056035177, 0.15974174439907074, 1.9677743107659407], [-4.541159700797114, 0.15974174439907074, -3.7907823619747107], [-4.036785308340379, 0.15974174439907074, -2.989597607287563], [-9.314330328304004, 0.15974174439907074, -0.8565924528783841], [-7.796224032278301, 0.15974174439907074, 2.799128855771161], [-9.561727666509958, 0.15974174439907074, 4.559529008133312]], "number_of_bots": 17, "bot_trajectory": [[0.007669169600659054, 0.06040361837383331, -1.8625232593012486, -3.2856452661707323, 0.734183302258937, 0.4510798882662863], [0.030979935345051158, 0.05089590934551129, -2.916916939022307, -1.8085323660296704, 0.4225575357433766, 0.4625527142626402], [0.03845239775535593, 0.029107534890111107, 4.848373933425699, 0.3325696484325513, 1.474971805852794, 0.27754156393047336], [0.030012049326653932, 0.08514972163670143, 2.801028882037555, -2.312012358088986, 0.640011647155141, 0.3943781228509091], [0.09706631606154073, 0.07851127012994767, 2.275692603546522, -3.630537887286478, 1.090724740468722, 0.3450140928521655], [0.012693238122941309, 0.06929582818132062, 3.6019572491546823, 0.1507144745713862, 0.03406910409166341, 0.3327697936403996], [0.005529780757291691, 0.06433664300765793, -0.04609146429016664, -2.066248684718185, 2.9028208064968224, 0.5030642307418053], [0.07376713543097449, 0.01267534826537937, 1.9495728177002491, 4.903095237375129, 2.253858094422331, 0.42804445222681375], [0.003477803114554001, 0.0420377387401394, 0.02779429241248854, -1.329024561545914, 2.2399142060771893, 0.4007132566255722], [0.018431845360367915, 0.004283177351194445, 3.6188428006189777, 2.004416666264257, 2.9769587411076066, 0.27758496894125534], [0.0464655290788286, 0.0922305596963068, -2.591589130528398, -4.501140547156581, 2.356921790469141, 0.45678354657007286], [0.04872439067226454, 0.09790309107983744, 1.3154741415356241, 1.0158157140595503, 1.9385375610991575, 0.4192096650512559], [0.05213585113673012, 0.06443126185200103, 3.7297724967736867, -4.742740958681101, 2.4092565877149013, 0.4427374484094124], [0.0962539802458003, 0.07212441656657004, 4.234146889230422, -3.9415562039939536, 0.8623714281260692, 0.44024225339385203], [0.06265509781226916, 0.09945596731506319, -1.043398130733203, -1.8085510495847745, 1.7976742519486675, 0.36013393623062595], [0.02040114971861412, 0.09780995243841924, 0.47470816529249893, 1.847170259064771, 0.3543674298949674, 0.3137367486042087], [0.04256522519682161, 0.094600897960961, -1.2907954689391576, 3.6075704114269214, 2.6728938518257155, 0.49800498863098286]]}