{"position": [[-3.1938960839168336, 3.1926021575927734, -8.521098198708032], [-8.943491816283565, 3.1926021575927734, -0.7741308940125409], [-5.716547325708656, 3.1926021575927734, -4.060327241973251], [-4.521360116630413, 3.1926021575927734, -6.353441991792575], [-3.8896398579503275, 3.1926021575927734, -0.08869913891820236], [-3.38932380414749, 3.1926021575927734, -4.919506702068146], [-6.9659563792992705, 3.1926021575927734, -6.432426615286887], [-0.8085745433460438, 3.1926021575927734, -5.913382797023519], [-1.6827965373229254, 3.1926021575927734, -8.673046459881785], [-2.5754255517508327, 3.1926021575927734, -3.4527193295316514], [-5.103623741816543, 3.1926021575927734, -7.129203850516708], [-6.285829943865293, 3.1926021575927734, -1.3841998893856333], [-1.2248952276295952, 3.1926021575927734, -4.818196648055579], [-7.594403297238737, 3.1926021575927734, -7.5338463847653125]], "number_of_bots": 14, "bot_trajectory": [[0.025366383818329886, 0.08643911863860933, 2.5617124747379516, -3.734250130470728, 2.5965264081245896, 0.34307451141236045], [0.05447669557376206, 0.05664230925406207, -3.18788325762878, 4.012717174224764, 1.5932544065793237, 0.5017754224183149], [0.026179356434406977, 0.03088732629292884, 0.03906123294612929, 0.7265208262640532, 2.3064069692881564, 0.305881122025062], [0.016542040792410607, 0.09387793725315399, 1.2342484420243716, -1.5665939235552706, 0.6626411590170632, 0.3870140440334138], [0.02951965119171095, 0.07037366644433045, 1.8659687007044579, 4.698148929319102, 1.7967552040017596, 0.5196559515972901], [0.061595692484453714, 0.06496218316832734, 2.366284754507295, -0.1326586338308411, 0.12923915462414837, 0.48592356501471795], [0.004064247133466603, 0.03624296195355374, -1.210347820644485, -1.645578547049582, 0.8919720003654144, 0.32507218670177473], [0.09828774407009215, 0.021053732610588648, 4.947034015308741, -1.1265347287862137, 2.0713187884066837, 0.5157565269920767], [0.09255796041011236, 0.023958046418743894, 4.07281202133186, -3.8861983916444807, 0.9578480209170411, 0.2795146111628953], [0.007626131144692927, 0.03183672228622425, 3.1801830069039525, 1.3341287387056533, 0.004464512849847196, 0.3097888368967071], [0.04531204566090212, 0.020592889272270452, 0.6519848168382425, -2.342355782279404, 0.11287078421272115, 0.45780329727578467], [0.04884843570901848, 0.016503766754993952, -0.5302213852105075, 3.4026481788516714, 2.5164152665231003, 0.3557457077214803], [0.05813824989922436, 0.009170476964502872, 4.53071333102519, -0.031348579818274436, 2.9048609999181, 0.4608549763722803], [0.07548655668354783, 0.08204516066341089, -1.838794738583952, -2.746998316528008, 2.301862806992694, 0.42835851131732117]]}