{"position": [[6.345094175991941, 0.12282902002334595, -5.667114616470687], [13.939613633006875, 0.12282902002334595, -2.2261370967062604], [11.870031006486144, 0.12282902002334595, -6.865040063004833], [6.25640376306942, 0.12282902002334595, -6.447144654259542]], "number_of_bots": 4, "bot_trajectory": [[0.01615808392462096, 0.03168390521289177, -2.7923808377409696, -2.0438822518161457, 0.5359870246760287, 0.522598417783682], [0.06772679946428187, 0.08544921341570387, 4.802138619273965, 1.3970952679482807, 2.5684711274285186, 0.349375478251612], [0.08158288505780595, 0.03855649186810717, 2.732555992753234, -3.241807698350292, 2.695634825043015, 0.3119347915738809], [0.03334003968090334, 0.052054264151811455, -2.8810712506634903, -2.8239122896050017, 1.8347533891490466, 0.3303051464102644]]}