{"position": [[-9.493470131851813, 0.13497117161750793, 7.386125135889589], [-8.1224428508778, 0.13497117161750793, 5.68163568097215], [-10.128100171393543, 0.13497117161750793, 3.9657068959085944], [-9.246612834191822, 0.13497117161750793, 0.48596711777063284]], "number_of_bots": 4, "bot_trajectory": [[0.056980532877630594, 0.011466747088013185, -0.3577165002600158, 4.288097906580507, 0.9119222323971597, 0.4417672389933408], [0.07647362227837931, 0.04741909340424836, 1.0133107807139963, 2.5836084516630677, 3.009596304860603, 0.46823109789713513], [0.0413677331659135, 0.08974447973470326, -0.9923465398017461, 0.8676796665995123, 2.4628734074352048, 0.34644972984891603], [0.018548573224099685, 0.08382244787564211, -0.11085920260002435, -2.612060111538449, 1.339896076606662, 0.3917402420672019]]}