{"position": [[2.8424742089454806, 0.16033440828323364, 4.331246115347474], [2.0644419637442146, 0.16033440828323364, -0.935693135146725], [3.0235794522486286, 0.16033440828323364, 3.113611519515149], [-1.8995738124514359, 0.16033440828323364, 1.7834920854222087], [1.114543409758575, 0.16033440828323364, -0.8867719622885721], [-5.401043905185928, 0.16033440828323364, 0.4163746260311125], [1.5704352532549373, 0.16033440828323364, -2.8274842958697084], [0.20388783533841348, 0.16033440828323364, -3.063669285654849], [2.3430354461088347, 0.16033440828323364, 4.091829557420375], [-2.6188226019791134, 0.16033440828323364, 3.6920559018821573], [2.35096953183176, 0.16033440828323364, 4.573560659513609], [0.4609157198108984, 0.16033440828323364, 3.619759009951828], [2.0633076681474654, 0.16033440828323364, 4.157081461192421], [-6.100116537368049, 0.16033440828323364, -3.13552951342045], [-2.507123953131334, 0.16033440828323364, -1.2473642802762213], [2.9760539389328837, 0.16033440828323364, -3.7289941459626057], [-5.161266535072527, 0.16033440828323364, -3.8368354759116112], [-3.3346977349410523, 0.16033440828323364, 1.360925132444318], [2.0297196948716127, 0.16033440828323364, 5.455345762913241]], "number_of_bots": 19, "bot_trajectory": [[0.08874105917656275, 0.0811882372245549, 4.496614204520432, 3.7249126211610726, 0.36576011015420196, 0.38776253805697025], [0.08800457214219656, 0.005479952620761197, 3.718581959319166, -1.5420266293331264, 0.1657887520037657, 0.44541519093631865], [0.08986349096540663, 0.09638952374443509, 4.67771944782358, 2.5072780253287474, 2.7655346672132444, 0.4038000725805764], [0.0393768823934161, 0.08237191063708615, -0.2454338168764847, 1.1771585912358074, 0.773747665981836, 0.4835039639525357], [0.055893371337844555, 0.0031977882222436914, 2.768683405333526, -1.4931054564749735, 1.6619521386799443, 0.3430250996909913], [0.01068455484952141, 0.09858616405461619, -3.746903909610977, -0.18995886815528884, 0.31445183886531247, 0.428263334664406], [0.08541471283942528, 0.040606023131211796, 3.2245752488298884, -3.4338177900561098, 2.7236101694203936, 0.4315011080084948], [0.046821432516640296, 0.01770269570111995, 1.8580278309133647, -3.6700027798412505, 0.8365465201359057, 0.4136369152833854], [0.031539328673628284, 0.03817565637024306, 3.997175441683786, 3.485496063233974, 3.116614964739026, 0.30860439850915183], [0.02605314663186319, 0.06797075224042579, -0.9646826064041625, 3.085722407695756, 1.6611097432931536, 0.41200325822393746], [0.03935789431270165, 0.0513553591554042, 4.005109527406711, 3.9672271653272073, 2.90941688382051, 0.3912226912673766], [0.05368731555252212, 0.09307418475601657, 2.1150557153858496, 3.0134255157654266, 0.63126694806162, 0.3640927565009342], [0.04193381804838433, 0.08982598396244731, 3.7174476637224165, 3.5507479670060196, 2.1580283377625644, 0.4137438736997634], [0.07749575869071858, 0.020249117442691533, -4.445976541793097, -3.7418630076068515, 0.04398647007908963, 0.44078761043286213], [0.0954526438252231, 0.08764952458376525, -0.8529839575563825, -1.8536977744626226, 3.105817823168685, 0.34235974464636054], [0.03380921549279955, 0.04078110485590292, 4.630193934507835, -4.335327640149007, 1.9455643764621158, 0.4813493023029931], [0.04552614404748848, 0.07498458526227585, -3.507126539497576, -4.443168970098013, 1.5186145910704951, 0.3551778318795146], [0.04167569623253027, 0.08460158069740618, -1.6805577393661009, 0.7545916382579165, 2.3419817417913613, 0.4832334061660971], [0.09591084906149507, 0.07547929736768058, 3.683859690446564, 4.84901226872684, 2.0000509233802983, 0.5043076695846337]]}