{"position": [[1.2, 0.1, -7.2], [3.0, 0.1, -5.0], [10.0, 1.0, -10.0], [10.5, 0.7, -14.0], [19.0, 2.0, 1.0], [21.5, 2.0, 2.0]], "number_of_bots": 4, "bot_trajectory": [[0.06602087354202209, 0.04775126339091512, 1.2, -7.2, 2.9886814630894722, 0.4603521507156694], [0.01698601799595705, 0.02792082372876774, 3.0, -5.0, 2.4404816920530346, 0.4949947761450171], [0.06820421453168456, 0.002172684782017054, 10.0, -10.0, 0.01510593556344607, 0.3476760116704771], [0.003378289564876946, 0.05781189522512834, 10.5, -14.0, 2.8344315207882005, 0.5234561230628361]]}