{"position": [[6.496552735099026, 0.17252111434936523, -1.9589458993527593], [2.656552659502817, 0.17252111434936523, 5.980383202247403], [-1.302545669465383, 0.17252111434936523, -0.6124497991342426], [3.8868889676194707, 0.17252111434936523, -1.6670666486445374], [-0.5515534299472291, 0.17252111434936523, 6.469586608413894], [6.837927057847291, 0.17252111434936523, 7.027435098397858], [5.315689761187262, 0.17252111434936523, 5.0843478713567585], [1.8093211952195267, 0.17252111434936523, 4.559116736918427], [-0.5086013514620156, 0.17252111434936523, -0.835132123518175]], "number_of_bots": 9, "bot_trajectory": [[0.02649379581540684, 0.05997594542555061, 3.7519915397254913, -4.644759803161353, 2.530398868249528, 0.37759375695682773], [0.08101069922239171, 0.024472159398221595, -0.08800853587071833, 3.294569298438809, 2.7748560563727334, 0.31411024273430604], [0.03844779492718019, 0.0671562294190247, -4.047106864838918, -3.2982637029428363, 1.1472796752082495, 0.4983275923934041], [0.030073288806670963, 0.07305370700223045, 1.1423277722459357, -4.352880552453131, 0.013447105657713516, 0.43657643149973147], [0.09884212921922991, 0.03996406163719265, -3.2961146253207643, 3.7837727046053002, 0.9993983998353481, 0.48172269828986425], [0.08581442741841395, 0.00605782672815397, 4.093365862473756, 4.341621194589265, 2.8126026037819916, 0.47578820818137746], [0.043422595041628, 0.003473012928895769, 2.5711285658137273, 2.3985339675481643, 0.15600456596158035, 0.289487193781787], [0.05263157523269907, 0.01900643847843112, -0.9352400001540084, 1.8733028331098334, 2.4217516882673404, 0.3139718613971473], [0.06159522889895865, 0.04844550168420596, -3.2531625468355507, -3.5209460273267688, 1.5125231187416819, 0.3492409585718941]]}