{"position": [[-4.067280907438111, 2.4017586708068848, -9.95794307808741], [-2.7439985879142927, 2.4017586708068848, -13.152674858409554], [1.714177759828094, 2.4017586708068848, -9.940997206141585]], "number_of_bots": 3, "bot_trajectory": [[0.015744553197299737, 0.0745635808803316, -2.3661309669473884, -0.43042194466455963, 2.7064931293695014, 0.2654286159649818], [0.029745554411723697, 0.049684268978491174, -1.0428486474235699, -3.625153724986702, 0.7690335419479208, 0.2863862290414244], [0.06102446244646274, 0.025730955367900665, 3.4153277003188167, -0.41347607271873255, 1.3591151822839143, 0.4351363323240811]]}