{"position": [[9.836347774134367, 0.14771097898483276, 6.646061181929334], [9.436604936047353, 0.14771097898483276, 4.858159583537995], [6.689465290179404, 0.14771097898483276, 2.337627526519193], [7.743439159073974, 0.14771097898483276, 2.050741833836078], [11.997259847440192, 0.14771097898483276, 3.881231836033442], [4.496910810429309, 0.14771097898483276, -1.491411070660908], [11.901930481518665, 0.14771097898483276, 2.3969427019527316], [12.460032194370346, 0.14771097898483276, 6.324861525195588], [7.643154606466969, 0.14771097898483276, -2.5329607630964563], [6.8161454974222115, 0.14771097898483276, 4.018097897863092], [6.393793200856528, 0.14771097898483276, -1.3543863501684799], [6.91572245259872, 0.14771097898483276, 3.422781523820602], [3.0428367231357267, 0.14771097898483276, 0.15391815234494333]], "number_of_bots": 13, "bot_trajectory": [[0.07403534670366048, 0.07930861467475436, 2.3196136509043876, 4.928977012541517, 1.4678188439928317, 0.3488356127517718], [0.02236822200409989, 0.03587628406914437, 1.9198708128173725, 3.1410754141501784, 2.930899323716769, 0.34681566899448657], [0.07399169630649532, 0.06492036010957941, -0.8272688330505762, 0.6205433571313757, 2.569268584424175, 0.3333486289446866], [0.033738245657652, 0.021050961244844013, 0.2267050358439937, 0.3336576644482603, 0.6274013087768183, 0.5162706911071194], [0.013029517973950544, 0.02178397806189123, 4.480525724210212, 2.1641476666456247, 3.043854756774626, 0.5132581247680595], [0.07667146678525129, 0.08479126159274362, -3.0198233128006713, -3.2084952400487254, 0.8202813704667338, 0.33246840027615243], [0.044579579777709676, 0.025636652991465246, 4.385196358288685, 0.6798585325649142, 0.2778014233267049, 0.2658450422564816], [0.031818681213382105, 0.050538439583896234, 4.943298071140366, 4.60777735580777, 1.6246231881569762, 0.2664199494790205], [0.06759477449921347, 0.03351490146325177, 0.12642048323698862, -4.250044932484274, 0.16115505785294978, 0.34711030055512426], [0.0380544588907075, 0.013489085323708794, -0.7005886258077687, 2.301013728475275, 0.921661562971601, 0.5073326441475239], [0.042554072091692055, 0.013877627947403104, -1.122940922373452, -3.0714705195562972, 0.5187063576512507, 0.47166798708171165], [0.025920424352248072, 0.08474145580641843, -0.6010116706312607, 1.7056973544327847, 2.771382277663432, 0.5207966561472155], [0.029874576964426545, 0.009821932204195727, -4.473897400094254, -1.563166017042874, 2.8282625471084093, 0.33525714746208013]]}