{"position": [[1.9128583669662476, 0.19266200065612793, -0.6804674863815308], [7.912858486175537, 0.19266200065612793, 2.8195323944091797], [7.912858486175537, 0.19266200065612793, 5.81953239440918], [7.912858486175537, -2.307337999343872, 5.81953239440918], [3.412858486175537, -2.307337999343872, 0.8195325136184692], [2.412858486175537, -2.307337999343872, 1.8195325136184692]], "number_of_bots": 6, "bot_trajectory": [[0.02151523137298521, 0.08048253904085498, 1.9128583669662476, -0.6804674863815308, 0.46156147549130694, 0.30370762083901637], [0.023600025835477056, 0.09127782657848475, 7.912858486175537, 2.8195323944091797, 2.6183489391523533, 0.48228573057275237], [0.05268355642724748, 0.08512187536874583, 7.912858486175537, 5.81953239440918, 1.4335302782222394, 0.49115767167341884], [0.0353008334080655, 0.01830224015402262, 7.912858486175537, 5.81953239440918, 1.1002082407550238, 0.4979827040373692], [0.0973013904876236, 0.027951791572099628, 3.412858486175537, 0.8195325136184692, 2.2533551526686835, 0.45362077010212587], [0.09864501880148822, 0.03139097697075348, 2.412858486175537, 1.8195325136184692, 1.8451758234097484, 0.5229110748174121]]}