{"position": [[-0.779144086741633, 0.11437656730413437, 0.15665791041869537], [-2.026728086132703, 0.11437656730413437, -1.5612352831444227], [4.11923489329435, 0.11437656730413437, 2.5110705458632436], [1.6029006014406622, 0.11437656730413437, -0.6283655450816668], [4.773050417309072, 0.11437656730413437, 2.2558294375694947], [0.9494280854162407, 0.11437656730413437, 1.2868214657894788], [2.4219334007451576, 0.11437656730413437, -1.8763306273915188], [1.843914879043359, 0.11437656730413437, -1.7132190581071756], [-2.3178441527222944, 0.11437656730413437, 1.924801470049549]], "number_of_bots": 9, "bot_trajectory": [[0.05430761792764173, 0.05310014571264736, -3.2249360465042063, 0.34469129748362914, 2.279815466834249, 0.364622852488494], [0.060884899779102955, 0.09384355499508416, -4.472520045895276, -1.373201896079489, 0.7632711608350508, 0.2852595151044326], [0.08671888843456176, 0.08234319677426864, 1.6734429335317769, 2.6991039329281774, 0.5237591636837536, 0.3846423198049058], [0.04180214581939331, 0.04701584249586703, -0.8428913583219111, -0.440332158016733, 2.9660940141211394, 0.30523032405275324], [0.051214213957073894, 0.056201012151911464, 2.3272584575464994, 2.4438628246344285, 0.5934253963441066, 0.4106422906953197], [0.08770299406177122, 0.0006055905525010452, -1.4963638743463326, 1.4748548528544125, 2.8874936394791617, 0.28751476968930845], [0.0586491121448098, 0.0844503507737669, -0.023858559017415626, -1.688297240326585, 0.8868326093325033, 0.4314638416491189], [0.014343839333326646, 0.07532675630509458, -0.6018770807192142, -1.5251856710422418, 1.6671122457664267, 0.41934936668159867], [0.03653163395869023, 0.05299223266621543, -4.763636112484868, 2.112834857114483, 2.266312035267886, 0.26288699528415505]]}