{"position": [[2.6440024926856447, 0.19260478019714355, -0.7475212489947705], [4.302542850236614, 0.19260478019714355, -8.983410643039033]], "number_of_bots": 2, "bot_trajectory": [[0.07801041440414111, 0.02182466567598649, -4.880584184865625, 4.122157248319683, 2.8649190973278613, 0.5014986011901483], [0.060098690062921636, 0.017247182807498384, -3.2220438273146557, -4.113732145724579, 1.16671117408712, 0.4674352012121995]]}