{"position": [[-0.7308346629142761, -1.6036559343338013, -2.812851905822754], [0.2691653370857239, 0.14634408056735992, -3.812851905822754], [-1.730834722518921, -1.6036559343338013, -3.812851905822754], [-2.730834722518921, 0.14634408056735992, -1.812851905822754], [-3.730834722518921, 0.14634408056735992, -1.812851905822754], [-0.7308346629142761, -1.6036559343338013, -0.8128519058227539]], "number_of_bots": 6, "bot_trajectory": [[0.06746903619106362, 0.06494412233853128, -0.7308346629142761, -2.812851905822754, 2.7673934884618756, 0.39666983709086145], [0.08114691059699553, 0.0264569586484227, 0.2691653370857239, -3.812851905822754, 1.2510165809822618, 0.384020967288462], [0.0857946855198568, 0.007770490647252682, -1.730834722518921, -3.812851905822754, 2.25367897651504, 0.4410681217589256], [0.05499711928625992, 0.024244056175850993, -2.730834722518921, -1.812851905822754, 2.1942313945920016, 0.31902339606593066], [0.08393088152571931, 0.03463865346036983, -3.730834722518921, -1.812851905822754, 0.4768584855029647, 0.4988532982825934], [0.06991252646832725, 0.02411315448706236, -0.7308346629142761, -0.8128519058227539, 0.5523100839731088, 0.4079711165624103]]}