{"position": [[2.025005176793483, -0.2517290711402893, 4.104904109937475], [-4.176006690202452, -0.2517290711402893, 8.622803104454645], [-5.036192425422009, -0.2517290711402893, 10.139662615932428], [-4.782845578380723, -0.2517290711402893, 9.329015612698264], [-1.637317125550012, -0.2517290711402893, 12.515626628314152], [0.3137970630712461, -0.2517290711402893, 6.64213693464933], [-5.378607947342945, -0.2517290711402893, 9.187266212733117], [-3.809632853603924, -0.2517290711402893, 11.265578383080177], [1.1548682488890982, -0.2517290711402893, 12.82382819313867], [0.8993542826872147, -0.2517290711402893, 11.068486454657439], [1.9522872813717225, -0.2517290711402893, 7.890699474243318], [-4.63653394910364, -0.2517290711402893, 7.501764215054211], [-2.7460892083510404, -0.2517290711402893, 8.489081332304417], [-1.8373763494180808, -0.2517290711402893, 11.76515265454607], [0.06854195565576404, -0.2517290711402893, 7.659761192724248]], "number_of_bots": 15, "bot_trajectory": [[0.029815416730334488, 0.058634155818583424, 4.271717384587673, -4.619049137132838, 0.3010634038751794, 0.34013486182360486], [0.0003392132969545214, 0.012661567587606726, -1.9292944824082625, -0.10115014261566802, 3.060905293640495, 0.358253901273818], [0.04752258664007304, 0.059246399516642255, -2.78948021762782, 1.4157093688621158, 0.4247255406929441, 0.30766011383317216], [0.006581411816305049, 0.0076501867759352195, -2.536133370586533, 0.6050623656279519, 1.544016849725068, 0.3450256272024546], [0.02475169937537769, 0.059361652888879, 0.6093950822441774, 3.7916733812438386, 2.3592326945686124, 0.3453050849991923], [0.09993919813789193, 0.006376000905469703, 2.5605092708654356, -2.0818163124209823, 0.7909418940940309, 0.46183962401682294], [0.019323731820277544, 0.06067369167263949, -3.1318957395487557, 0.46331296566280544, 0.06065467868879167, 0.5061090285856542], [0.068143338541225, 0.06510280675498048, -1.5629206458097344, 2.541625136009864, 2.693895881406488, 0.48562351702619366], [0.03472337478336349, 0.05150273514878424, 3.4015804566832877, 4.099874946068358, 1.8082066343294063, 0.49328220059338856], [0.07331452507824517, 0.008933206227417789, 3.146066490481404, 2.3445332075871264, 2.5887969246513807, 0.2918514542604744], [0.026562332291004166, 0.012941630374013257, 4.198999489165912, -0.833253772826994, 0.8974003436150726, 0.3627186502970343], [0.09849731465214989, 0.007780963559197551, -2.3898217413094502, -1.222189032016101, 2.9213421561248922, 0.29089789270295185], [0.06765427477035293, 0.07299437436893237, -0.49937700055685097, -0.23487191476589508, 0.005462567531248045, 0.39912875745870147], [0.037572225226610925, 0.04617201203328136, 0.40933585837610864, 3.0411994074757565, 2.1241162869049295, 0.3112988941596396], [0.014666275509019855, 0.045736949359247756, 2.3152541634499535, -1.0641920543460648, 0.7294308131583167, 0.42179181681976263]]}