{"position": [[-7.747830968487451, 0.12694469094276428, 12.213146366282041]], "number_of_bots": 1, "bot_trajectory": [[0.006472552628594419, 0.009721554817025847, -3.1872950607420893, -0.36176951964325244, 2.799085936401437, 0.4416686289709433]]}