{"position": [[1.860902542822327, 0.15635132789611816, -5.430438033841703], [7.66166530806584, 0.15635132789611816, -5.914647316036778], [8.366976958420588, 0.15635132789611816, -8.08947381442042], [6.351929702394498, 0.15635132789611816, -6.144704919188172], [3.3786383889139016, 0.15635132789611816, -8.100826523726518], [7.206697383226554, 0.15635132789611816, -1.8363979747056456], [6.298301442321768, 0.15635132789611816, -8.333140872050054], [6.318954213663059, 0.15635132789611816, -7.752188227981978], [6.675640300734618, 0.15635132789611816, -2.205415845664421], [3.4793778212959037, 0.15635132789611816, -0.07199545201159907], [6.18281284291323, 0.15635132789611816, -7.494584306834411], [1.6418542095814654, 0.15635132789611816, -1.247762797539811], [4.215177038578517, 0.15635132789611816, -1.101653998136237], [1.904709074169988, 0.15635132789611816, -1.4493831204338146], [4.46524114746868, 0.15635132789611816, -0.13903114598751554], [9.969991831051251, 0.15635132789611816, -6.5090872050178445], [1.8635450805394314, 0.15635132789611816, -8.210324010291826], [7.229497830420159, 0.15635132789611816, -6.405524242394393]], "number_of_bots": 18, "bot_trajectory": [[0.03676111114833329, 0.09090406555425087, -4.585223918206726, -1.8162517469154338, 2.3285639787378343, 0.49377667987653706], [0.024098737769165525, 0.004507919222851686, 1.2155388470367867, -2.3004610291105076, 2.289345447135939, 0.5107211852602315], [0.019291403221346315, 0.09921881804644375, 1.9208504973915363, -4.475287527494151, 0.4844397898173306, 0.450790121608711], [0.05430260029715776, 0.08877104293455337, -0.0941967586345549, -2.530518632261902, 2.0955158942716037, 0.34025005602235836], [0.011930453459624114, 0.02382915307999537, -3.067488072115151, -4.486640236800248, 0.04646700908314842, 0.39757252230908935], [0.009665691784158026, 0.07784090288498903, 0.760570922197501, 1.777788312220624, 2.7636498703388774, 0.283874397463234], [0.07010189016095747, 0.09021914113663855, -0.14782501870728493, -4.718954585123784, 0.42505952547918563, 0.4888847206064112], [0.07920613700986348, 0.050425513113678835, -0.12717224736599309, -4.138001941055708, 1.246320860607493, 0.2815230140719749], [0.07814972403680324, 0.05960767316944413, 0.22951383970556516, 1.4087704412618485, 1.5549692103971084, 0.39239760009603997], [0.09249521036777007, 0.09306772836979346, -2.966748639733149, 3.5421908349146705, 0.5985469481543714, 0.52121155536317], [0.05629304415898292, 0.09287529266565606, -0.26331361811582243, -3.8803980199081414, 2.6792951943243994, 0.49987816494671733], [0.03451685042361221, 0.013296974519038917, -4.804272251447587, 2.3664234893864586, 2.0807150565934767, 0.40812828504909393], [0.02261400460625169, 0.06557800395461837, -2.2309494224505357, 2.5125322887900325, 2.4200799784298295, 0.4969846771016907], [0.04290907291485556, 0.05283712381497243, -4.541417386859065, 2.164803166492455, 1.243042142506291, 0.4008780933236915], [0.0825111407421085, 0.04596617386043429, -1.9808853135603732, 3.475155140938754, 1.2398002420432, 0.520141837796331], [0.0646667450309243, 0.09194995423761781, 3.523865370022199, -2.894900918091575, 0.9171441843935288, 0.4336497968367995], [0.02702113467395678, 0.022695931778794743, -4.582581380489621, -4.5961377233655565, 1.4155094206310055, 0.488398317627334], [0.06635607942012317, 0.04763435002652496, 0.783371369391106, -2.7913379554681237, 2.3953007050048747, 0.5008220898873346]]}