{"position": [[0.02950545890109768, 0.12710538506507874, -1.0138142691372969], [1.9334372244007803, 0.12710538506507874, -1.8640614307230168], [-4.2426466581671605, 0.12710538506507874, 0.13907522453747556], [0.7542584681467446, 0.12710538506507874, 0.5763015226476371], [-0.39626810946335933, 0.12710538506507874, 0.8391587849985522], [-1.0423476234893094, 0.12710538506507874, -3.219914679694477], [-3.0011932454969883, 0.12710538506507874, -1.9995953357104828]], "number_of_bots": 7, "bot_trajectory": [[0.05422871556689968, 0.08388131208423291, 1.3683352146841787, -2.6469402895688154, 3.036730966181879, 0.4620429029096964], [0.0547671632134137, 0.07655110720288769, 3.2722669801838613, -3.4971874511545353, 2.2495216573687697, 0.3519321172895721], [0.03511137440363925, 0.00618712949282566, -2.90381690238408, -1.494050795894043, 0.29114642173057664, 0.5065165220280904], [0.03957064437486284, 0.02735690892516791, 2.0930882239298256, -1.0568244977838814, 2.3508157704424457, 0.3290902547704353], [0.07998005326327466, 0.047926997553582804, 0.9425616463197217, -0.7939672354329663, 1.7806249102644114, 0.38486324997476146], [0.053735565488910716, 0.08261110880989689, 0.2964821322937716, -4.853040700125995, 2.4368487795086637, 0.3789464490535705], [0.05598281314094533, 0.07380278727528425, -1.6623634897139072, -3.6327213561420013, 2.085386555536536, 0.44885949568728106]]}