{"position": [[-1.0, 0.0, -2.0], [-3.0, 0.0, -4.0], [-5.0, 0.0, 1.0], [-7.0, 0.0, 3.0], [-7.0, 0.0, -5.0], [1.0, 0.0, -10.0]], "number_of_bots": 6, "bot_trajectory": [[0.08082055801079217, 0.054194424130308186, -1.0, -2.0, 1.4150330483577236, 0.34238216644213443], [0.011526649633306175, 0.015850666905870413, -3.0, -4.0, 0.910062858850231, 0.2889311485141564], [0.06719810604724573, 0.020619799523348203, -5.0, 1.0, 2.6076527107853416, 0.31148117622658866], [0.0547504580508531, 0.0034488342665722318, -7.0, 3.0, 0.2694209630791129, 0.4600209419858785], [0.08118644898811683, 0.016411779815324545, -7.0, -5.0, 0.5044886469003799, 0.4651402582330999], [0.06202782343947053, 0.027845604791936252, 1.0, -10.0, 1.073128943094236, 0.29641392043797604]]}