{"position": [[0.06302162512516607, 2.8070993423461914, -4.881631267687952], [0.06236718619474191, 2.8070993423461914, -10.958139490666014], [0.23291149032640202, 2.8070993423461914, -7.244159048635431], [5.44362289843931, 2.8070993423461914, -6.827318354576953], [1.5230205170822455, 2.8070993423461914, -6.323489633344884], [3.627206292940807, 2.8070993423461914, -12.208523035999237], [-3.2404859171357465, 2.8070993423461914, -4.46375398051008]], "number_of_bots": 7, "bot_trajectory": [[0.07875203166421325, 0.010566880302529369, -1.4498596538665331, 2.830654727795446, 0.6348484178097105, 0.4192745436796613], [0.049629911091902526, 0.00028250189058829365, -1.4505140927969573, -3.2458534951826157, 0.35858121290275563, 0.3704049192163683], [0.020507411410047572, 0.06440998972136214, -1.2799697886652972, 0.46812694684796763, 1.6314340283766269, 0.2899092892635341], [0.06674648092162931, 0.08050128825581901, 3.930741619447611, 0.8849676409064455, 1.0100924550792147, 0.4654400433044943], [0.026799872358446143, 0.019119077615502557, 0.010139238090546288, 1.3887963621385147, 1.1185613421531035, 0.3358310724965288], [0.08103950048068463, 0.05133763554738759, 2.1143250139491077, -4.4962370405158385, 1.2101705286352311, 0.3798594710702189], [0.09041569607901048, 0.04378862346861926, -4.753367196127446, 3.2485320149733186, 1.6274809590290946, 0.3022986773687994]]}