{"position": [[2.884296417236328, 2.940638780593872, 5.307255744934082], [2.384296417236328, 2.940638780593872, 4.807255744934082], [1.8842964172363281, 2.940638780593872, 4.307255744934082], [3.384296417236328, 2.940638780593872, 3.807255744934082], [2.384296417236328, 2.940638780593872, 3.307255744934082], [5.384296417236328, 0.9406387805938721, 3.307255744934082]], "number_of_bots": 6, "bot_trajectory": [[0.016489506460979454, 0.06263018325652345, 2.884296417236328, 5.307255744934082, 0.6068839393696449, 0.4079356708025396], [0.07048427108476026, 0.05091633651354157, 2.384296417236328, 4.807255744934082, 2.9469053375473306, 0.3740000871077652], [0.09945945012460147, 0.08116383395178368, 1.8842964172363281, 4.307255744934082, 0.81996694742455, 0.48653068990143455], [0.009253404948894938, 0.08903653208929715, 3.384296417236328, 3.807255744934082, 1.7905020124674385, 0.32805870776360646], [0.08453908820654335, 0.09029478960973737, 2.384296417236328, 3.307255744934082, 1.642797126466884, 0.2956849658900432], [0.09790631401789222, 0.08913945732809134, 5.384296417236328, 3.307255744934082, 0.11548674589912564, 0.46904327160390463]]}