{"position": [[4.3736030905015815, 0.13578081130981445, -3.6957339277965326], [3.4376097098864005, 0.13578081130981445, -0.8967833376376622], [2.796837618228662, 0.13578081130981445, -0.6519264079216991], [4.61191623111205, 0.13578081130981445, 0.9104173082814526], [9.618099669411643, 0.13578081130981445, -0.11172828160574078], [4.2644089797517575, 0.13578081130981445, -3.5281203881039627], [8.68075687925354, 0.13578081130981445, -5.588414580112674], [6.405954042851222, 0.13578081130981445, -7.076956397657753], [4.048193690929225, 0.13578081130981445, -1.490134807085628], [1.655670181887909, 0.13578081130981445, -4.918346105702462], [6.832565790007269, 0.13578081130981445, -1.6527043061425606], [1.940956458575915, 0.13578081130981445, -0.6632635250029517], [9.809314433880957, 0.13578081130981445, -1.7283007528527417], [1.5904555159756075, 0.13578081130981445, 1.5297648718098236], [6.8537558324147305, 0.13578081130981445, -0.947447836276295], [10.027082607515982, 0.13578081130981445, -6.647926148770697], [5.258091132181038, 0.13578081130981445, -0.3352777210363789], [6.516462959906557, 0.13578081130981445, -6.697409864453548], [0.9833958268110541, 0.13578081130981445, -7.071948303535255]], "number_of_bots": 19, "bot_trajectory": [[0.013733917966422626, 0.08687025090241193, -1.4433529527418265, -1.4369300833446286, 2.0839765602341696, 0.3994351190969936], [0.0927182167722164, 0.025033800574192668, -2.3793463333570077, 1.3620205068142421, 0.2318385759979071, 0.3626818584043672], [0.04031012140542001, 0.026698943788003703, -3.020118425014746, 1.6068774365302052, 0.07228562770410261, 0.33403587575607185], [0.044013645373986596, 0.013515503085941493, -1.2050398121313577, 3.169221152733357, 0.5707063441774874, 0.28320021567603576], [0.07182014835315315, 0.09915967636367151, 3.801143626168235, 2.1470755628461635, 1.7601424219043986, 0.27680987840728033], [0.06979769826985763, 0.09492644270677766, -1.5525470634916505, -1.2693165436520581, 2.0607859173977707, 0.5156187532284804], [0.022345714018377615, 0.021213889161540288, 2.8638008360101317, -3.3296107356607694, 0.5490179587762126, 0.4866773822007556], [0.08549961051641104, 0.08996868763825512, 0.5889979996078132, -4.818152553205849, 2.006106371963309, 0.339432019385754], [0.08708910666155067, 0.09638386040158116, -1.7687623523141827, 0.7686690373662763, 1.1355100388494987, 0.5174852126084782], [0.006532012171806356, 0.043802254018469454, -4.161285861355499, -2.6595422612505573, 2.865960869923398, 0.2625819149931584], [0.025332973284803217, 0.07487571517998479, 1.0156097467638614, 0.6060995383093437, 2.3630966057177556, 0.4273941858597222], [0.004410374237223602, 0.08278417147705842, -3.8759995846674933, 1.5955403194489526, 0.14150456120544797, 0.4015273421009485], [0.03296394782902651, 0.09614884677604739, 3.9923583906375493, 0.5305030915991626, 0.5100434892323127, 0.27510516504539867], [0.010290089572432793, 0.015433227058098353, -4.226500527267801, 3.788568716261728, 2.253860420088229, 0.45665664036693476], [0.07591181727229737, 0.005498115691321781, 1.036799789171322, 1.3113560081756093, 0.524768715460898, 0.32341203932921897], [0.020948232797577328, 0.0682019208112621, 4.210126564272575, -4.389122304318793, 3.141252809522304, 0.33160838538957876], [0.09583037588906834, 0.013219167946344446, -0.55886491106237, 1.9235261234155254, 0.5591749009830044, 0.3658546009280206], [0.00040909634031691675, 0.08706030240793775, 0.6995069166631485, -4.438606020001644, 1.6293018067010352, 0.273014352137484], [0.04962418691921635, 0.0716184213048408, -4.833560216432354, -4.81314445908335, 1.8435717634853879, 0.49697190196387536]]}