{"position": [[4.43282008930463, 0.09793490916490555, 5.59108121974732], [-1.0843358777788048, 0.09793490916490555, 3.0812780225001584], [0.9249992090069148, 0.09793490916490555, 5.226390591422703], [0.916243554085655, 0.09793490916490555, -2.128340065144618], [3.091781762171922, 0.09793490916490555, 0.3144171174463821], [0.2787534241131151, 0.09793490916490555, 0.630761537106032], [-3.93192530015415, 0.09793490916490555, 2.7323200839360733], [-2.568868045015358, 0.09793490916490555, -1.1099721127400324], [-1.3165788831697756, 0.09793490916490555, -0.0009424217354121467], [1.6430062075725205, 0.09793490916490555, 2.074520617344916], [-3.4431426650064223, 0.09793490916490555, 3.9644910589640165]], "number_of_bots": 11, "bot_trajectory": [[0.06209776364293366, 0.03413847278665912, 3.91717911525983, 3.7697479306008965, 2.8570327634868353, 0.4325346166269248], [0.034788564100120364, 0.010157013540227832, -1.5999768518236046, 1.259944733353735, 2.1256374235030253, 0.28980265702736474], [0.08345263103001634, 0.08190266505166668, 0.409358234962115, 3.40505730227628, 1.4937631643838707, 0.5005323641621701], [0.0912778816739874, 0.015255878390652667, 0.40060258004085525, -3.949673354291041, 0.9679032156984017, 0.3277949425169652], [0.061381096319473895, 0.00284129300664433, 2.5761407881271223, -1.5069161717000412, 0.3636578738789005, 0.29357689133999454], [0.04460757883227182, 0.0008879979208962774, -0.2368875499316847, -1.1905717520403913, 0.9872671009926152, 0.48442901744429323], [0.051658424144119794, 0.023537480367326048, -4.44756627419895, 0.91098679478965, 2.4309537599410262, 0.3417470938947469], [0.07123644057444817, 0.09181277063337626, -3.0845090190601576, -2.9313054018864557, 0.30483896447217035, 0.3924181384606127], [0.06717425348257014, 0.08467853215900312, -1.8322198572145754, -1.8222757108818355, 2.7015369747663156, 0.3513160372641144], [0.08974495463586235, 0.032449842168800556, 1.1273652335277207, 0.2531873281984931, 2.8704427185656134, 0.32912196480562306], [0.07925603170682252, 0.03227916744193202, -3.958783639051222, 2.143157769817593, 2.3566396203687328, 0.3462148652582448]]}