{"position": [[10.633456286224693, 0.0864960104227066, -5.45921415683539], [13.27673765915112, 0.0864960104227066, -6.8496983193172785], [10.168361331482279, 0.0864960104227066, -0.5620727511134849]], "number_of_bots": 3, "bot_trajectory": [[0.02855925058498513, 0.059911291685097276, -0.8247060215145652, -1.1939620434931053, 1.5535283408043603, 0.3806221155025824], [0.08656993690498034, 0.0693302461099733, 1.8185753514118619, -2.584446205974993, 0.2033079966767386, 0.36271042816160737], [0.016010732701919005, 0.09318703178422472, -1.2898009762569784, 3.7031793622288003, 0.29009031724058126, 0.44296046349911145]]}