{"position": [[15.18659102071063, 1.7700212001800537, 7.217625841385767], [11.215530133017904, 1.7700212001800537, 9.052805225826466], [11.578093905298212, 1.7700212001800537, 3.091817810933791], [15.609368941929263, 1.7700212001800537, 8.3724287750376], [15.245671347396787, 1.7700212001800537, 7.256945649397073], [14.988551011492554, 1.7700212001800537, 2.0194371161800193], [6.137882334850598, 1.7700212001800537, 8.345090715788354], [7.690756980873772, 1.7700212001800537, 8.136143915084851], [13.192430524112526, 1.7700212001800537, 2.044664226681978], [11.276395892264748, 1.7700212001800537, 2.146957431491179], [10.483135087659138, 1.7700212001800537, 7.744187973075874], [7.2722167286565425, 1.7700212001800537, 3.7313264476714716]], "number_of_bots": 12, "bot_trajectory": [[0.0966918111661068, 0.055284183628485015, 4.421808115132016, 2.5651161520547126, 1.050985001382449, 0.3703053794149129], [0.040639381763741475, 0.07439660144948593, 0.45074722743928985, 4.4002955364954115, 2.780069672940594, 0.49836983120571055], [0.08520699472948771, 0.0870265874873837, 0.8133109997195986, -1.5606918783972634, 1.9932330123438593, 0.3617485251719535], [0.044524784526533634, 0.07776505932604687, 4.84458603635065, 3.7199190857065445, 2.2033201756342646, 0.5197923412000756], [0.0231273826968054, 0.054723932599486116, 4.480888441818173, 2.6044359600660183, 0.8144391921531031, 0.3196712211868685], [0.08791570099051552, 0.06765040282325345, 4.2237681059139405, -2.6330725731510354, 1.4750179716639111, 0.29587521088683316], [0.013935396191045845, 0.03677952932622872, -4.626900570728015, 3.692581026457299, 0.3759495756848258, 0.2681654842719686], [0.053595993893285676, 0.021335810109805987, -3.074025924704842, 3.4836342257537964, 2.7006729318595615, 0.3712563260321498], [0.060992616550607406, 0.03142966240094082, 2.4276476185339124, -2.6078454626490766, 1.0108497532801095, 0.504343614918231], [0.034051535576258764, 0.00831683692613544, 0.5116129866861341, -2.505552257839876, 0.737233572067546, 0.36526863324503533], [0.07311804789971985, 0.09800284031405303, -0.2816478179194759, 3.0916782837448196, 0.5461736128414838, 0.46780623473151917], [0.047816541796699884, 0.06159706653835488, -3.492566176922071, -0.9211832416595833, 1.3814760077941626, 0.4913872724762245]]}