{"position": [[-5.7262058215969605, 0.13610795140266418, 1.945077824598433], [-8.052389984972304, 0.13610795140266418, -5.176635168312396], [-12.100499454299797, 0.13610795140266418, -1.758217311044518], [-8.062141959505947, 0.13610795140266418, -3.5057147291453763], [-6.207111222085935, 0.13610795140266418, -4.4529626867923096], [-8.524033244622956, 0.13610795140266418, -3.680605662157194], [-6.215651848784011, 0.13610795140266418, -2.5060614136055017], [-12.966195507569644, 0.13610795140266418, 1.2320371985144347], [-5.572410891038636, 0.13610795140266418, 0.424362011825667], [-10.031560171156608, 0.13610795140266418, 3.3904625993847812], [-12.612736092412806, 0.13610795140266418, 3.0313311569292853], [-15.469055291503865, 0.13610795140266418, 1.7365120440895416], [-12.948334771196283, 0.13610795140266418, 4.02021673078752]], "number_of_bots": 13, "bot_trajectory": [[0.09138047715673196, 0.016631892030294783, 4.807413105404993, 2.355068790918471, 2.2920868443485034, 0.4893580886116645], [0.06450711402150736, 0.006030715636261163, 2.4812289420296487, -4.766644201992358, 0.058702934501171034, 0.3694538076656462], [0.015297088118366576, 0.08447062791795232, -1.5668805272978437, -1.3482263447244802, 0.0512933414565846, 0.49439632406990114], [0.03848593108713538, 0.027196016287172088, 2.471476967496007, -3.0957237628253385, 2.425710363699328, 0.28384865334743153], [0.07986393680878642, 0.02311546254207516, 4.326507704916018, -4.042971720472272, 1.855149712992061, 0.27136288700215055], [0.023653320495690678, 0.08101500980898436, 2.009585682378998, -3.270614695837156, 0.9036215842342391, 0.31118440823635085], [0.08006965247325369, 0.008446754922932554, 4.317967078217942, -2.096070447285464, 2.720575414879715, 0.4851262238454789], [0.08660639998722794, 0.03357667194853513, -2.4325765805676913, 1.6420281648344726, 0.5634425599157245, 0.38684835675407947], [0.04396307548462971, 0.05718256354437209, 4.961208035963317, 0.8343529781457049, 1.0451658018479502, 0.44539381609661527], [0.028592802659199234, 0.07761422296853851, 0.5020587558453449, 3.800453565704819, 2.077319755335085, 0.2789880286209408], [0.07673547687218185, 0.03206366241038851, -2.079117165410853, 3.441322123249323, 1.653346129122381, 0.4102221556319373], [0.054459205610096886, 0.04221048999010159, -4.935436364501912, 2.1465030104095795, 0.5864052557540727, 0.36788326728253223], [0.04886991366870883, 0.08522001277183786, -2.4147158441943297, 4.430207697107558, 1.8838352153636633, 0.4790718936428482]]}