{"position": [[3.714482756684103, 0.06890439987182617, 2.743101965051735], [4.659156119890633, 0.06890439987182617, 3.6886211507337787], [-2.6753385052642464, 0.06890439987182617, -1.7663414047114478], [-2.447803922574585, 0.06890439987182617, 4.423290892540486], [-3.061149490871787, 0.06890439987182617, -2.136069853549442], [-2.47678170118107, 0.06890439987182617, 0.7956175929083009], [1.4647396451833206, 0.06890439987182617, 4.499799527497663], [2.119191749694255, 0.06890439987182617, 0.3128678848008881], [-3.8059259273710255, 0.06890439987182617, -5.07514447766757], [3.990853030459165, 0.06890439987182617, 1.8901382052949722]], "number_of_bots": 10, "bot_trajectory": [[0.04438953476379274, 0.05433021172152047, 3.5261761866310026, 2.839486996990288, 2.203379324729665, 0.4944287657253639], [0.05825131749935033, 0.040671713055122294, 4.470849549837532, 3.7850061826723316, 0.7788407438104799, 0.5054674123554951], [0.02161318971032644, 0.03794037775811998, -2.863645075317347, -1.669956372772895, 0.6327733321113688, 0.3297429708684507], [0.09988129551551851, 0.046554169573873504, -2.6361104926276857, 4.5196759244790385, 0.9838450254804083, 0.435441067810543], [0.04910899254971511, 0.013619969285928624, -3.2494560609248877, -2.039684821610889, 1.7098151658103196, 0.2814287945543821], [0.03170687589861234, 0.055142702361239374, -2.6650882712341706, 0.8920026248468538, 1.2228294639467263, 0.4898465546553162], [0.08915682571859704, 0.08846599854241721, 1.27643307513022, 4.596184559436216, 2.785197941796243, 0.2906877940847893], [0.007459452268967559, 0.03213878476343333, 1.9308851796411541, 0.409252916739441, 0.6925809123428718, 0.427365445258627], [0.05664622289088476, 0.04343526785711049, -3.994232497424126, -4.978759445729017, 0.44867028446783863, 0.4063746424096212], [0.0022680350020979566, 0.09130972045913731, 3.8025464604060644, 1.986523237233525, 0.30905577076107904, 0.3674604557711456]]}