{"position": [[10.074534710573213, -2.373680353164673, -1.8084742532696483], [9.864689353916006, -2.373680353164673, -7.237094721794039], [3.3287251848693646, -2.373680353164673, -6.261217712197778], [5.198383450191699, -2.373680353164673, -4.150220734427386], [7.289774802815149, -2.373680353164673, 0.6304173793506065], [1.880773057652262, -2.373680353164673, -1.8867909850907247], [7.2167296681470665, -2.373680353164673, -1.0059014626121896], [10.937731373488791, -2.373680353164673, 1.4742224372403712], [5.734697393242103, -2.373680353164673, -4.802504861610944], [8.984487463775151, -2.373680353164673, -2.7102368380551454], [10.048906473786332, -2.373680353164673, -5.366878169153074], [7.178231157393627, -2.373680353164673, -5.427165774940635], [2.258484469727085, -2.373680353164673, -7.666094529205573], [10.619208977276559, -2.373680353164673, 0.7414238125622132], [1.8668491695981686, -2.373680353164673, -1.5494032414844836], [8.397556685326142, -2.373680353164673, -4.599311122776892]], "number_of_bots": 16, "bot_trajectory": [[0.04578132580188352, 0.026773397236280482, 3.335232075380341, 1.341501523402715, 0.19129200390329024, 0.36512418454380097], [0.0946822225586627, 0.07681965454934937, 3.1253867187231354, -4.087118945121675, 0.912517781700442, 0.26865533410675757], [0.04836526896656088, 0.026925410265557115, -3.4105774503235065, -3.111241935525415, 0.7096441162199427, 0.3636331676770187], [0.0013601325083115179, 0.040996055711760904, -1.5409191850011728, -1.000244957755022, 1.7905024096154565, 0.4802846666521995], [0.0207825520873526, 0.058510472991629314, 0.5504721676222779, 3.7803931560229698, 1.881314793366535, 0.4582940760833176], [0.057653518759541965, 0.09949310759706803, -4.858529577540609, 1.2631847915816385, 2.202059080108929, 0.2887653927166023], [0.0509806148891249, 0.07894470611890002, 0.4774270329541952, 2.1440743140601737, 2.381262153486079, 0.4016148026898526], [0.04359164284777274, 0.03377298711703099, 4.198428738295919, 4.6241982139127344, 1.0383796967271532, 0.4900935930116669], [0.09996289972847928, 0.038295201309281934, -1.004605241950769, -1.652529084938581, 0.09338822308873213, 0.4442341307067933], [0.09897837530313038, 0.07056530175992322, 2.2451848285822806, 0.4397389386172179, 2.07955104215556, 0.33748467461898846], [0.004628442181431403, 0.07776303979463269, 3.3096038385934614, -2.2169023924807107, 1.0932377480020419, 0.4643295628187182], [0.09473449763358985, 0.0776018498117484, 0.4389285222007566, -2.277189998268272, 2.6640737503730616, 0.4992235669001293], [0.07463111460419983, 0.032915435092957024, -4.480818165465786, -4.51611875253321, 1.9989265346278065, 0.5233168521406968], [0.043935891822312924, 0.06754935739803176, 3.8799063420836877, 3.8913995892345765, 2.7178583371625535, 0.37026968447499514], [0.02324958929963885, 0.07730651763402283, -4.8724534655947025, 1.6005725351878797, 2.5111220248930937, 0.44042760648415896], [0.03654799410988805, 0.005495550775148905, 1.658254050133271, -1.4493353461045289, 2.7116715625080916, 0.32161593211513656]]}