{"position": [[3.2177367752594135, 2.496347665786743, 0.908217368233105], [10.571007035454077, 2.496347665786743, 2.222946133139534], [10.468966112574863, 2.496347665786743, 2.3125228395911335], [11.193997311342038, 2.496347665786743, 4.304438532306993]], "number_of_bots": 4, "bot_trajectory": [[0.06102012305825677, 0.06936476606546864, -2.991875117440782, -4.219138684165577, 1.2412907604221726, 0.3566534937465222], [0.008197028362021274, 0.06298143799134497, 4.361395142753882, -2.9044099192591477, 1.6791124707934872, 0.5060590618497078], [0.09244692373632445, 0.02908251833421286, 4.259354219874668, -2.814833212807548, 1.4469710268811127, 0.49747425971135767], [0.014869159599913206, 0.041311879318069275, 4.984385418641843, -0.8229175200916883, 1.2366305433631437, 0.454881167927753]]}