{"position": [[-8.40022343072312, 0.42395704984664917, 5.215143680506966], [-0.23835855189708788, 0.42395704984664917, -1.7073077335222937], [-2.5947574223590353, 0.42395704984664917, 3.8147639447591866], [-8.245111204930485, 0.42395704984664917, -2.8460056558277422], [-6.678855524203782, 0.42395704984664917, -3.466569913226307], [-6.6116382467648585, 0.42395704984664917, 4.947635485739912], [-3.4437650717617987, 0.42395704984664917, -3.406756806872245], [-5.660080819588082, 0.42395704984664917, 3.364185933902813], [-7.552856272154185, 0.42395704984664917, 0.7018586195233925], [-8.07196240558182, 0.42395704984664917, -0.08393096619222251], [-7.718546376064582, 0.42395704984664917, 5.603068255943535]], "number_of_bots": 11, "bot_trajectory": [[0.07717506632639196, 0.060500860295011595, -4.690598663419653, 4.228374719554207, 0.9505577875656183, 0.27381727035931097], [0.09529459932243743, 0.014126523600176489, 3.471266215406379, -2.6940766944750525, 2.3943485491652687, 0.4061061788593631], [0.012687968775412372, 0.053257411016868726, 1.1148673449444313, 2.8279949838064278, 0.34908997258224694, 0.39177495172341276], [0.07297651224238164, 0.001718584807917145, -4.535486437627019, -3.832774616780501, 2.9745480942653324, 0.4297464423994305], [0.04740753455211281, 0.06992559445406019, -2.9692307569003153, -4.453338874179066, 0.03651474055840859, 0.33747640284934494], [0.09577954212081059, 0.017890915845246203, -2.9020134794613917, 3.9608665247871535, 1.292267074380065, 0.37983821752700775], [0.07105815607770291, 0.0919381733995164, 0.2658596955416681, -4.393525767825004, 0.6314343926306724, 0.3059476270533379], [0.05412535500402804, 0.004039328102764061, -1.9504560522846148, 2.377416972950054, 1.6702692790460658, 0.3778952677328642], [0.08233168034803826, 0.07833682959320162, -3.843231504850718, -0.28491034142936633, 0.9369408371216744, 0.4819345730553114], [0.06354525649336482, 0.033469735235931754, -4.362337638278353, -1.0706999271449813, 1.7748937363331345, 0.41270029057097946], [0.01731564610128975, 0.019128756525847224, -4.008921608761115, 4.616299294990776, 2.3914668752401536, 0.2841214161354603]]}