{"position": [[4.4729519353018325, 3.130182981491089, -0.49958320133046485], [8.822800317459935, 3.130182981491089, 4.622586501311448], [9.30696299903296, 3.130182981491089, 4.835829055455813], [5.597448240419226, 3.130182981491089, -1.1538268051536573], [5.198279766207657, 3.130182981491089, -2.7539352653742135], [9.140478128891075, 3.130182981491089, -4.234712345625449], [9.200365483348012, 3.130182981491089, 2.7488793870441874], [11.991977959242497, 3.130182981491089, 0.7901393747107408], [12.55210647311366, 3.130182981491089, 3.813277655872794]], "number_of_bots": 9, "bot_trajectory": [[0.053614936938489864, 0.006590756482202187, -3.8711852564706284, -0.8980267810042319, 1.5547803605882946, 0.3901081582113529], [0.03060542662748833, 0.09279829540109291, 0.47866312568747404, 4.224142921637681, 0.036756522479534356, 0.4996210656622082], [0.09766293321240925, 0.023179042539000095, 0.9628258072604989, 4.437385475782046, 2.763991181654314, 0.4690492724671015], [0.04991721168681821, 0.004229369887100187, -2.7466889513532355, -1.5522703848274244, 1.0778439606768795, 0.39320568592976024], [0.04842978076472963, 0.09975404882099784, -3.145857425564804, -3.1523788450479806, 1.9754326860820537, 0.3589428349693592], [0.059352000312998775, 0.0582056682999051, 0.7963409371186136, -4.633155925299216, 0.9635193157629957, 0.45939007081227934], [0.03960976115639142, 0.05840841268105843, 0.8562282915755515, 2.3504358073704203, 0.27389271587453157, 0.2776989685693175], [0.032812688367611496, 0.01651087806115633, 3.6478407674700355, 0.3916957950369737, 0.7484627945421901, 0.43246149021115454], [0.09402590621782692, 0.02420113737952876, 4.2079692813412, 3.414834076199027, 2.985305106241866, 0.3170358341890676]]}