{"position": [[-3.5411149260594312, 0.18276762962341309, 2.24518516310461], [1.1497267710788899, 0.18276762962341309, 4.022581163536916], [-4.913813901416447, 0.18276762962341309, 7.671002679229359], [-0.8521779237683418, 0.18276762962341309, 4.335038483116379], [-3.5801018361162478, 0.18276762962341309, 3.7703557414899476], [-5.166608596568613, 0.18276762962341309, 4.563200084624689], [-0.02161302478301752, 0.18276762962341309, -1.0248173516058463], [-1.5385560874346975, 0.18276762962341309, 6.400278973815273]], "number_of_bots": 8, "bot_trajectory": [[0.09869183121149815, 0.040148694902441995, -2.142798781116194, -1.0276920532345013, 1.364611068031474, 0.48300284459548937], [0.05744892673160168, 0.04823024481898138, 2.548042916022127, 0.7497039471978051, 1.7278551095958001, 0.4850046513123697], [0.00099522711563248, 0.06163810561538284, -3.5154977564732093, 4.398125462890247, 1.6404668737095602, 0.3975330079436507], [0.0880941042918965, 0.0018737374174381594, 0.5461382211748955, 1.0621612667772673, 0.32179201993823914, 0.27860778415196286], [0.032062299622786894, 0.06510006615471041, -2.1817856911730105, 0.49747852515083624, 1.951302095714208, 0.35251338953975436], [0.05752449073883768, 0.08867160006093892, -3.768292451625376, 1.2903228682855772, 1.1510867716956166, 0.499099618581207], [0.005157584748796318, 0.08001191394081815, 1.3767031201602198, -4.297694567944958, 0.7683745220466105, 0.26380956138917894], [0.09742179742289023, 0.02828540887263532, -0.1402399424914602, 3.1274017574761617, 1.248548634897543, 0.30242802778621664]]}