{"position": [[6.9039259348993935, 0.028028219938278198, 1.4392030739344215], [1.5183352794095297, 0.028028219938278198, -2.9569226435462266], [9.635209597971404, 0.028028219938278198, -2.0010499081257755], [0.7940781562049715, 0.028028219938278198, -1.0154529308930698], [7.369767270411135, 0.028028219938278198, -2.150822510340155], [10.276374911619268, 0.028028219938278198, -2.8328403050285296], [5.058314083144181, 0.028028219938278198, -2.0655122593615842], [10.44778706719279, 0.028028219938278198, 2.0400918241761374], [8.743209562234036, 0.028028219938278198, 1.711886454811828], [6.283522244004989, 0.028028219938278198, -0.9602801652391295], [10.056000158218922, 0.028028219938278198, 3.2405875336002925]], "number_of_bots": 11, "bot_trajectory": [[0.04411635827468139, 0.08451683106700433, 1.1211338435297646, 1.1266783082045173, 0.2996109983124419, 0.493622797060449], [0.04227849475099216, 0.014287340204916111, -4.264456811960099, -3.2694474092761308, 0.034342721254321085, 0.3714202582124313], [0.010738015636593568, 0.05630498909795033, 3.852417506601775, -2.3135746738556797, 1.7012895531198968, 0.48374983862969917], [0.043132360910268217, 0.05068965443602115, -4.988713935164657, -1.327977696622974, 1.9651796581653045, 0.4731628102408456], [0.08670298882151627, 0.08340796236513212, 1.5869751790415054, -2.463347276070059, 2.0967245671670947, 0.27026140601538945], [0.02249005444299469, 0.010309808919164044, 4.49358282024964, -3.1453650707584337, 0.7889704834722865, 0.34791895866285283], [0.022955466794226907, 0.09622752606180106, -0.7244780082254487, -2.3780370250914884, 1.7046005766703065, 0.3241738731161593], [0.057161243847213536, 0.09075753618429257, 4.664994975823161, 1.7275670584462333, 1.0808941875392888, 0.2865187175994378], [0.0401814170573903, 0.024551187759289706, 2.960417470864407, 1.3993616890819238, 1.8528455599181743, 0.509971716119854], [0.03398051465098707, 0.03977206812067944, 0.5007301526353602, -1.2728049309690337, 3.0038662539765304, 0.33634062743719756], [0.037787708555837594, 0.0011562747665958995, 4.273208066849293, 2.9280627678703883, 0.7573689649369233, 0.2619552946433957]]}