{"position": [[-11.177365003275447, -0.574152946472168, 0.23929057114060925], [-11.854137110003649, -0.574152946472168, -2.7186402457332637], [-5.254919725642399, -0.574152946472168, -3.4554373489558383], [-9.348951792137488, -0.574152946472168, -3.4078577212267867], [-6.526448991828216, -0.574152946472168, 1.3583777961802759], [-5.385291853854609, -0.574152946472168, -1.2848731483073959], [-3.4374359957114766, -0.574152946472168, 2.2650359137914338], [-3.282854553542305, -0.574152946472168, 0.5063946957351408], [-10.945797117758861, -0.574152946472168, -4.416661751713533], [-10.897250551809824, -0.574152946472168, -4.005923249802738], [-10.693102450092137, -0.574152946472168, 2.485985999948398], [-8.333040471616517, -0.574152946472168, -2.2671726930570233], [-8.316508147191701, -0.574152946472168, -1.7874910726157742], [-12.11374788957571, -0.574152946472168, -5.493655631441851], [-9.002905255809662, -0.574152946472168, -2.953403133778177], [-5.747338891181552, -0.574152946472168, -0.4888277934335392], [-5.17585485084934, -0.574152946472168, -0.10232939033473198], [-8.684031720262904, -0.574152946472168, 2.468117017932199]], "number_of_bots": 18, "bot_trajectory": [[0.07087743610696516, 0.030407985286168216, -3.0318657738442956, 1.1540552138560634, 0.5048589133293885, 0.4936277723835327], [0.02653505195745861, 0.050050992360792, -3.7086378805724953, -1.8038756030178094, 0.7804661902976456, 0.3649671459646058], [0.06248450082837613, 0.0964087789581793, 2.8905795037887536, -2.540672706240384, 0.677079989694966, 0.34050172437760684], [0.07898398306539484, 0.06005605528426851, -1.2034525627063353, -2.4930930785113325, 1.012039762109418, 0.4146275012348313], [0.029218224453749043, 0.03886024134519054, 1.6190502376029359, 2.27314243889573, 2.8575045674580863, 0.39133862935954766], [0.05840744828785823, 0.09692905311030742, 2.7602073755765435, -0.37010850559194175, 0.6182271075632428, 0.30488431199211435], [0.07762909179927942, 0.061319826738613956, 4.708063233719676, 3.179800556506888, 0.8368631190843249, 0.4128470437393637], [0.055296085598528597, 0.013708686661852088, 4.8626446758888475, 1.421159338450595, 1.6945118180267427, 0.503921782668275], [0.0625460902771659, 0.09060480524428649, -2.8002978883277088, -3.5018971089980786, 1.3787634226359724, 0.506956793835147], [0.00835076281864484, 0.0750973845148152, -2.751751322378672, -3.091158607087283, 2.7828255521472167, 0.5026370170373602], [0.09048292155483603, 0.09061350982405184, -2.5476032206609855, 3.4007506426638523, 2.9978747278027718, 0.4862471822067439], [0.052569814228068404, 0.02926628213396678, -0.18754124218536394, -1.3524080503415692, 0.9749173360474679, 0.4589631832278886], [0.06856835214480532, 0.07474662852964747, -0.17100891776054894, -0.8727264299003201, 1.954012656694312, 0.3102104049684675], [0.08068494150090352, 0.09881679884181856, -3.9682486601445577, -4.578890988726397, 1.4460526194591612, 0.37064732989533433], [0.05317574282443589, 0.0808459267561054, -0.8574060263785099, -2.038638491062723, 2.3375045622685606, 0.4684105326436248], [0.011462301908185323, 0.003395003049181944, 2.3981603382496006, 0.4259368492819149, 2.68078816069174, 0.5161489840972615], [0.06550602208872366, 0.026243672128387553, 2.9696443785818127, 0.8124352523807221, 2.1399662348418333, 0.386785879195535], [0.013648608429391173, 0.06282711041640802, -0.5385324908317513, 3.3828816606476533, 3.1013197192059283, 0.3023210472640608]]}