{"position": [[7.557307558878147, 2.539576768875122, 12.6012380520587], [8.09341885849944, 2.539576768875122, 7.128279117702853], [10.943510512152859, 2.539576768875122, 6.550498101344346], [4.663029836763547, 2.539576768875122, 9.733094149223906], [10.086932664532235, 2.539576768875122, 6.652299576386598], [7.727204517513977, 2.539576768875122, 11.101163129348281], [7.806574408857314, 2.539576768875122, 4.586761494147659]], "number_of_bots": 7, "bot_trajectory": [[0.05379384498521156, 0.07260134246872188, -0.7423121158044699, 4.97180918853331, 1.0627183072965851, 0.4342549385829013], [0.06301164409070174, 0.09584430523072066, -0.20620081618317632, -0.5011497458225378, 0.3648243639380837, 0.3780385352558676], [0.0458259785867585, 0.09800004396466146, 2.6438908374702406, -1.078930762181044, 2.0204326941267716, 0.39743576602167585], [0.08084068954138483, 0.07627486010045523, -3.63658983791907, 2.103665285698516, 2.0621503945830426, 0.4720128283164635], [0.00206549834623061, 0.07140480536483797, 1.7873129898496165, -0.9771292871387927, 0.9879329216902714, 0.3718004920435277], [0.09494709949932933, 0.05098428503874218, -0.5724151571686398, 3.47173426582289, 0.09131182772194477, 0.346305496700172], [0.09419240318732801, 0.03807595620148261, -0.4930452658253037, -3.0426673693777317, 2.324659073470809, 0.44555630810517877]]}