{"position": [[5.490903601773495, 0.08271050453186035, 10.39558808365841], [7.031344355589431, 0.08271050453186035, 4.8581710217216125], [8.136683845316865, 0.08271050453186035, 11.309492794234377], [3.264281841125423, 0.08271050453186035, 11.405965178647207], [5.365298036613242, 0.08271050453186035, 8.39270029420457], [2.1510576203203, 0.08271050453186035, 7.220831162611752], [3.606519633840089, 0.08271050453186035, 13.407306767892667], [5.837945024696017, 0.08271050453186035, 8.741922503839543], [1.9763815996295238, 0.08271050453186035, 10.828800336271971], [2.9748946923162247, 0.08271050453186035, 7.468489376393407], [5.726434232827672, 0.08271050453186035, 7.027341706756571], [8.119641604150287, 0.08271050453186035, 7.835843234716718], [1.2849226722323355, 0.08271050453186035, 5.098647722331545], [0.3218154926187857, 0.08271050453186035, 10.778832231537155], [6.143308734117957, 0.08271050453186035, 11.077834292639201], [0.010795969689564089, 0.08271050453186035, 7.099743311453669], [0.6098737870973219, 0.08271050453186035, 5.602416197297247], [9.336949511995048, 0.08271050453186035, 6.653600309103471], [4.408018933037538, 0.08271050453186035, 11.43673579005393]], "number_of_bots": 19, "bot_trajectory": [[0.03337118775814506, 0.09557825640928472, 1.0199572898228115, 1.7251626686193466, 0.5438157366781063, 0.48719044985651616], [0.0483348870650029, 0.04626077375885459, 2.5603980436387475, -3.81225439331745, 2.314356211348297, 0.4646646340724673], [0.09678014413211453, 0.07411027480767085, 3.6657375333661815, 2.639067379195313, 2.1540639711587883, 0.4586317841876597], [0.03971179394802512, 0.026314455350316866, -1.2066644708252605, 2.7355397636081458, 0.7494484906437993, 0.4534788142326099], [0.0006304561983134893, 0.03764810170799102, 0.8943517246625587, -0.2777251208344922, 0.7422997395743427, 0.38142455476361004], [0.021410568363601425, 0.034591174433768315, -2.319888691630384, -1.4495942524273109, 3.07074949975628, 0.40068655210392645], [0.05697226910237713, 0.09286910104771054, -0.8644266781105947, 4.736881352853604, 1.7686975437410233, 0.28559938722371864], [0.0927812440727578, 0.04214728647643554, 1.3669987127453331, 0.07149708880048067, 1.9947722527837275, 0.2826693814172051], [0.05668215381622577, 0.00234787552808724, -2.49456471232116, 2.1583749212329084, 0.8488214509675027, 0.2847705253647775], [0.06079206056577735, 0.04363684085703381, -1.4960516196344587, -1.2019360386456557, 2.938178486572611, 0.4494981850195037], [0.07146459951808459, 0.05857895452969212, 1.2554879208769887, -1.6430837082824912, 3.0677782380284113, 0.3686595432276243], [0.01915807430230899, 0.055100568503122095, 3.648695292199603, -0.8345821803223452, 2.6794646592429077, 0.47827782499882454], [0.09034035622187792, 0.012460368676811473, -3.186023639718348, -3.571777692707517, 2.2795049823096933, 0.46336641230748965], [0.0881388617986147, 0.05086764151689812, -4.149130819331898, 2.1084068164980927, 2.782213997304603, 0.29468508607160393], [0.0029649664408931907, 0.096435563902491, 1.6723624221672728, 2.407408877600139, 1.334706668158095, 0.5207575758746441], [0.05122672901976607, 0.03845074375785397, -4.4601503422611195, -1.5706821035853935, 0.006017572451743082, 0.37530326333188624], [0.09668379230933336, 0.04519916960348698, -3.8610725248533617, -3.068009217741816, 1.444777241060483, 0.3871927847792096], [0.0239136897905722, 0.0777451734812431, 4.866003200044364, -2.0168251059355913, 1.306803331190176, 0.2718644987661835], [0.08326767305467324, 0.0728288671881905, -0.0629273789131457, 2.766310375014868, 1.787894649397828, 0.3713384603025558]]}