{"position": [[-2.0493883883656663, 3.523890495300293, -4.005433494772089], [-0.6983825792292908, 3.523890495300293, -4.73360163017965], [2.9122973070342617, 3.523890495300293, -1.5981156529949097], [1.5140867361283061, 3.523890495300293, -2.3905199534831674], [0.9148876575238685, 3.523890495300293, -6.961744305988848], [-2.1982524083669484, 3.523890495300293, -1.371439953868821], [-3.625764155971619, 3.523890495300293, -0.5934746012800334], [-4.266677204127587, 3.523890495300293, -5.695411418663841], [0.25162258842732843, 3.523890495300293, -5.812471865443845], [1.630516827106958, 3.523890495300293, -0.16165344944462046]], "number_of_bots": 10, "bot_trajectory": [[0.07571578290867531, 0.04931874208859387, -0.23652265426532426, 0.8294931104525205, 2.632828617958707, 0.27101412208675113], [0.07893695923276205, 0.0038916311973169805, 1.114483154871051, 0.10132497504495963, 2.186880602319694, 0.4810943818153878], [0.0696556330280151, 0.08914922304924318, 4.7251630411346035, 3.2368109522296997, 0.32059162848980716, 0.27091834365634443], [0.004607956888777931, 0.0779814144677986, 3.326952470228648, 2.444406651741442, 0.09115889695582875, 0.39953494746773843], [0.07613305838790754, 0.08927699282014029, 2.7277533916242103, -2.1268177007642386, 1.223914195812598, 0.3326043886063723], [0.08587017150950073, 0.0086154187940214, -0.3853866742666068, 3.4634866513557885, 2.9379965448963303, 0.4207947510822798], [0.027304943394862103, 0.0819212558880332, -1.8128984218712774, 4.241452003944576, 2.182597548606721, 0.39420387756555897], [0.0688624551753825, 0.05974075879306715, -2.453811470027245, -0.8604848134392318, 1.4951715113020716, 0.2959613115747909], [0.005822310401690067, 0.04632252925867637, 2.0644883225276702, -0.9775452602192358, 2.9267747193643094, 0.2834351419505891], [0.01156517490800808, 0.08447288661605859, 3.4433825612073, 4.673273155779989, 1.0598406259609927, 0.32074480688788104]]}