{"position": [[5.822820927420474, 0.18221712112426758, 5.808331364988837], [-0.44834456967797065, 0.18221712112426758, 9.155676452089246], [2.9247102898720136, 0.18221712112426758, 5.033309452833176], [5.837764018284165, 0.18221712112426758, 13.920370236676138], [-1.812173789270556, 0.18221712112426758, 12.334128431247132], [0.1454807985351616, 0.18221712112426758, 10.782376923360086], [0.6782791931744971, 0.18221712112426758, 6.65225394866841], [0.9010362486073777, 0.18221712112426758, 5.0271611917494825], [1.1629813416875259, 0.18221712112426758, 13.9449877830966], [0.7314653314522683, 0.18221712112426758, 12.995891944782517], [7.274447560829543, 0.18221712112426758, 14.29596255900805], [5.736379784073637, 0.18221712112426758, 5.56416694041273]], "number_of_bots": 12, "bot_trajectory": [[0.07276145463447962, 0.06323679385487323, 3.02382400206647, -3.62103570044085, 0.957100168885498, 0.45754295336439443], [0.09684915791762815, 0.02577794802319333, -3.2473414950319746, -0.27369061334044265, 0.6952462509799862, 0.2897890134024949], [0.013290398399653935, 0.02946902833419309, 0.12571336451800974, -4.396057612596511, 1.4182596979835809, 0.381074501323629], [0.09235782884289807, 0.050382720473433826, 3.0387670929301613, 4.491003171246452, 0.1204505003825116, 0.4290563394869158], [0.026787601102620084, 0.029599263458311244, -4.61117071462456, 2.9047613658174445, 1.8059651886544286, 0.2938469643752949], [0.08652143641233513, 0.036564683739628026, -2.6535161268188423, 1.3530098579303995, 1.1199973914277854, 0.48232438362148333], [0.0374457518227479, 0.006634395873284871, -2.1207177321795068, -2.7771131167612784, 2.2803777096164546, 0.3416083881029244], [0.02154640464760684, 0.0860056344882518, -1.8979606767466262, -4.402205873680205, 2.637571686535995, 0.26436108081805687], [0.05027399135274526, 0.026328406896234537, -1.636015583666478, 4.515620717666913, 3.106909230592773, 0.39660843607194196], [0.01984132017069793, 0.09246297255032122, -2.0675315939017356, 3.5665248793528304, 2.549747355178042, 0.4604526645392665], [0.06419617212191399, 0.08976744196081278, 4.475450635475539, 4.8665954935783615, 2.819625792043573, 0.5130491197379888], [0.03165899623130736, 0.07093235011090727, 2.9373828587196327, -3.8652001250169574, 2.1268464451986775, 0.32398825747572263]]}