{"position": [[-1.0746735229366993, -2.6665971279144287, -6.562766072532166], [-3.5502249420330863, -2.6665971279144287, -2.6507512584721082], [0.1215926746529612, -2.6665971279144287, 0.8191057927407197], [-3.5120869365070067, -2.6665971279144287, -6.434714733504466]], "number_of_bots": 4, "bot_trajectory": [[0.026191332259333667, 0.09699939210616373, -1.4622138633602833, -3.424986836692322, 2.6668633404697597, 0.2651867086003003], [0.06543345606298538, 0.01804677985207248, -3.9377652824566702, 0.4870279773677355, 1.3595334998200719, 0.33521238437752826], [0.07542995023869783, 0.03295340963412772, -0.2659476657706228, 3.9568850285805635, 1.2462333818680862, 0.3467250852982845], [0.09404791386424753, 0.01729256200799666, -3.8996272769305906, -3.2969354976646215, 2.8166335387707866, 0.26249532412991683]]}