{"position": [[7.757830685552124, 0.047212690114974976, -3.975190814723952], [10.029923573586677, 0.047212690114974976, 3.410847437187826], [14.134527257790587, 0.047212690114974976, -2.097143513783636], [8.992539044429147, 0.047212690114974976, -3.2843910849574875], [14.522151424348527, 0.047212690114974976, -1.1775005666448604], [14.757882444718469, 0.047212690114974976, -3.183441801216992], [13.357887781168358, 0.047212690114974976, 1.5868084759455712], [7.087894139943204, 0.047212690114974976, -0.29301900680385984], [6.569208190983399, 0.047212690114974976, 4.549416827030979], [5.897661893032824, 0.047212690114974976, -1.1052502838027047], [7.807456546858336, 0.047212690114974976, 0.35754441213002286]], "number_of_bots": 11, "bot_trajectory": [[0.06014733352565529, 0.03312614493247137, -2.9305600462593997, -4.756661292304976, 2.3507629242339694, 0.3906829645253126], [0.007686700856593687, 0.0618792847279553, -0.6584671582248458, 2.6293769596068017, 3.0967567850757254, 0.4960554803176174], [0.012427110784525085, 0.09214340122625472, 3.4461365259790644, -2.8786139913646602, 0.19159807159238762, 0.27780132538339786], [0.01432025985690355, 0.0896476537353197, -1.695851687382376, -4.065861562538512, 2.0662681942070606, 0.3343601409782042], [0.04614322717247497, 0.032086064548050186, 3.8337606925370036, -1.9589710442258845, 1.097245922903673, 0.3627522348667285], [0.019212804179366196, 0.02056470331061, 4.069491712906946, -3.964912278798016, 0.14233039853548993, 0.30039302467223206], [0.07476024607413834, 0.08799929104674606, 2.669497049356834, 0.805337998364547, 1.0546935994734747, 0.3832035623731768], [0.002608995309608231, 0.006503290623978197, -3.6004965918683194, -1.074489484384884, 2.4576791342747213, 0.4122253880807739], [0.009879685777656532, 0.04128949939973037, -4.119182540828125, 3.7679463494499545, 2.893110668615007, 0.3032752704585817], [0.06779283713456159, 0.04963187193865194, -4.7907288387786995, -1.886720761383729, 1.648973677011808, 0.43877916150808594], [0.08953164696763126, 0.044538835750236525, -2.8809341849531878, -0.4239260654510013, 0.4746650192713044, 0.37405858037636064]]}