{"position": [[4.671855643396942, 0.08355426788330078, 7.257704527061897], [-0.36980484919545464, 0.08355426788330078, -1.9194852712573773], [7.223862655309508, 0.08355426788330078, 6.3043092945233115], [3.1896083888201954, 0.08355426788330078, 7.319072742713889], [3.318000653222139, 0.08355426788330078, -1.3180672934972186], [5.847057639472953, 0.08355426788330078, 3.2673492291465456], [7.350249646952057, 0.08355426788330078, 2.198774230880792], [1.2206827103868543, 0.08355426788330078, 0.16712431007916262], [6.042769949974186, 0.08355426788330078, -0.5289540495786254], [5.517984465821356, 0.08355426788330078, 2.003487535305227], [8.946587847986574, 0.08355426788330078, 5.587853723859299], [4.706490410173575, 0.08355426788330078, -0.8420239231091813], [7.1994154121787926, 0.08355426788330078, 2.880343096294334], [0.4228593224902788, 0.08355426788330078, 0.5286834981821409]], "number_of_bots": 14, "bot_trajectory": [[0.0993389569053768, 0.010121561111517585, 0.674084857111541, 4.558881075066047, 0.8788751870777761, 0.4083809223414856], [0.07199040801624443, 0.060684858099668004, -4.367575635480855, -4.618308723253227, 0.01362016207207904, 0.3686950216896471], [0.023933373082619357, 0.07086502916675394, 3.226091869024108, 3.605485842527462, 0.23324919961162865, 0.312924629730742], [0.09138937192308497, 0.026049729589982973, -0.8081623974652052, 4.620249290718039, 1.7120697055949659, 0.3139422518068751], [0.07743472065880878, 0.04128851709428236, -0.6797701330632611, -4.016890745493068, 0.7097292253249324, 0.35614466179438187], [0.023059012505680144, 0.055766653410640674, 1.8492868531875528, 0.5685257771506957, 2.902858350800777, 0.2974032512133624], [0.027374382186044287, 0.06526057009649654, 3.3524788606666567, -0.5000492211150576, 1.7588949001178023, 0.40455181337551016], [0.028408221323870463, 0.06160107798555664, -2.777088075898546, -2.531699141916687, 0.8952801718971846, 0.3418493912723803], [0.056732565374528754, 0.007575426649724803, 2.0449991636887854, -3.227777501574475, 0.27537452487542197, 0.3774951944778339], [0.01593417885246008, 0.018854230284026385, 1.5202136795359555, -0.6953359166906226, 2.5716670885965, 0.4399409148684481], [0.07788572215276199, 0.07414407151668263, 4.948817061701175, 2.8890302718634486, 0.43603657823155373, 0.39497152730436225], [0.06433688749050888, 0.06452816180466116, 0.7087196238881743, -3.540847375105031, 0.9345057984709666, 0.39127437639542795], [0.08168792194863866, 0.023770989971273304, 3.2016446258933917, 0.18151964429848455, 2.8688857836765886, 0.437895280475473], [0.08782839957355686, 0.09108006777365456, -3.5749114637951216, -2.1701399538137087, 2.0258780440081985, 0.43111882658933787]]}