{"position": [[9.386131067536382, 0.18742044270038605, -1.0094743898593403], [16.57418570556791, 0.18742044270038605, 1.5155699595952048], [14.903843747289034, 0.18742044270038605, 2.057470986116149], [7.532570429509185, 0.18742044270038605, 3.508182671977573], [9.719629439014547, 0.18742044270038605, -0.8180354631931248]], "number_of_bots": 5, "bot_trajectory": [[0.0021028919176384166, 0.057564462250679405, -3.1195452019948675, -2.796157710858486, 2.138662725404921, 0.47799116034213873], [0.09942587628749623, 0.032250506221250794, 4.068509436036659, -0.2711133614039407, 1.0488332237019216, 0.40876814811444423], [0.046654773273062534, 0.04401120705522059, 2.3981674777577844, 0.2707876651170038, 0.9571207980041648, 0.4575415824265182], [0.05740479758757154, 0.0956500337771882, -4.973105840022065, 1.721499350978427, 0.8480072639449052, 0.3374204212172216], [0.06065485062407766, 0.013995134731043146, -2.786046830516704, -2.6047187841922703, 0.7025862208937688, 0.46839259092134]]}