{"position": [[-1.5577448568606016, -0.2976810932159424, 0.295847103712783], [5.852522892311818, -0.2976810932159424, 3.573779537512144], [0.1579586295772144, -0.2976810932159424, 1.7272151825452031], [6.764166147647595, -0.2976810932159424, 5.217249741992371], [-0.9624437568396358, -0.2976810932159424, -1.6135873638001974], [2.5989738986906423, -0.2976810932159424, 3.4248183907755725], [3.395655088011305, -0.2976810932159424, -2.1747459748680855], [-0.08609356226182041, -0.2976810932159424, -0.4908409943296932], [-2.4705098515811468, -0.2976810932159424, -2.95122002774478]], "number_of_bots": 9, "bot_trajectory": [[0.04137271878153934, 0.04341467472360002, -3.4194692335390684, -0.8763509534618996, 2.7524536474175956, 0.47279561181934404], [0.04402903184746425, 0.023478361698577845, 3.9907985156333514, 2.4015814803374615, 0.6827705092300604, 0.5011908064690783], [0.003180557529730399, 0.07990736786635433, -1.7037657471012524, 0.5550171253705205, 1.2985169029867083, 0.3835479473341291], [0.035937741595536477, 0.06397820720636459, 4.902441770969128, 4.045051684817689, 1.3912372648307292, 0.3191484061938397], [0.030544961895006516, 0.04724050014392821, -2.8241681335181026, -2.78578542097488, 2.098839382642478, 0.3637795561424658], [0.02734243640639712, 0.07737602300559013, 0.7372495220121755, 2.25262033360089, 2.133589475797361, 0.40270703961331833], [0.041375028731112574, 0.013231922456011768, 1.5339307113328382, -3.346944032042768, 0.21477297951332666, 0.2775708622695462], [0.07492937338314003, 0.03310903646036967, -1.9478179389402872, -1.6630390515043758, 1.593918330344126, 0.4217121397938232], [0.010622345975767666, 0.0878541033626944, -4.332234228259614, -4.123418084919463, 2.326804259274791, 0.2836526782240345]]}