{"position": [[8.761750174970969, -3.3411386013031006, -3.5916706165306813], [9.948060829700207, -3.3411386013031006, -11.941145143248786], [7.101341483999565, -3.3411386013031006, -8.666138526051213]], "number_of_bots": 3, "bot_trajectory": [[0.028454219320457486, 0.09988126483799778, 3.5641231074050506, 4.848282233811116, 2.1889157780445987, 0.484264213804071], [0.0689700694604556, 0.007458968812746736, 4.750433762134288, -3.501192292906988, 2.4074191532555576, 0.5185569074189511], [0.008881256553053418, 0.014812520375679494, 1.9037144164336472, -0.22618567570941606, 0.727602691161092, 0.261846642454932]]}