{"position": [[-4.922254870708495, 0.013660728931427002, -6.830319150467822], [-11.048182503778744, 0.013660728931427002, -0.4738650406076932], [-4.591401591981919, 0.013660728931427002, -2.7096688323937776], [-13.771428848748844, 0.013660728931427002, -7.2559965332185925], [-4.043135233111016, 0.013660728931427002, -6.045111207243457], [-12.766770629492589, 0.013660728931427002, -2.864490508442193], [-6.07328619556754, 0.013660728931427002, -6.669294169194748], [-6.709479592254759, 0.013660728931427002, -6.771674702428376], [-6.878513248167184, 0.013660728931427002, -6.36241995189294], [-12.689670656075325, 0.013660728931427002, -6.8253653553424325], [-7.167083024101164, 0.013660728931427002, -4.15173915669173]], "number_of_bots": 11, "bot_trajectory": [[0.02552803677539278, 0.001367558349365494, 4.050427128498048, -2.935777410050341, 1.063055180473359, 0.4595924893481544], [0.04840704483743709, 0.013200090664078989, -2.075500504572201, 3.4206766998097873, 0.6450176166771607, 0.3496254341190521], [0.06955472930113629, 0.020675758215453442, 4.381280407224624, 1.184872908023703, 1.704984007467406, 0.4624947043192261], [0.07826502814904504, 0.018706256721758165, -4.798746849542301, -3.361454792801112, 2.77713871414244, 0.3333380352529772], [0.07925002020889742, 0.039633050139000744, 4.929546766095527, -2.150569466825977, 1.5725023377905765, 0.5079498601958092], [0.033866357523145964, 0.06625543515026004, -3.7940886302860455, 1.0300512319752875, 1.350125605413501, 0.424809008995084], [0.02768622561639337, 0.08823915567035426, 2.899395803639002, -2.7747524287772674, 0.9996775161246495, 0.4924739569342339], [0.07572076870971804, 0.005375034280004809, 2.263202406951784, -2.8771329620108954, 1.4881039880479054, 0.3790638253101496], [0.07853636354961877, 0.08493820805631243, 2.0941687510393594, -2.467878211475459, 1.499936957323155, 0.46475488743185245], [0.019036731347703405, 0.027718067974878156, -3.7169886568687827, -2.930823614924952, 0.3269966498899879, 0.5001003542703301], [0.012224810016388855, 0.06602274932244874, 1.8055989751053791, -0.25719741627424964, 0.7167504131749252, 0.42206316847492376]]}