{"position": [[14.92803131955224, 0.19929051399230957, -4.899747243022112], [8.394936285389687, 0.19929051399230957, -2.688652437245943], [14.996320484642387, 0.19929051399230957, -2.665776133307137], [15.419764733331384, 0.19929051399230957, 1.4990736574805212], [7.477964616500384, 0.19929051399230957, 0.9469811671299979], [14.181320358007945, 0.19929051399230957, -2.363059279775573], [5.866269057256565, 0.19929051399230957, -0.8837428773245066], [7.969563017382036, 0.19929051399230957, 3.0977284316736355]], "number_of_bots": 8, "bot_trajectory": [[0.07341790219220688, 0.04246694581399858, 4.283914917879875, -3.7544536496154346, 0.9808835359738463, 0.49307045367848623], [0.07504730367981598, 0.0394300984181251, -2.2491801162826777, -1.5433588438392654, 1.4639036318060037, 0.4684791747370922], [0.07150782943940544, 0.022521669871678564, 4.352204082970024, -1.5204825399004596, 3.118359136978453, 0.5235150002271868], [0.020023367369845356, 0.02264111966785235, 4.7756483316590215, 2.6443672508871985, 1.6680527545327548, 0.35604411948240877], [0.044485967709299246, 0.09595265386705026, -3.166151785171979, 2.092274760536675, 1.4034643143871053, 0.47440408199273965], [0.0921221927035633, 0.021384530511155308, 3.5372039563355817, -1.2177656863688957, 2.8102441073581534, 0.49926936994480087], [0.03224921315962485, 0.07018435979211014, -4.7778473444157985, 0.2615507160821706, 0.6892104506020501, 0.4779173285014833], [0.04189999806945618, 0.0532351001789569, -2.674553384290327, 4.243022025080313, 2.965444310571562, 0.2910332079616433]]}