{"position": [[4.412801960637163, 0.5918906331062317, 1.1667349639483457], [4.364699437195256, 0.5918906331062317, -0.5175566080945506], [3.7143266716569765, 0.5918906331062317, -1.6251806538540217], [1.118375100146035, 0.5918906331062317, 0.449919592770309], [4.263254884829697, 0.5918906331062317, -3.0911328186529046], [5.5343814605829404, 0.5918906331062317, -3.908666504670745], [-0.8720850481419298, 0.5918906331062317, -4.396669113277735], [-0.8194674561565423, 0.5918906331062317, -2.6517831654827084], [2.2258121562595434, 0.5918906331062317, -3.074173245522614], [3.4858461342809974, 0.5918906331062317, -3.920296208464607], [3.729985763787987, 0.5918906331062317, -1.9479245313569196], [5.943251522974105, 0.5918906331062317, 3.8864771709934605], [5.455173569890965, 0.5918906331062317, -1.1942664079517187], [-2.375416519202396, 0.5918906331062317, 2.806573405552327], [5.895887305079143, 0.5918906331062317, 1.5126284025860812], [4.809939243762967, 0.5918906331062317, 4.291895205746986], [0.9145571645445525, 0.5918906331062317, 2.5219215191888]], "number_of_bots": 17, "bot_trajectory": [[0.08945122291796068, 0.05039479034418307, 1.9051389490862591, 1.8614241781779295, 3.078629650513986, 0.2679986714002093], [0.03755030580599431, 0.037423656798490114, 1.8570364256443528, 0.17713260613503312, 0.2879368791237686, 0.2780076635040532], [0.08783632073412875, 0.05156506291739639, 1.2066636601060732, -0.9304914396244379, 3.140861223103573, 0.3135534600072514], [0.006898757991572413, 0.08615888865792831, -1.3892879114048684, 1.1446088069998928, 1.5694558129873728, 0.2888706868765477], [0.06080002193707647, 0.04154204730368136, 1.7555918732787945, -2.396443604423321, 2.0782540458478618, 0.2854936227540609], [0.08097702932839468, 0.054870857941479, 3.0267184490320376, -3.213977290441161, 0.18835856644430868, 0.48780916309111894], [0.08010728220437127, 0.041367177326400176, -3.379748059692833, -3.701979899048151, 2.5976636744181807, 0.2919577549996433], [0.061756626461942354, 0.07097664658151387, -3.3271304677074456, -1.957093951253125, 1.9667964916319072, 0.4624016021353242], [0.06384474431459, 0.09300750275717648, -0.2818508552913601, -2.37948403129303, 1.085482869311909, 0.4024876506441596], [0.05909687355723174, 0.006451212348475166, 0.9781831227300941, -3.225606994235023, 1.880289142803998, 0.46107198529221577], [0.017683103274563204, 0.021306863690372647, 1.2223227522370839, -1.2532353171273358, 0.15448169640750609, 0.28634208378586223], [0.06712064336708755, 0.06246929887552773, 3.435588511423202, 4.581166385223044, 0.06514651886910054, 0.3834954795135241], [0.09578196027757549, 0.04190232193831741, 2.9475105583400616, -0.49957719372213494, 1.7241442804679155, 0.5164716067183385], [0.07670544356094672, 0.041260794894903155, -4.8830795307532995, 3.501262619781911, 0.39293407488773185, 0.42013229435935917], [0.060858339860169176, 0.004468878017462563, 3.38822429352824, 2.207317616815665, 2.941863683182121, 0.4675450003684723], [0.03639380705869015, 0.02559426985208162, 2.302276232212064, 4.98658441997657, 1.1401883024431272, 0.3034188925461261], [0.03918187113292689, 0.07982300843558833, -1.5931058470063508, 3.2166107334183835, 1.6632919935109671, 0.2690129850871656]]}