{"position": [[-0.4463945330005401, 0.18263643980026245, -3.4368673639246836], [-6.337463802638522, 0.18263643980026245, 1.6323998253865868], [-4.339819872742097, 0.18263643980026245, 2.8154565561810276]], "number_of_bots": 3, "bot_trajectory": [[0.02937207073544762, 0.0003067381073874165, 1.7799786626476533, -3.0989675896117106, 2.2810885863594885, 0.3814596396227371], [0.08795111787163373, 0.06735268667906671, -4.111090606990329, 1.9702995996995598, 1.0777434445212222, 0.3157385156923795], [0.032807458914169696, 0.033500558925437775, -2.1134466770939033, 3.1533563304940007, 2.7286038156060872, 0.33841209188361604]]}