{"position": [[-2.0419381031389743, 0.1613903045654297, -3.657376305216202], [-9.701063264934852, 0.1613903045654297, -5.978006514268587], [-1.5425438941226948, 0.1613903045654297, 2.3996248869281827], [-7.298097581362054, 0.1613903045654297, -6.424571316386277], [-3.0116572501951615, 0.1613903045654297, -0.4185819391634835], [-2.2218444727877333, 0.1613903045654297, 0.8379887435096514], [-3.281138435105621, 0.1613903045654297, 0.051163219683689976], [-6.211119460522762, 0.1613903045654297, 3.1215423727234937], [-6.162498755906348, 0.1613903045654297, -5.3431576357773825], [-1.1922672033888562, 0.1613903045654297, -2.2252824581514963], [-2.3882346211236265, 0.1613903045654297, -6.452578650705935], [-8.244178041307581, 0.1613903045654297, -4.757102170166761], [-7.3022307793024135, 0.1613903045654297, -2.458819032532212], [-0.032380627526301886, 0.1613903045654297, -1.0490403358420817]], "number_of_bots": 14, "bot_trajectory": [[0.08766051752122724, 0.03337225401201395, 2.833757125437686, -2.0606486955818024, 2.34782197342567, 0.32072837813947846], [0.019003756372796443, 0.03546713077683898, -4.825368036358192, -4.381278904634188, 2.224942255858748, 0.4747345020120575], [0.09217609178880351, 0.06953601871430043, 3.3331513344539654, 3.996352496562582, 2.3312098885026633, 0.3667544777687906], [0.007487991127311799, 0.055352933577825725, -2.4224023527853933, -4.827843706751878, 2.2845374774172567, 0.2790209743045127], [0.03607015978078747, 0.039661966397483636, 1.8640379783814987, 1.178145670470916, 2.324935602789731, 0.32425147610766897], [0.025173233120900317, 0.045867349586029935, 2.653850755788927, 2.4347163531440508, 0.5890041877057419, 0.3668581712868981], [0.009726950044522809, 0.026533288344377525, 1.5945567934710392, 1.6478908293180894, 3.089018765541127, 0.3166564611688731], [0.01621088117708397, 0.04090157511986716, -1.3354242319461018, 4.718269982357893, 2.434199083785363, 0.4490892996807489], [0.08547432531785579, 0.007324024096365922, -1.2868035273296885, -3.746430026142983, 1.4793767048717867, 0.5127196354239923], [0.05434484445954968, 0.05964645017265696, 3.683428025187804, -0.6285548485170966, 0.838528588343433, 0.42687042207343306], [0.06654921397331896, 0.08215295534502412, 2.4874606074530337, -4.855851041071536, 1.9693295996516764, 0.49375850326585125], [0.09615648543092664, 0.07809246608081183, -3.368482812730921, -3.160374560532362, 0.899683282762579, 0.4136055974895221], [0.06260946488969811, 0.05014981472394829, -2.4265355507257533, -0.8620914228978127, 2.2751728386074195, 0.3450083078773595], [0.06804742361157821, 0.021157941976973516, 4.843314601050358, 0.5476872737923177, 0.9104524206184031, 0.4570719389188612]]}