{"position": [[4.2014783196892225, 0.02198922634124756, -3.602125832573706], [4.187569069519679, 0.02198922634124756, -6.36499986258402], [-3.0859414578709146, 0.02198922634124756, -3.448470722889242], [0.9825346626198694, 0.02198922634124756, -9.804908061659527], [-0.1194351743743538, 0.02198922634124756, -11.21846567817525], [-2.371980964051751, 0.02198922634124756, -11.606544090943943], [5.171393200152209, 0.02198922634124756, -8.861093009189652], [-3.5696624158445065, 0.02198922634124756, -10.328458850096414], [3.355376121218918, 0.02198922634124756, -11.876157541553495], [-2.192896804166992, 0.02198922634124756, -3.5254349555893487], [-2.078936001776537, 0.02198922634124756, -5.341025195798004], [-0.8239323034689261, 0.02198922634124756, -7.101175862998454], [-1.6785307322258056, 0.02198922634124756, -9.138576377662366]], "number_of_bots": 13, "bot_trajectory": [[0.023347011651181814, 0.04286039028294242, 3.699319618269392, 3.584976962073511, 0.5909343180370887, 0.42258689750942824], [0.03593870964054744, 0.08576570763809002, 3.6854103680998485, 0.8221029320631967, 0.9255428020112166, 0.4659244777017849], [0.0190948899843848, 0.08887440535199301, -3.588100159290745, 3.7386320717579746, 1.2826398645178763, 0.3139885864302559], [0.026567820448244663, 0.054573139778472, 0.4803759612000391, -2.6178052670123098, 2.5395173746083226, 0.2872410753456144], [0.026126757507225495, 0.09666564588649593, -0.6215938757941841, -4.031362883528033, 0.5564495968328834, 0.37853547057851755], [0.05301229407225312, 0.09636921428460668, -2.8741396654715814, -4.419441296296727, 0.27287854488789093, 0.380737282064556], [0.026945525702825223, 0.01768804606411025, 4.669234498732378, -1.6739902145424346, 2.9370567068114055, 0.319463538805406], [0.03388766335582882, 0.02933485575398439, -4.071821117264337, -3.1413560554491973, 0.752005292318809, 0.29120177812671433], [0.009471066414762142, 0.03666822106764143, 2.853217419799088, -4.689054746906278, 1.113201891499224, 0.41310066479410457], [0.021748514894130412, 0.07964937101743019, -2.695055505586822, 3.661667839057868, 0.11081213332701613, 0.4979305909175977], [0.09512898874983632, 0.0616169132129661, -2.581094703196367, 1.8460775988492129, 2.53117971456594, 0.5124999520015758], [0.047360082750169175, 0.014202752393603713, -1.3260910048887564, 0.0859269316487632, 2.763685959137726, 0.4312251052270995], [0.06988588180384062, 0.013225313539908735, -2.180689433645636, -1.9514735830151486, 2.367348385117669, 0.27873626197862933]]}