{"position": [[-9.35318387157694, 3.1285746097564697, 0.4979583848403806], [-5.699473345058333, 3.1285746097564697, -0.5849613388331416], [-0.14099652892070402, 3.1285746097564697, -3.128246132928369], [-9.055401925365565, 3.1285746097564697, -2.482860056253667], [-5.2936799671664545, 3.1285746097564697, 0.2553272483907869], [-4.096253185108881, 3.1285746097564697, -2.7924641836104067], [-5.809908259841098, 3.1285746097564697, 1.474227219402871], [-9.86024373091917, 3.1285746097564697, 2.894585032347443], [-9.032514482543569, 3.1285746097564697, -5.872578690705279], [-7.9469646436666475, 3.1285746097564697, -5.705829432795596]], "number_of_bots": 10, "bot_trajectory": [[0.08251854020757203, 0.01187329411586292, -4.337067729303991, 2.221731745092761, 1.6837600274017155, 0.5079601683677617], [0.042373591275306564, 0.04224134476301763, -0.683357202785384, 1.1388120214192388, 1.8265258150596109, 0.46582549088084746], [0.09014965269631003, 0.009856008730853339, 4.875119613352245, -1.4044727726759887, 1.5812807918616982, 0.5103289029621394], [0.02998023989965476, 0.050338564016891095, -4.039285783092616, -0.7590866960012865, 0.6470323207719773, 0.4343915286428957], [0.0030309949237520063, 0.06855330821408996, -0.2775638248935053, 1.9791006086431673, 0.39031693803397083, 0.46881448147905147], [0.0036919479736242542, 0.051834106101021606, 0.9198629571640682, -1.0686908233580261, 2.4734578524788544, 0.3087194003266939], [0.031337289975010355, 0.0895868667766732, -0.7937921175681484, 3.1980005796552513, 1.1440107154151717, 0.3667216074078152], [0.06954436819142154, 0.08924083952711125, -4.84412758864622, 4.6183583925998235, 2.0418619747511526, 0.34456145181465836], [0.04430848569152327, 0.03434214132209641, -4.01639834027062, -4.148805330452898, 2.4196052965529655, 0.5224080317055326], [0.08346628994120384, 0.02813334863121354, -2.9308485013936982, -3.9820560725432164, 0.9032276882580655, 0.4933008463179856]]}