{"position": [[-10.725082605938033, 2.5311338901519775, 1.1813715020607611], [-11.995237889230067, 2.5311338901519775, -3.145681970681183], [-12.192227390658216, 2.5311338901519775, -2.318330747799454]], "number_of_bots": 3, "bot_trajectory": [[0.07865223896822775, 0.045879551837547904, 4.416362553974077, 0.9528598407696387, 2.8204762851491276, 0.44767977906695905], [0.09458628032718436, 0.03252269118859767, 3.146207270682042, -3.3741936319723056, 2.1638095215264723, 0.36463866003061096], [0.0703021981070026, 0.053887759810037086, 2.9492177692538935, -2.5468424090905764, 2.950431765221433, 0.5138066380071851]]}