{"position": [[-4.25309976802139, 3.236947774887085, -3.2892982144526144], [0.5077640745163188, 3.236947774887085, -3.722376178904918], [-6.622542968149682, 3.236947774887085, 3.6818862133113965], [-6.724592604843116, 3.236947774887085, -0.5563499526843989], [-5.323115236102295, 3.236947774887085, -1.982663042524742], [-0.47015145321119967, 3.236947774887085, -2.847401265953648], [0.12333984141660048, 3.236947774887085, -2.1313316846915615], [1.3227112243737955, 3.236947774887085, 5.780424880535929], [-5.271898510042693, 3.236947774887085, -1.560519813246493], [-0.15578783652957773, 3.236947774887085, -3.1593253537349106], [-2.4340045882446972, 3.236947774887085, -0.6135264694494318], [-0.008419067731832541, 3.236947774887085, 5.8311762305193655], [-3.134208907844916, 3.236947774887085, 3.698059514847139], [-1.089383707274702, 3.236947774887085, 2.5009060402877954], [-5.986111462081476, 3.236947774887085, -0.04118622155599372]], "number_of_bots": 15, "bot_trajectory": [[0.04626810959096832, 0.08803773676006539, -1.6782058166053748, -4.491099991338601, 2.9708085558088126, 0.31272812713052645], [0.0659395655662306, 0.0396295547741257, 3.0826580259323344, -4.9241779557909044, 1.616330892638315, 0.35157407695507054], [0.015834767321949585, 0.025098856995751782, -4.047649016733667, 2.48008443642541, 2.780353030114048, 0.3227139814773295], [0.08470536890199967, 0.014535081012803019, -4.149698653427101, -1.7581517295703852, 0.9631980243091393, 0.4013318399890965], [0.01611133768794496, 0.005791066954131762, -2.7482212846862786, -3.1844648194107283, 1.5708782753706625, 0.48769048636033163], [0.03678364824288961, 0.08382322739945401, 2.104742498204816, -4.049203042839634, 2.1148730456208287, 0.47074994860635433], [0.010070874963267673, 0.013622396722172192, 2.698233792832616, -3.333133461577548, 0.2798354356742318, 0.324449889995027], [0.0592479065094644, 0.01893041853109755, 3.897605175789811, 4.578623103649942, 2.89703309294685, 0.4493447330271092], [0.040071465185890706, 0.08833600661050034, -2.6970045586266767, -2.7623215901324794, 1.0822874716843418, 0.5228857343324942], [0.02590794887461446, 0.0405591214576436, 2.419106114886438, -4.361127130620897, 2.6350368413981773, 0.43749438676174346], [0.06472662139641473, 0.08379715773142024, 0.14088936317131817, -1.8153282463354181, 3.0762478359193097, 0.42224866409602535], [0.06768293462383886, 0.052775394806476764, 2.566474883684183, 4.629374453633379, 2.393484490169496, 0.3128740654136969], [0.0504399509601563, 0.026606176544097283, -0.5593149564289002, 2.4962577379611526, 2.5311654179736194, 0.3999714081757856], [0.04096245874804348, 0.07376374462549305, 1.4855102441413137, 1.299104263401809, 0.06490688959016712, 0.29805065392868446], [0.09801076907697352, 0.09515069407964682, -3.4112175106654608, -1.24298799844198, 1.9999534717201115, 0.3688599243185131]]}