{"position": [[-5.705193792867516, -0.0063440799713134766, -1.6433598531825204], [-5.0713098596829, -0.0063440799713134766, 1.245264861165599], [-7.568673241294469, -0.0063440799713134766, 6.240015174552923], [-2.5748383044294494, -0.0063440799713134766, 3.8428681841226418], [-1.8041067554398165, -0.0063440799713134766, -1.6610854841837535], [-4.402180131639797, -0.0063440799713134766, 5.467480892275673], [-8.380071122544393, -0.0063440799713134766, 3.2576290021688346], [-0.894020795393387, -0.0063440799713134766, 0.23013781687432022], [-8.46791524414647, -0.0063440799713134766, 5.212290560482452], [-7.685558719310193, -0.0063440799713134766, 3.521456646622084], [-4.799803656605759, -0.0063440799713134766, -0.4428298452239301], [-3.7425614421381646, -0.0063440799713134766, -0.5631583589641576], [0.18605669170628936, -0.0063440799713134766, 5.499840460251116], [-3.241364491367598, -0.0063440799713134766, 5.7118769102572715], [-5.296250734419305, -0.0063440799713134766, -2.2934966434125315]], "number_of_bots": 15, "bot_trajectory": [[0.08246506368504651, 0.06543806877939341, -1.1574089875696647, -4.247318936739649, 2.4999792660057847, 0.29981338556262066], [0.05560143006464992, 0.0007734055913253158, -0.5235250543850489, -1.35869422239153, 0.21684662964860452, 0.491231779136437], [0.04913823634668577, 0.019474743167087936, -3.020888435996618, 3.636056090995794, 0.8133701670527117, 0.4774893354739397], [0.09231257840293801, 0.06254103027617926, 1.9729465008684022, 1.2389091005655128, 2.1484305390821112, 0.3522334717191483], [0.09408340891942915, 0.04208740082279946, 2.743678049858035, -4.265044567740882, 1.606582603251442, 0.2960544538276672], [0.023209034966774057, 0.01712508383276019, 0.14560467365805407, 2.863521808718544, 1.3479014620624632, 0.3488066001139145], [0.08168271478559931, 0.05760957974458379, -3.8322863172465427, 0.6536699186117056, 3.10591225246998, 0.3320104501216989], [0.08430202574104727, 0.02107899856677319, 3.6537640099044646, -2.3738212666828087, 0.26329163943854, 0.34174065051805114], [0.0623672019628865, 0.07447916542107391, -3.9201304388486182, 2.608331476925323, 1.771470786256089, 0.447778265161872], [0.08917982299476321, 0.002466039954168453, -3.1377739140123415, 0.9174975630649551, 0.11662122927286876, 0.4379239765876981], [0.01707809920183121, 0.02022991438603645, -0.2520188513079069, -3.046788928781059, 0.46806672880511785, 0.4309245702899458], [0.004002079446872109, 0.021328620560897592, 0.8052233631596872, -3.1671174425212865, 2.199920535018221, 0.3611620643185774], [0.011093060796273613, 0.09858430241937222, 4.733841497004141, 2.8958813766939873, 2.941405599247655, 0.29833523876202295], [0.051110279867338425, 0.06097863546636774, 1.3064203139302533, 3.1079178267001426, 2.747394377048168, 0.49245849854443075], [0.0993268596384287, 0.056540813541881715, -0.7484659291214535, -4.89745572696966, 0.813079800810318, 0.4710342744512268]]}