{"position": [[12.09948650059384, 0.07743614912033081, -7.16030870860769], [10.749418715288252, 0.07743614912033081, -7.865833404336187], [11.011052648511303, 0.07743614912033081, -0.43718028184051283], [9.371907470814902, 0.07743614912033081, -4.233679284026161], [4.5985799282583795, 0.07743614912033081, -4.5082741715717916], [4.199226418337251, 0.07743614912033081, 1.6354607878174452], [11.70169045751313, 0.07743614912033081, -2.20606721811523], [11.717109618814591, 0.07743614912033081, -7.096950347271683], [5.383085398752719, 0.07743614912033081, -7.67963470553818], [13.085677369951798, 0.07743614912033081, -0.016267875913516416], [9.01343493098021, 0.07743614912033081, -2.0514580143134458], [8.565266518608896, 0.07743614912033081, -5.186964645851469], [13.011747861132413, 0.07743614912033081, 0.9496206247893628], [7.241701038223758, 0.07743614912033081, 1.7998053280481567]], "number_of_bots": 14, "bot_trajectory": [[0.06388975076609031, 0.05835922512806222, 3.9699451034991142, -4.100355734288232, 2.386535655586118, 0.46402439089693936], [0.03016851578230273, 0.08262478595837452, 2.6198773181935255, -4.805880430016729, 1.514984085266867, 0.41318129996335745], [0.0493350959276073, 0.0980756812268061, 2.881511251416576, 2.622772692478945, 2.3956762377509953, 0.4406280625760579], [0.02091729572825455, 0.02761475716501439, 1.2423660737201758, -1.173726309706703, 0.3965867999884627, 0.322388119096769], [0.039986167791381255, 0.08515232324116825, -3.5309614688363467, -1.4483211972523335, 2.761553125722554, 0.3229309791186854], [0.03859540450084491, 0.0768785612034945, -3.930314978757475, 4.695413762136903, 0.029028051500290537, 0.4272367919025269], [0.05438907310632424, 0.010336336567960857, 3.572149060418405, 0.8538857562042279, 2.952033493995046, 0.26522604931349064], [0.0343369785183653, 0.0421508598064171, 3.587568221719865, -4.036997372952225, 0.5695584715526818, 0.3197641431429554], [0.03595939110297185, 0.04861161743579191, -2.746455998342008, -4.619681731218722, 1.469491945993988, 0.5205498716072614], [0.000535182065064832, 0.015970308669690625, 4.956135972857071, 3.0436850984059416, 1.752466268016672, 0.4461929469389566], [0.011642088959696506, 0.028973577601045485, 0.8838935338854836, 1.0084949600060122, 2.1494256750604, 0.344134132164859], [0.07616632103900993, 0.05481033948984101, 0.43572512151416887, -2.127011671532011, 1.259823358277036, 0.33153925028555564], [0.003207653731829252, 0.05697603475653902, 4.882206464037687, 4.009573599108821, 1.4504480592465165, 0.29032262403377096], [0.06981977939429744, 0.0077122012247935355, -0.8878403588709682, 4.859758302367615, 0.30573577547214953, 0.4293857577970561]]}