{"position": [[-7.379056084469388, 0.08744677901268005, -9.545833973340002], [-1.2632270756609403, 0.08744677901268005, -2.182903645994698], [1.0666628630445718, 0.08744677901268005, -9.350035166934415], [0.796033861678521, 0.08744677901268005, -2.907803523151351], [-0.9346397894363605, 0.08744677901268005, -3.334120123677552], [-1.9155479427813973, 0.08744677901268005, -5.475168997932784], [-3.94437840217343, 0.08744677901268005, -7.288051108329768], [0.30857825892567003, 0.08744677901268005, -5.41956376844368], [-0.22020673511843558, 0.08744677901268005, -3.0626665461850022], [-3.350369837412063, 0.08744677901268005, -10.641371564669722], [-5.315404686384716, 0.08744677901268005, -9.70672439371588]], "number_of_bots": 11, "bot_trajectory": [[0.010725057463483378, 0.025919408332810746, -3.7125934246335723, -3.192373661450355, 2.6208563222491197, 0.448929066886192], [0.09281863611973198, 0.04770193389698381, 2.403235584174875, 4.17055666589495, 1.2137862895382359, 0.48019656627379753], [0.04460505463939496, 0.06394187768074573, 4.733125522880387, -2.9965748550447655, 0.3728887138965027, 0.48326516215044535], [0.05030691473140627, 0.03884921517414307, 4.462496521514336, 3.4456567887382974, 1.6191457325133116, 0.49807807012549843], [0.06981054308269252, 0.0849058286038278, 2.731822870399455, 3.0193401882120963, 1.0153732493069298, 0.3083207048174771], [0.0997181706465887, 0.014937717949629226, 1.7509147170544181, 0.8782913139568638, 2.034412790777416, 0.4912251815833827], [0.031170068591197954, 0.041926789834320945, -0.2779157423376144, -0.934590796440119, 2.6180073626625786, 0.4845291356013078], [0.015750622494105738, 0.023859871667626032, 3.9750409187614855, 0.9338965434459678, 0.8464312364455562, 0.33165261876278973], [0.023274969715836556, 0.021982357534409434, 3.44625592471738, 3.290793765704646, 2.8582848500900684, 0.3640221526502478], [0.019044512650998758, 0.021210561565274844, 0.3160928224237525, -4.2879112527800745, 0.5767071499184203, 0.3455690744102885], [0.059109945225613095, 0.02463517116481122, -1.6489420265489008, -3.3532640818262327, 0.22409007839319467, 0.4915674048453156]]}