{"position": [[-2.8576799678170905, 0.15796753764152527, -2.8838993557797608], [-2.6871377577200892, 0.15796753764152527, 4.675403735867229], [-0.20915639934370844, 0.15796753764152527, 0.12877784877716314], [-8.330119620127768, 0.15796753764152527, 2.0901998454428763], [-9.919113501673351, 0.15796753764152527, 4.360320961564659], [-5.223790774444568, 0.15796753764152527, -2.907793630572265], [-0.21874417870846674, 0.15796753764152527, 3.5824606938462535], [-9.413349166272273, 0.15796753764152527, 3.480504997212746], [-9.396233684143331, 0.15796753764152527, -1.2379393653724555], [-8.831175059100051, 0.15796753764152527, 2.370010763711871], [-1.3957250185048453, 0.15796753764152527, -1.6891251302659702], [-6.1839385024474005, 0.15796753764152527, 4.312024839405574], [-4.763570098705471, 0.15796753764152527, 3.7468185958764337], [-0.01744688917146142, 0.15796753764152527, -1.4941397879275529], [-8.303362039774253, 0.15796753764152527, -2.732481462975424], [-6.76656886253121, 0.15796753764152527, -3.073825275681071], [-2.645959427154115, 0.15796753764152527, -1.9399352044515172], [-0.24901430264524116, 0.15796753764152527, -4.135942205097745]], "number_of_bots": 18, "bot_trajectory": [[0.07695418614617554, 0.07304535717647354, 2.148628587785937, -3.0167798497782883, 0.5081358320251047, 0.46343562333610633], [0.06294675735322644, 0.05933257656785862, 2.319170797882938, 4.542523241868701, 0.21052197719190177, 0.2739968059444728], [0.03616790386416001, 0.0147528357407555, 4.797152156259319, -0.004102645221364387, 1.5036480188414798, 0.416896413196033], [0.09456378303796698, 0.09754947240136394, -3.32381106452474, 1.9573193514443488, 0.8237722462818315, 0.43001644784181303], [0.011479238581783402, 0.03294924510072058, -4.912804946070323, 4.227440467566131, 0.008425193520864195, 0.33006335757199873], [0.06685636869733208, 0.0989491810614363, -0.2174822188415404, -3.0406741245707924, 1.2226217832220339, 0.3675868580566323], [0.09657264550323484, 0.07537413762667013, 4.787564376894561, 3.449580199847726, 1.1067611172243152, 0.37722031134658585], [0.05689526531665651, 0.016469775004656906, -4.407040610669245, 3.3476245032142184, 2.9027713113635336, 0.37020860062629307], [0.02456184249497636, 0.04005429510236207, -4.389925128540304, -1.370819859370983, 1.4763552658577128, 0.28068463228991564], [0.08468163309060832, 0.026884728318350048, -3.824866503497024, 2.2371302697133433, 1.9636112575864137, 0.3082599782273663], [0.023293641255872254, 0.07418823913588717, 3.610583537098182, -1.8220056242644977, 2.691327433210982, 0.40655236435937636], [0.09513744303622604, 0.06464152361887679, -1.177629946844373, 4.179144345407046, 2.3285360798087136, 0.4771593823826301], [0.010456675470595044, 0.09141196392191824, 0.24273845689755658, 3.613938101877906, 1.4012706979137874, 0.4298605041827541], [0.08798938775210623, 0.02147282776134809, 4.988861666431566, -1.6270202819260804, 2.8327950053770006, 0.43848585836875054], [0.0024113758078792126, 0.043306544043326956, -3.2970534841712262, -2.8653619569739517, 0.2013245492087709, 0.3208064519082504], [0.08416715842624359, 0.07956292697706904, -1.760260306928183, -3.2067057696795986, 2.1802122517654325, 0.4773171342919833], [0.014858604653411267, 0.07568797655226443, 2.360349128448912, -2.0728156984500448, 1.9478508038179851, 0.2778054839665083], [0.041152906141376365, 0.09851180419902075, 4.757294252957786, -4.2688226990962725, 2.4484002712387647, 0.4936347686310756]]}