{"position": [[-3.0126088768715418, 0.19935208559036255, 4.495905562744555]], "number_of_bots": 1, "bot_trajectory": [[0.04822382614147939, 0.03447265332780797, -4.340034118341879, 2.2557374681095457, 1.6270941424195848, 0.39894156623922006]]}