{"position": [[6.25699915518444, 0.1125328540802002, -7.189821380703796], [3.960224573540051, 0.1125328540802002, -0.37199026529139], [3.4893591828347343, 0.1125328540802002, 0.8964939571372033], [12.620563954696186, 0.1125328540802002, -2.1986274500467684], [7.6105501011082985, 0.1125328540802002, 0.029406531279803083], [7.01249719449605, 0.1125328540802002, -3.1371498024205913], [8.874942711056592, 0.1125328540802002, -6.318929741226706], [11.526419975798007, 0.1125328540802002, -7.478158583614736], [5.167795150601052, 0.1125328540802002, -1.6812566148883035]], "number_of_bots": 9, "bot_trajectory": [[0.08848320889820249, 0.07830418505557565, -1.7197149790318689, -4.298762458889831, 0.25838014966074835, 0.500674250022205], [0.046471447498369324, 0.09369699358316792, -4.016489560676257, 2.519068656522575, 0.8591901979852714, 0.47199306141307673], [0.04665492300831089, 0.09472355654110685, -4.487354951381574, 3.787552878951168, 1.2764316433406695, 0.2660470705633294], [0.045957970419242336, 0.010380260092355775, 4.643849820479877, 0.6924314717671964, 3.0441577397875794, 0.4192984137254592], [0.06421303097616447, 0.07415097096379465, -0.3661640331080096, 2.920465453093768, 2.6349274834408325, 0.4925967339222641], [0.004724245687066819, 0.056863859887468414, -0.9642169397202582, -0.24609088060662643, 2.6043002446550467, 0.4620036456188162], [0.02270765534691984, 0.06138467789118549, 0.8982285768402842, -3.4278708194127407, 2.605838309651706, 0.39625810325506544], [0.03926249075184748, 0.08764447851633997, 3.5497058415816984, -4.587099661800771, 2.7985739453906673, 0.3194913992562888], [0.06764739408960238, 0.046496084530214, -2.808918983615256, 1.2098023069256614, 1.4130010514718045, 0.4158019731110598]]}