{"position": [[-4.024829596225505, 0.007256507873535156, 4.144923862469342], [-3.1777061213744764, 0.007256507873535156, 1.4260592890351893], [-6.620897471522785, 0.007256507873535156, -1.0220325356051179], [-5.027981969803042, 0.007256507873535156, -1.3802881455009846]], "number_of_bots": 4, "bot_trajectory": [[0.04926786636517626, 0.04981589945478891, -0.1878192126195477, 4.128677394640591, 2.0671262580745413, 0.28866171068770385], [0.0574932757043492, 0.09851025584902041, 0.6593042622314804, 1.4098128212064387, 1.1958619951754876, 0.47636229179767475], [0.05781152827671291, 0.06619274655696591, -2.7838870879168276, -1.0382790034338685, 2.9915386301211764, 0.30134890735133746], [0.027087015230579204, 0.03246240153518552, -1.1909715861970849, -1.3965346133297352, 0.5979522093834313, 0.3761913014603039]]}