{"position": [[-1.0557535914511098, 1.1964815855026245, -5.485120469243375], [0.38936061493134977, 1.1964815855026245, -2.8647725017459407], [1.8423780643287069, 1.1964815855026245, -4.897214540968691], [-3.5377465586230583, 1.1964815855026245, 3.775412338496741], [-3.829661270055359, 1.1964815855026245, 2.0210002437698513], [-3.9315822967308645, 1.1964815855026245, -2.892416409746369], [-0.22463645913973895, 1.1964815855026245, 1.2504754881130173]], "number_of_bots": 7, "bot_trajectory": [[0.05059738851378748, 0.001138123129797064, 0.9316146346002208, -4.306280547292081, 0.7873195521080106, 0.3067145343674652], [0.05421364628864537, 0.050913800287851155, 2.3767288409826803, -1.6859325797946467, 1.607558630382529, 0.43336526173439816], [0.00882564170779666, 0.05545372855127939, 3.8297462903800374, -3.718374619017397, 2.2989179328951552, 0.31469342372385434], [0.024538001683367595, 0.08292936933852488, -1.550378332571728, 4.954252260448035, 0.1158582084171526, 0.3494197560353769], [0.07742060187085353, 0.05024885875536186, -1.8422930440040286, 3.1998401657211453, 1.1116405361445858, 0.2921919014819547], [0.09324015537120293, 0.0331630552606216, -1.9442140706795341, -1.7135764877950754, 1.0054916274144434, 0.3258632380067938], [0.04534731474216612, 0.01220202493606568, 1.7627317669115916, 2.4293154100643113, 2.244680068491554, 0.413466135688463]]}