{"position": [[2.4361375870497763, 2.7425167560577393, -2.155994545926661], [4.336254267514449, 2.7425167560577393, 0.8031644787092158], [7.628021970063647, 2.7425167560577393, -1.4207698633065053], [2.6419107233974453, 2.7425167560577393, 0.16027032696136545], [-0.553889771515883, 2.7425167560577393, -0.905141527124224], [3.117665568001911, 2.7425167560577393, -2.3038460806384125], [5.548264609301253, 2.7425167560577393, 5.213246374066561], [7.285335346208622, 2.7425167560577393, 5.3455593089505635], [0.34379780774631374, 2.7425167560577393, 5.523592419854736], [-0.47412287154511823, 2.7425167560577393, 4.0022584236623535]], "number_of_bots": 10, "bot_trajectory": [[0.0038687434244647602, 0.06795806294288534, -1.7747002539841594, -2.8602450604339547, 1.7469064087222306, 0.46133794032827524], [0.09606739218843362, 0.08913328219783456, 0.12541642648051354, 0.09891396420192211, 2.43605005906411, 0.3964534894662658], [0.020869574863624653, 0.04591876471846816, 3.417184129029711, -2.125020377813799, 0.28993511994025417, 0.369860914066606], [0.015563092346729613, 0.08959099894412473, -1.5689271176364905, -0.5439801875459283, 3.114370183301589, 0.27595651189950304], [0.08597059512080468, 0.007898095434823815, -4.764727612549819, -1.6093920416315177, 2.9075662354158114, 0.505773342294443], [0.028927404196228634, 0.02880936347202897, -1.0931722730320248, -3.008096595145706, 2.5571827196445316, 0.3337063934883214], [0.04462364619203135, 0.020518564290292862, 1.3374267682673169, 4.508995859559267, 2.112844487439271, 0.31242503408766836], [0.052896823328440756, 0.05577899546351983, 3.074497505174686, 4.64130879444327, 2.1458751182118667, 0.4498122491472067], [0.08959495442669548, 0.06793145892903606, -3.867040033287622, 4.819341905347442, 0.48931702927328724, 0.4748234147204661], [0.07362363329784075, 0.07626954342382194, -4.684960712579054, 3.29800790915506, 0.01921170270012364, 0.33007146518956954]]}