{"position": [[1.9550375985471238, 0.1472701132297516, 0.5320276188934714], [0.5372273219095591, 0.1472701132297516, 3.4190146986213343], [5.104600314634606, 0.1472701132297516, 3.642877250025834], [7.100406188008808, 0.1472701132297516, 4.056250292302125], [-1.783624680679785, 0.1472701132297516, 6.401378302526002], [7.404194118749968, 0.1472701132297516, 1.2104217265482187], [4.904020798754524, 0.1472701132297516, 6.4284255703749285], [5.318373209412998, 0.1472701132297516, 6.24315536049166], [1.391701477673011, 0.1472701132297516, 1.4242473112099818], [-0.34651590340028626, 0.1472701132297516, 3.722505456387325], [3.2814641266563704, 0.1472701132297516, -1.3077547202204318], [2.7466184900300408, 0.1472701132297516, 7.319389558314873], [2.5044436292834473, 0.1472701132297516, 5.952529052116164], [2.4707357473254046, 0.1472701132297516, 2.792317523908597], [4.727505857074692, 0.1472701132297516, 7.359045887189566], [6.006054058479301, 0.1472701132297516, 1.5771700165190394]], "number_of_bots": 16, "bot_trajectory": [[0.05973225650693873, 0.015544631553707111, -0.9809963656099807, -2.596369845858726, 2.569303808738689, 0.29311369658770725], [0.03262598988982416, 0.007480852869889687, -2.3988066422475454, 0.29061723386913707, 0.40321878967829505, 0.5016021336856017], [0.016333742209468326, 0.01237743475656381, 2.168566350477501, 0.5144797852736371, 0.7207019816764775, 0.4593207173787096], [0.08786737016498225, 0.0799671097398078, 4.164372223851704, 0.9278528275499276, 2.5903586683329394, 0.31992311996750306], [0.026849083232368086, 0.09731064049278741, -4.71965864483689, 3.2729808377738046, 2.9493498388416555, 0.3092970000385286], [0.0663735875268232, 0.009114917058280114, 4.468160154592863, -1.9179757382039786, 3.065741718563188, 0.4629815709674562], [0.08755631635530942, 0.07865365372790001, 1.9679868345974194, 3.300028105622731, 1.3405158702664648, 0.493670198150467], [0.056003978417518585, 0.01830775089251102, 2.3823392452558934, 3.114757895739463, 1.4369056930740112, 0.3226079686420616], [0.0808289029828614, 0.08027035741405292, -1.5443324864840935, -1.7041501535422154, 0.22864786445037982, 0.412597700557487], [0.09001026942400477, 0.08616947472878159, -3.2825498675573908, 0.5941079916351277, 0.1653405149731802, 0.496608946967681], [0.08456706386652227, 0.020631898270191962, 0.34543016249926617, -4.436152184972629, 1.8776203021530713, 0.36317913370489396], [0.024480487117149497, 0.09867164277663158, -0.18941547412706372, 4.190992093562675, 3.09976147204212, 0.37042575875934675], [0.049167189152596526, 0.06433313349286038, -0.43159033487365717, 2.824131587363967, 1.5747932788109835, 0.31613850332112775], [0.0194990637680027, 0.025429091189320897, -0.4652982168316999, -0.33607994084359993, 1.9038582033721412, 0.42819034380032617], [0.03656504419544754, 0.07320599366350064, 1.7914718929175877, 4.230648422437369, 2.351447919673499, 0.4699401441174641], [0.06528556378189262, 0.00566481167385956, 3.0700200943221967, -1.5512274482331578, 3.053135236693754, 0.49261223686823796]]}