{"position": [[-2.311345791650032, 0.0904686450958252, -2.2993837734058946], [-0.5506585869616483, 0.0904686450958252, -4.509324493453439], [-4.966123470708911, 0.0904686450958252, -2.346992419079236], [-1.582982862112426, 0.0904686450958252, -0.48249760206383074], [0.059220397165320904, 0.0904686450958252, -0.17288452820797628], [0.17055328907735245, 0.0904686450958252, 3.954996411095431], [-1.5040225850067819, 0.0904686450958252, 0.15727635804651174], [4.915449237229966, 0.0904686450958252, 0.4824439627762487], [-3.7942364135751934, 0.0904686450958252, 1.0163160362116006], [-4.514768282718327, 0.0904686450958252, -1.999617703519643]], "number_of_bots": 10, "bot_trajectory": [[0.08765390414554791, 0.06258459812670289, -2.233244268429493, -1.254526509840831, 0.3611882646539972, 0.4214424486608319], [0.08816353926713226, 0.0019999606664583445, -0.4725570637411092, -3.464467229888376, 2.839880596820955, 0.5113508416439543], [0.03139732233834277, 0.010716543690548563, -4.8880219474883715, -1.3021351555141725, 0.11847278788744534, 0.457159163129813], [0.05236981657425606, 0.03555163491341791, -1.504881338891887, 0.5623596615012327, 2.087055111370163, 0.5135835149751584], [0.007366803194551308, 0.09943736124345551, 0.13732192038586, 0.8719727353570872, 2.049558921525828, 0.44524514194279496], [0.006848044948574783, 0.02097409219547921, 0.24865481229789155, 4.9998536746604945, 0.43875467264870793, 0.44413291050256787], [0.06723136079091636, 0.018562650653983125, -1.4259210617862428, 1.2021336216115752, 2.9286733690068627, 0.5204722330615197], [0.057343469392540966, 0.08406399143224721, 4.993550760450505, 1.5273012263413122, 2.8354427338639483, 0.378188208508919], [0.06225427909561728, 0.04309811553687583, -3.7161348903546543, 2.061173299776664, 1.1389855844559171, 0.3543838880749231], [0.06944306094218868, 0.030524437734753752, -4.436666759497788, -0.9547604399545795, 2.6680217912146316, 0.3404417407447838]]}