{"position": [[13.760037956575669, 0.18467968702316284, 2.5708448283791485], [14.419937003045085, 0.18467968702316284, 4.277103595981745], [16.958510982682398, 0.18467968702316284, 3.4155058824273743], [9.498001849103648, 0.18467968702316284, 5.583836075987433], [9.535845560491484, 0.18467968702316284, 4.871644101014019], [18.897761186315325, 0.18467968702316284, 7.897531466701489], [14.757649988953002, 0.18467968702316284, 0.9949808065783552], [12.40498189434766, 0.18467968702316284, 7.355130017125333], [16.515197051684865, 0.18467968702316284, 1.1096610759555414], [17.406812947613275, 0.18467968702316284, 6.4777331283600725]], "number_of_bots": 10, "bot_trajectory": [[0.032459688333189754, 0.07020762635979907, -0.608050765653334, -0.6018100387930925, 0.9149827497144885, 0.4127559642085016], [0.0895243506705402, 0.08674136449050025, 0.05184828081608028, 1.104448728809504, 0.8467928817232759, 0.4044792986050142], [0.07205637580229805, 0.09735748613499767, 2.5904222604533955, 0.2428510152551333, 0.013937660816250853, 0.41174333995440215], [0.0794016173203906, 0.049861603138525945, -4.870086873125356, 2.411181208815192, 2.7577720344692382, 0.2909458861070817], [0.0719760889475374, 0.06121384709330531, -4.83224316173752, 1.6989892338417778, 1.4460398460215664, 0.4454799516167329], [0.05379220316626464, 0.06651988633245398, 4.529672464086322, 4.724876599529248, 1.3383446154336898, 0.3088937008820458], [0.06979513805271824, 0.07910508559561819, 0.3895612667239978, -2.177674060593886, 1.5076809954950687, 0.3637600602158194], [0.06593361929375582, 0.04260063380723268, -1.9631068278813446, 4.182475149953092, 1.7306861654961674, 0.32086580955103994], [0.015752960965849272, 0.039743294800395956, 2.1471083294558593, -2.0629937912167, 3.0000527054902038, 0.41415623893770764], [0.07875118659313769, 0.013727865984936295, 3.038724225384273, 3.3050782611878313, 0.6615146058113802, 0.44240622852878114]]}