{"position": [[-1.6796660498481248, 0.05654275417327881, -0.7689030875327894], [3.3352959189644906, 0.05654275417327881, -3.7606824784435253], [2.159941627694502, 0.05654275417327881, -5.382690227896294], [-0.0568995379170496, 0.05654275417327881, -0.9742649840684234], [-2.7082708216807525, 0.05654275417327881, -5.053849626105313], [0.8954986939681968, 0.05654275417327881, -5.779806962171336], [-4.944832705944695, 0.05654275417327881, -0.11244959882720096], [-0.1901203825243798, 0.05654275417327881, -8.928939176263293], [-3.1089570318581745, 0.05654275417327881, -6.888735837346193], [-3.4272192739227245, 0.05654275417327881, -4.208372542104902], [-1.1883027775595074, 0.05654275417327881, -8.622411049665818], [-1.863874245922777, 0.05654275417327881, -7.223467105293638], [-4.679556145092689, 0.05654275417327881, -4.839368307505625], [-1.5197727753188324, 0.05654275417327881, -6.649787933617481], [-4.707980818161455, 0.05654275417327881, -4.8108003938024595], [-2.754073373270775, 0.05654275417327881, -8.851771189085614]], "number_of_bots": 16, "bot_trajectory": [[0.054331218335215745, 0.009302741420602712, -1.2203131393294786, 3.362217594229906, 0.8112406676148674, 0.5060236164618133], [0.006597785917100163, 0.020291160912667104, 3.794648829483137, 0.37043820331917, 0.14549701035990467, 0.3463090709071331], [0.012869090656414606, 0.026950854766871046, 2.6192945382131483, -1.2515695461335985, 1.3098322333207681, 0.48358828147919247], [0.026703707411765733, 0.08014474550299311, 0.40245337260159664, 3.156855697694272, 1.5704178742296708, 0.3143009190867895], [0.05454410250935567, 0.02196959367429351, -2.2489179111621063, -0.9227289443426179, 0.37987290024974096, 0.4489407697349145], [0.09933197870425706, 0.010201957537280593, 1.354851604486843, -1.648686280408641, 2.6386900427419526, 0.31601916708398503], [0.03692283827397275, 0.003888338254484769, -4.485479795426048, 4.018671082935494, 2.5858614294784172, 0.31920071347659784], [0.03354565798960626, 0.058717285807012354, 0.26923252799426645, -4.797818494500598, 0.30159295403489594, 0.4200922870013466], [0.012171070531256056, 0.00861140282023809, -2.6496041213395283, -2.757615155583497, 1.285219165883829, 0.3439697302774143], [0.056283449093799086, 0.03125230216700949, -2.9678663634040783, -0.07725186034220677, 1.527299499752229, 0.45821326948617], [0.011645823801910527, 0.00021222752334266738, -0.7289498670408612, -4.491290367903123, 0.7716050793279517, 0.4596422714294669], [0.04375668441091024, 0.09562327891274097, -1.4045213354041308, -3.092346423530943, 2.1237380455741115, 0.3336470836922933], [0.03277199987303223, 0.0008883403958731883, -4.220203234574043, -0.7082476257429293, 1.6758751016171844, 0.2746593942283319], [0.019450660021715593, 0.08545837854066095, -1.0604198648001861, -2.5186672518547857, 1.1447247838926489, 0.2645034540846425], [0.02054930708492474, 0.06500640098195384, -4.248627907642809, -0.6796797120397646, 0.030262263490434472, 0.4109187208529178], [0.06118534891040219, 0.0737116652133917, -2.294720462752129, -4.72065050732292, 1.909186896841296, 0.40340060766662994]]}