{"position": [[-4.387942868258842, 0.03663167357444763, 6.026722819581343], [-4.349348710566546, 0.03663167357444763, 9.353512996382156], [-0.38526136756361273, 0.03663167357444763, 5.204672872136213], [-2.510932759248168, 0.03663167357444763, 9.054427218584546], [-7.075672750028058, 0.03663167357444763, 2.3228337447376837], [-4.286045175693297, 0.03663167357444763, 7.528446155409252], [-0.0034850589199892923, 0.03663167357444763, 8.70462417752962], [-6.786612578874966, 0.03663167357444763, 8.704208766637674], [-4.596943456110305, 0.03663167357444763, 8.364327684810096], [-7.526655999130678, 0.03663167357444763, 0.14529574806943835], [-2.549009230914697, 0.03663167357444763, 5.424174523087804]], "number_of_bots": 11, "bot_trajectory": [[0.07746074482028373, 0.0753821154631869, -1.7581094084047166, 1.4536913941052687, 0.32163172401035933, 0.4506116030305017], [0.018356130809693803, 0.08536875159577681, -1.71951525071242, 4.7804815709060815, 0.04645203660644407, 0.3446740334567391], [0.06711334255728486, 0.021872183762863352, 2.2445720922905132, 0.6316414466601394, 2.5548886398967285, 0.3392372070740911], [0.037229597500680445, 0.007491503526430565, 0.11890070060595836, 4.481395793108471, 3.051734827977905, 0.3801594115688627], [0.08345785992472102, 0.017114448848329723, -4.445839290173932, -2.2501976807383905, 0.1285246780511626, 0.49319920020034796], [0.05387543896311252, 0.028806772332896448, -1.656211715839171, 2.955414729933178, 0.22003696841967224, 0.48104883475892823], [0.09235811064991203, 0.023157962576758895, 2.6263484009341367, 4.131592752053547, 1.2699497522787868, 0.49078436695578864], [0.008017590144898435, 0.06080445861310416, -4.15677911902084, 4.1311773411615995, 0.782041003184318, 0.30797516838170336], [0.018293556586783177, 0.010114214172697788, -1.9671099962561789, 3.7912962593340227, 0.8255734256718865, 0.42041040996767953], [0.06570590301028129, 0.09454021804296717, -4.896822539276552, -4.427735677406636, 2.7043691033846833, 0.4215910342012301], [0.027448880396179785, 0.02388168957267437, 0.08082422893942898, 0.8511430976117296, 3.0046763658783298, 0.28023178390460385]]}