{"position": [[-7.0389016179805335, 0.06705246865749359, -4.305918241263641], [-0.8245189407712532, 0.06705246865749359, -7.572990188588351], [1.285139711092163, 0.06705246865749359, -1.3790990832150498], [-3.0927802132553577, 0.06705246865749359, -1.8492744004548902], [-5.683448650493135, 0.06705246865749359, -0.752620177842628], [-7.15148762047472, 0.06705246865749359, -3.654235116706806], [-4.08755777952102, 0.06705246865749359, 0.8598096821941805], [2.554985526609604, 0.06705246865749359, -2.259441262401657], [2.1392378769299967, 0.06705246865749359, -4.746883294739494], [0.3529393798905063, 0.06705246865749359, -3.3352726789341895], [-0.5327310446681748, 0.06705246865749359, -3.506673137475767], [-4.398260095351504, 0.06705246865749359, -7.135917650790005], [-5.206435247750519, 0.06705246865749359, -7.557145210166489]], "number_of_bots": 13, "bot_trajectory": [[0.0686782239924511, 0.06334042495019208, -4.609893610930973, -0.9768417127144469, 2.004652711614017, 0.3883551495332207], [0.0006089432067636902, 0.0005254328240619554, 1.6044890662783073, -4.243913660039157, 1.7903735666568703, 0.4792766417094263], [0.030479049291248228, 0.07408837804599665, 3.7141477181417235, 1.9499774453341445, 3.1258086429372445, 0.43066862283094887], [0.06976672789417998, 0.012627691484209124, -0.6637722062057971, 1.4798021280943041, 0.5188044186403813, 0.481566767184665], [0.04321054154363747, 0.09466772628065026, -3.2544406434435746, 2.5764563507065663, 0.3320670403010979, 0.42776847917628213], [0.0750693236805329, 0.08379931072992272, -4.722479613425159, -0.32515858815761134, 0.8371246971688534, 0.3032253654243984], [0.0020446134105326363, 0.05018445223718667, -1.6585497724714593, 4.188886210743375, 2.9358919996802926, 0.44639405653916453], [0.0007957291763508678, 0.05847159168507319, 4.983993533659165, 1.0696352661475372, 0.5408426505770665, 0.29709571885416797], [0.04526389447553296, 0.06745599495038078, 4.568245883979557, -1.4178067661902993, 0.07832611814895145, 0.3934305460279165], [0.046186413451608455, 0.07109576049907282, 2.781947386940067, -0.006196150384994992, 0.8522892899763852, 0.4720813362762911], [0.07384758029749314, 0.08676637130183198, 1.8962769623813858, -0.17759660892657236, 3.0240215292239405, 0.32353260281085217], [0.08224996909496261, 0.05986086747360545, -1.9692520883019438, -3.8068411222408107, 1.9324126475802297, 0.4638604668467121], [0.026250628773807305, 0.09927180393804265, -2.777427240700958, -4.2280686816172945, 1.0747428460151291, 0.31446959828386123]]}