{"position": [[-0.26171499490737915, 0.18171706795692444, 0.25960326194763184], [8.138284683227539, 0.18171706795692444, 0.6596032381057739], [5.138285160064697, 0.18171706795692444, 0.6596032381057739], [8.438284873962402, 0.18171706795692444, 2.1596033573150635], [8.938284873962402, 0.18171706795692444, 1.8596032857894897], [7.938284873962402, 0.18171706795692444, 2.4596033096313477]], "number_of_bots": 1, "bot_trajectory": [[0.0807555960537166, 0.029529858920542364, -0.26171499490737915, 0.25960326194763184, 0.9386053287772796, 0.45034601211326597]]}