{"position": [[2.509591636691677, -0.38137197494506836, 3.06849576084646], [1.0501262320949445, -0.38137197494506836, 2.95053073203722], [-5.513458047868324, -0.38137197494506836, 2.769051441812442], [0.3097469239243722, -0.38137197494506836, -1.0142670680919874], [-4.027355702524819, -0.38137197494506836, 3.444127826415365], [-1.497559531288477, -0.38137197494506836, 1.7258685896405244], [-0.012689925653225353, -0.38137197494506836, 6.3844596617949945], [4.106689531631171, -0.38137197494506836, 5.792868141954155], [-1.6311911400550339, -0.38137197494506836, -0.12147912477321521], [1.640535835410982, -0.38137197494506836, 3.6793109669790156], [0.018622399359194963, -0.38137197494506836, -0.18672850280249031], [-1.696750440365431, -0.38137197494506836, -0.46934894617625833]], "number_of_bots": 12, "bot_trajectory": [[0.09493652999198808, 0.09811916112795374, 3.1286296820980186, 0.8703692063573243, 1.2115044906872816, 0.2789530782784064], [0.06816422323155845, 0.05457570950548178, 1.669164277501286, 0.7524041775480839, 0.08493060102483099, 0.34044338498071675], [0.06301611196787198, 0.036402606922956424, -4.894420002461983, 0.5709248873233064, 0.4344353233634014, 0.2685091200570264], [0.07151290663522938, 0.04063635586692943, 0.9287849693307137, -3.212393622581123, 0.3334005188653837, 0.4252638051837602], [0.021915631388574597, 0.048102147747350756, -3.4083176571184772, 1.2460012719262292, 2.779550072677607, 0.4807143492986306], [0.09210115866192722, 0.06998505253619836, -0.8785214858821355, -0.4722579648486114, 2.1003289430386474, 0.36754980241723434], [0.0773941631975362, 0.05149168277084063, 0.6063481197531162, 4.186333107305859, 2.272843054867469, 0.4831428026440968], [0.06539095341000899, 0.0304667626660002, 4.725727577037513, 3.594741587465019, 0.8191050325385164, 0.3153714993533034], [0.08595094268892625, 0.01303905300730256, -1.0121530946486923, -2.319605679262351, 0.6703745145505579, 0.30167149143310495], [0.06848726381634201, 0.08874904364759532, 2.2595738808173236, 1.4811844124898799, 2.262660392843027, 0.28959053931720574], [0.01540759325085791, 0.009222007620302142, 0.6376604447655365, -2.384855057291626, 2.638551311660481, 0.3900218721770631], [0.09269758855717977, 0.08438093458036364, -1.0777123949590894, -2.667475500665394, 0.024057947675341616, 0.4862354936973348]]}