{"position": [[8.923011178721794, 2.8645036220550537, 4.025201715008037], [1.274790143280744, 2.8645036220550537, -2.6771887659842726], [4.057398759285161, 2.8645036220550537, -4.324710532788536], [6.0812290744197846, 2.8645036220550537, -2.329223642344691], [3.0841997306392077, 2.8645036220550537, -1.8256965075685492], [4.698087368150942, 2.8645036220550537, -0.530263610812993], [4.068356978712092, 2.8645036220550537, -2.1515954888573408], [1.722767311924076, 2.8645036220550537, -0.8792801421665606], [6.332127324683687, 2.8645036220550537, -4.87414725532819], [0.3087227404418691, 2.8645036220550537, 3.2250169542364806], [5.863729913220213, 2.8645036220550537, -0.13875594400704938], [3.9095516611233405, 2.8645036220550537, -4.996675573866142], [2.841886377888674, 2.8645036220550537, -4.631935964779908], [8.290743788084963, 2.8645036220550537, 0.2929405627685957], [5.57432926323513, 2.8645036220550537, 2.7097843941866095], [3.6718694258324946, 2.8645036220550537, -4.502391838484516]], "number_of_bots": 16, "bot_trajectory": [[0.04281338702856271, 0.08207657200211589, 4.480337018718132, 4.708473838344829, 0.5870010376685595, 0.45469269287145175], [0.04249129594636712, 0.018025323793505542, -3.167884016722918, -1.9939166426474808, 2.1009104566991446, 0.38317272450697626], [0.003964208855855178, 0.08450215891050253, -0.3852754007185011, -3.6414384094517436, 1.7443878567547246, 0.297720614392959], [0.0075713942047919034, 0.08085945259034352, 1.6385549144161227, -1.6459515190078988, 2.794254215407028, 0.27529402690813054], [0.010905305162733747, 0.020567989914221374, -1.3584744293644546, -1.1424243842317572, 2.9134768077156172, 0.3330953638854245], [0.04428747050583518, 0.005298276721106943, 0.2554132081472793, 0.153008512523799, 0.3533443832035008, 0.28635258917096407], [0.04471934549251051, 0.057777941768948696, -0.3743171812915702, -1.4683233655205485, 2.280573379404309, 0.31260695578213643], [0.07133301182747716, 0.007379698714737193, -2.719906848079586, -0.1960080188297686, 0.8787744043984462, 0.5152513801039158], [0.05114094895894615, 0.0033178356679407273, 1.889453164680025, -4.190875131991398, 0.08103562782530041, 0.3608186710716373], [0.03292150212076096, 0.08576799858505707, -4.133951419561793, 3.9082890775732726, 1.1795656291512848, 0.40735165987143696], [0.0016059323957727245, 0.09862460691265681, 1.4210557532165513, 0.5445161793297426, 0.46708017292058185, 0.40183916971136124], [0.07928258180653937, 0.07732614855147929, -0.5331224988803218, -4.31340345052935, 0.5577044610356322, 0.46115112508789846], [0.06122363725394131, 0.06086379612468109, -1.6007877821149885, -3.9486638414431163, 2.953829997966888, 0.46917519823504894], [0.013092481675687407, 0.012299283565395957, 3.848069628081301, 0.9762126861053877, 2.9741116921649517, 0.47447093927378226], [0.06922179002550959, 0.06328732505636696, 1.1316551032314681, 3.3930565175234015, 2.4016392716911956, 0.37082357246673037], [0.07350749265768863, 0.031103947307986046, -0.7708047341711677, -3.819119715147724, 0.4706042798616772, 0.4431880401732015]]}