{"position": [[1.7719741176218857, 0.08235114812850952, -12.156053521206488], [7.221074461441545, 0.08235114812850952, -7.678146161361539], [4.772761147200413, 0.08235114812850952, -9.54824369636935], [6.567877679819059, 0.08235114812850952, -12.175286280455374], [0.5566048736605618, 0.08235114812850952, -12.601524091792736], [7.705009089221331, 0.08235114812850952, -5.287934254911288], [5.158589632976251, 0.08235114812850952, -9.236895332307379], [5.986193497903136, 0.08235114812850952, -5.055527592171028], [0.7586867149467351, 0.08235114812850952, -3.8636624693205626], [4.240642799504804, 0.08235114812850952, -7.484809726556757], [8.583458981237678, 0.08235114812850952, -6.986353131256102], [-0.4230972855567714, 0.08235114812850952, -8.941801148416728]], "number_of_bots": 12, "bot_trajectory": [[0.011589899829633921, 0.021941551971630245, -2.6149534870534072, -3.569869973232854, 0.4615874179143488, 0.5198514472444324], [0.06516321866466564, 0.020959757850465166, 2.834146856766252, 0.9080373866120939, 2.443421939839903, 0.3571079583882894], [0.06840231909139828, 0.09997594358346631, 0.38583354252512025, -0.9620601483957181, 1.3930507464138937, 0.37847307129594787], [0.08504268192290404, 0.0912858885043799, 2.180950075143766, -3.5891027324817424, 2.2620224876399435, 0.5161433057730466], [0.008472492466538306, 0.06330220875344428, -3.830322731014731, -4.015340543819104, 1.900601497767749, 0.37188940092312317], [0.0986611929195943, 0.043924216086581314, 3.3180814845460382, 3.2982492930623444, 2.2782269918490563, 0.4520547255449625], [0.052882897461263345, 0.049018519144326936, 0.7716620283009579, -0.6507117843337462, 1.7093280127482362, 0.3996988105836038], [0.0724571902718746, 0.03477651503544428, 1.5992658932278425, 3.530655955802604, 1.4405425020777611, 0.31479121810196775], [0.007091614576758209, 0.04030215865003407, -3.628240889728558, 4.72252107865307, 0.6333811928201639, 0.3783716573054267], [0.09529117732653467, 0.04938265991135937, -0.14628480517048903, 1.1013738214168756, 1.3281840082504741, 0.35612650603584356], [0.0050087424354908205, 0.051150825221305415, 4.196531376562385, 1.5998304167175303, 2.9391600737560837, 0.40541188506200265], [0.06366477349640778, 0.0036369740662568705, -4.810024890232064, -0.35561760044309554, 2.9150566888447917, 0.41460737136392867]]}