{"position": [[-4.337102958959612, 0.02267169952392578, 5.303825053797235], [2.829221917552551, 0.02267169952392578, 5.60509182220767], [-5.355325626617372, 0.02267169952392578, 6.81438921356745], [-3.3204041685969834, 0.02267169952392578, 10.351519150539477], [2.623521739964116, 0.02267169952392578, 6.412028578595525]], "number_of_bots": 5, "bot_trajectory": [[0.005766044190680608, 0.02648964464103597, -3.808915445608172, -2.0005272296805487, 0.7465842948805381, 0.3971651264834225], [0.02985511136422263, 0.009738152701842228, 3.3574094309039912, -1.6992604612701134, 2.5773325627900303, 0.4034998338640494], [0.028383239750156265, 0.003645302719750376, -4.8271381132659315, -0.489963069910333, 2.6062271820443588, 0.2814646958417982], [0.09162906324153766, 0.09756752051813058, -2.792216655245543, 3.0471668670616947, 0.9272661649851668, 0.28602744897058235], [0.08604406158387815, 0.07901625832609259, 3.1517092533155564, -0.8923237048822585, 2.6157178548872095, 0.43113565224367656]]}