{"position": [[-1.423700343174163, 0.1068541407585144, 9.553637637486192], [-1.7325867503877994, 0.1068541407585144, 17.375575453657483], [0.15455461496252454, 0.1068541407585144, 13.396136880991572]], "number_of_bots": 3, "bot_trajectory": [[0.018804777880843216, 0.04166506400440586, -3.7273025618020927, -3.0656431776383197, 2.2681158688498906, 0.4255686965616562], [0.01551264492615655, 0.0012125248145784418, -4.036188969015729, 4.756294638532971, 0.19330755393386764, 0.5051315368109716], [0.07328715357062228, 0.08638967003984535, -2.149047603665405, 0.7768560658670598, 2.3196502630290157, 0.3720497706513108]]}