{"position": [[-9.125874519348145, 0.0995546355843544, -7.8215179443359375], [-9.225874900817871, 0.0995546355843544, -8.821517944335938], [-6.925874710083008, 4.049554824829102, -0.9215182065963745], [-5.925874710083008, 4.049554824829102, -0.3215181827545166], [-4.925874710083008, 4.249554634094238, 1.1784818172454834], [-4.425874710083008, 4.249554634094238, 1.6784818172454834]], "number_of_bots": 3, "bot_trajectory": [[0.037825017322457244, 0.023546299000058855, -9.125874519348145, -7.8215179443359375, 1.1614522088819947, 0.41227342955100454], [0.038725535493547035, 0.09230070589836964, -9.225874900817871, -8.821517944335938, 2.8223317706147375, 0.28808970789972643], [0.051522051447707606, 0.03191607495579407, -6.925874710083008, -0.9215182065963745, 0.89918977114213, 0.27678587223902706]]}