{"position": [[0.6343514475319754, 5.552789211273193, -2.3026743577376303], [0.18909232003067888, 5.552789211273193, -2.9354815805218264], [0.2290240415588305, 5.552789211273193, 3.764279895820028], [-1.2744334582076524, 5.552789211273193, 2.8966050884957477]], "number_of_bots": 4, "bot_trajectory": [[0.025863489116567627, 0.032962393231673034, -1.7119069543387522, -3.5473461793318686, 0.5041442307426338, 0.3304703911432055], [0.05403003323445795, 0.01836573726596342, -2.1571660818400487, -4.180153402116065, 2.039581819169969, 0.4805401264038183], [0.09457605011087314, 0.01144558752302397, -2.117234360311897, 2.51960807422579, 0.02866319974837803, 0.4987993484198199], [0.0711586315156766, 0.07528855452654398, -3.62069186007838, 1.6519332669015097, 2.3563886200219475, 0.4962775245371988]]}