{"position": [[-7.024645169199779, -2.8566346168518066, -6.021947590477525], [-0.40772466755744885, -2.8566346168518066, -8.178040352210003], [0.20117349285302577, -2.8566346168518066, -8.34628202620661], [0.8111730582832184, -2.8566346168518066, -3.7857912911472704], [-6.552002074562379, -2.8566346168518066, -11.478908998993916], [0.0188746278180294, -2.8566346168518066, -8.785389859833062], [-0.7871673329335518, -2.8566346168518066, -8.745020758671313], [-5.919724810826651, -2.8566346168518066, -9.630716417073486], [-1.9492211634131775, -2.8566346168518066, -9.298700333878045], [-1.7708677272311137, -2.8566346168518066, -11.734374563394844], [1.9360304274247353, -2.8566346168518066, -9.464236175893955]], "number_of_bots": 11, "bot_trajectory": [[0.08581649480795563, 0.0026502037862802586, -4.9862762288463855, 1.0538318475412745, 0.7236202692234122, 0.4879695479594216], [0.044701440237220544, 0.0003577843029275329, 1.6306442727959447, -1.1022609141912043, 0.09244703660843596, 0.2835499213799088], [0.07076697378431202, 0.011023280649045009, 2.2395424332064193, -1.2705025881878118, 2.017732065686149, 0.314384759239408], [0.049057860980017944, 0.06307523551355257, 2.849541998636612, 3.2899881468715284, 3.1023275950658755, 0.28871433056660306], [0.053356839043300484, 0.030220718425106218, -4.513633134208986, -4.403129560975118, 1.3861348000963711, 0.47228314431193247], [0.0236197309648259, 0.005078545928245126, 2.057243568171423, -1.7096104218142627, 0.3662214762583088, 0.5206086349699766], [0.07150375641871468, 0.05879837499895128, 1.2512016074198418, -1.6692413206525147, 0.17039923036935065, 0.48385676018903445], [0.0533468619132495, 0.023617159546966394, -3.8813558704732576, -2.5549369790546885, 1.8177309488556381, 0.30474108475598904], [0.055511649704491885, 0.08920226807152903, 0.08914777694021603, -2.2229208958592475, 2.2733356038123933, 0.5052749948118821], [0.059261434899944995, 0.05819630692308011, 0.2675012131222798, -4.658595125376046, 2.351979638868805, 0.45967271772196544], [0.09118437368292565, 0.08611873081550621, 3.974399367778129, -2.388456737875156, 0.42798770750330717, 0.42017190277137406]]}