{"position": [[-1.0, 0.1, -2.0], [-3.0, 0.1, -4.0], [-7.0, 0.1, -2.0], [-9.0, 0.1, -2.0], [-14.0, 0.1, 1.0], [-12.0, 0.1, -1.0]], "number_of_bots": 5, "bot_trajectory": [[0.09755405591529422, 0.06977396495825589, -1.0, -2.0, 1.2348471439662314, 0.38355130486546457], [0.013189013881022792, 0.07517733287687356, -3.0, -4.0, 1.9682321581064075, 0.2806825671921061], [0.03220424015598544, 0.027624292600295353, -7.0, -2.0, 2.9249629166047626, 0.3961530601479309], [0.01907197700754154, 0.01821077278403449, -9.0, -2.0, 0.3504209996551019, 0.3829424404748604], [0.030075747694468125, 0.007826184144181958, -14.0, 1.0, 0.9302806259996798, 0.40140142588642513]]}