{"position": [[9.150314697339876, 0.11541314423084259, -3.2325508220950594], [8.281159552776497, 0.11541314423084259, -5.903634146375518], [16.74210318725101, 0.11541314423084259, -1.8366541608720346], [13.887409915497315, 0.11541314423084259, -4.8840374462988585], [14.440413491888634, 0.11541314423084259, -4.704179845060898], [10.62745360324457, 0.11541314423084259, -2.0198800931304817], [7.983939880009189, 0.11541314423084259, -0.6447869586155663], [12.47091293733398, 0.11541314423084259, -7.43033233131754]], "number_of_bots": 8, "bot_trajectory": [[0.025214013464645014, 0.061408640648191036, -3.386155715868131, 1.686013497515536, 2.7459823189008246, 0.4431319046871789], [0.026639341706656737, 0.09273734864679294, -4.2553108604315115, -0.9850698267649227, 2.1883841861207336, 0.49779221991545], [0.05807242619744842, 0.047933363687982566, 4.2056327740430035, 3.081910158738561, 1.73018578616334, 0.30508085984049726], [0.041821927301245045, 0.014175536879444672, 1.3509395022893067, 0.03452687331173765, 1.2749887740058161, 0.3844891712736939], [0.051526010214710205, 0.0037524978155928923, 1.9039430786806255, 0.2143844745496981, 0.6829623155674696, 0.4314643098084333], [0.019202942321505656, 0.017804039484734246, -1.9090168099634386, 2.898684226480114, 2.863689297768847, 0.5114840303768351], [0.05552297054532351, 0.06331677891206504, -4.552530533198818, 4.273777360995029, 2.162445267693528, 0.48369332186986874], [0.0922953495225701, 0.03017799158131742, -0.06555747587402849, -2.511768011706944, 0.8104172846192939, 0.47945199474953326]]}