{"position": [[-1.5515287632022094, 0.17016096413135529, -1.462168890988472], [0.39508057774517, 0.17016096413135529, -4.281363503217383], [-4.324199803981354, 0.17016096413135529, -0.4332091811184988], [0.24131990197416364, 0.17016096413135529, -5.1398611123952405], [2.7155375941342363, 0.17016096413135529, -0.6030300119804386], [-6.0931560457137195, 0.17016096413135529, -4.18859558910389], [-6.203433396433094, 0.17016096413135529, -1.6817600911683592], [2.312849899662461, 0.17016096413135529, -0.6656816462303647], [-3.362332087065483, 0.17016096413135529, -2.869592290359006], [2.323965284075836, 0.17016096413135529, -1.8140028769753656], [-5.139259757274923, 0.17016096413135529, 1.740575862487102], [2.6281597848290437, 0.17016096413135529, -2.44000997722816], [-1.4805883699201732, 0.17016096413135529, -1.035816023774788], [0.2063215880797704, 0.17016096413135529, -0.48196253627528307], [2.6097994609949344, 0.17016096413135529, 0.5679493801547577], [1.0738950110998262, 0.17016096413135529, -0.08791757861927962], [-2.7626759750664593, 0.17016096413135529, 1.8262654791531379], [0.6467401510529553, 0.17016096413135529, -4.152763460029797], [2.698257462880287, 0.17016096413135529, 2.5719759557710256]], "number_of_bots": 19, "bot_trajectory": [[0.0867716939649171, 0.042995985285159875, 0.17297678050659182, -0.3118371553775101, 0.1911033795576698, 0.43427299728743507], [0.0009878428254788795, 0.08339099369474988, 2.1195861214539713, -3.131031767606421, 0.0757187291859411, 0.30453677508368204], [0.08193587411340271, 0.07757324727014987, -2.5996942602725523, 0.7171225544924631, 1.8028854851497775, 0.486113294081126], [0.06059274631438101, 0.04544291217541983, 1.965825445682965, -3.9895293767842785, 0.24109997641975037, 0.3588754414665162], [0.015212382014530157, 0.03745122618918796, 4.440043137843038, 0.5473017236305233, 1.4580196972916004, 0.31534627804124044], [0.03854336712558102, 0.07202524286862881, -4.368650502004918, -3.0382638534929285, 2.3516999755755905, 0.2841614184540484], [0.04062311115199711, 0.09875413192707959, -4.478927852724293, -0.5314283555573973, 2.3765834600522617, 0.4943704104203924], [0.08634601267096234, 0.014240285781716234, 4.037355443371262, 0.48465008938059717, 2.5074283298049975, 0.4179804727769016], [0.05837371379057218, 0.00739034184742029, -1.6378265433566819, -1.7192605547480444, 0.24853226954417929, 0.4375059176189472], [0.023624549361583015, 0.06525444734216684, 4.048470827784637, -0.6636711413644036, 0.938427402098857, 0.2747134298861568], [0.079581572545121, 0.048534212523221196, -3.4147542135661215, 2.890907598098064, 0.4681636558521798, 0.40264098621168665], [0.02821675424862924, 0.02959961029033864, 4.352665328537845, -1.2896782416171981, 1.5004864043775181, 0.3975742656335214], [0.052605555075745755, 0.02474694690473158, 0.2439171737886281, 0.11451571183617393, 1.3591023631365242, 0.4238295527379239], [0.058339576749072065, 0.07693453619179064, 1.9308271317885717, 0.6683691993356788, 2.71496781503806, 0.3087861863951488], [0.029926078574065863, 0.018610834586101223, 4.334305004703736, 1.7182811157657196, 0.13243687161712211, 0.36019068003398413], [0.05015418398276961, 0.062371965867180926, 2.7984005548086275, 1.0624141569916823, 0.4363283931270547, 0.513451125588787], [0.034817224235809074, 0.014112678912472143, -1.0381704313576579, 2.9765972147640998, 0.24797143047027562, 0.4788436636499134], [0.0425542139793316, 0.05038525527689839, 2.3712456947617566, -3.0024317244188348, 0.4599044111730004, 0.3264084718302449], [0.00789816038380332, 0.09414042417074805, 4.422763006589088, 3.7223076913819875, 2.274959222684896, 0.374993874981979]]}