{"position": [[-11.666142327934054, 0.13649886846542358, -8.854351292736888], [-7.657342245552447, 0.13649886846542358, -4.3922572516716505], [-10.769700555313683, 0.13649886846542358, -7.774937155798169], [-5.422141795700183, 0.13649886846542358, -9.130156890823267], [-7.763493559589099, 0.13649886846542358, -5.136865343901969], [-7.148698451902241, 0.13649886846542358, -7.001023356529158], [-5.443808655221592, 0.13649886846542358, -7.4966902567216405], [-9.681911257194528, 0.13649886846542358, -8.617350194334236], [-9.877807736429581, 0.13649886846542358, -5.259866000678478], [-6.567339906826103, 0.13649886846542358, -7.6408673690082605], [-9.501159153040849, 0.13649886846542358, -3.8400383612030033], [-4.087004066199064, 0.13649886846542358, -3.4552673771286253], [-12.470235393462573, 0.13649886846542358, -11.920511602469785], [-4.833499913412029, 0.13649886846542358, -9.334515390193339], [-12.457027163554866, 0.13649886846542358, -10.611736217088778], [-3.0682856493718083, 0.13649886846542358, -9.86810228132049], [-10.435616245700132, 0.13649886846542358, -11.337527257262284], [-10.328083966439294, 0.13649886846542358, -8.917466447544237], [-12.660206944392517, 0.13649886846542358, -4.455395926057292]], "number_of_bots": 19, "bot_trajectory": [[0.09419815430820215, 0.08980862777780033, -3.6684793068464074, -0.9376824008301499, 1.7784691535627335, 0.28458299653977914], [0.047290757272898096, 0.019919602853637162, 0.3403207755352, 3.524411640235088, 1.622325721517688, 0.33392212456838305], [0.08953536198416485, 0.01972144069777092, -2.772037534226036, 0.14173173610857015, 2.653088043923457, 0.303157749886747], [0.002158248320250122, 0.0414799270949057, 2.5755212253874635, -1.2134879989165281, 1.238718413701473, 0.3233461361067978], [0.07130116671575662, 0.06768534939248652, 0.2341694614985479, 2.779803548004769, 2.3523483929189033, 0.3713511464552142], [0.05813844395351349, 0.025616437730665565, 0.8489645691854053, 0.9156455353775805, 1.9703657890415842, 0.3804189526903573], [0.03760748377576695, 0.09738724106666558, 2.553854365866054, 0.4199786351850976, 1.2945021580163616, 0.33339790391352436], [0.04026542446754674, 0.03871818832944477, -1.6842482361068822, -0.7006813024274983, 1.120230451565695, 0.2923207859860004], [0.008666833916329119, 0.03444377277053486, -1.8801447153419348, 2.6568028912282604, 0.2765681196139022, 0.2704042891180923], [0.0526808972236172, 0.02531729843309949, 1.4303231142615436, 0.2758015228984778, 3.124410338130232, 0.27528880703602276], [0.0030502401150533155, 0.05076874021384843, -1.5034961319532025, 4.076630530703735, 1.3388875104083768, 0.47598035186443355], [0.08991088336030315, 0.0616683519603878, 3.9106589548885817, 4.461401514778113, 1.504289551929481, 0.48299560337600245], [0.05742429015994678, 0.046409760159010084, -4.472572372374928, -4.003842710563047, 1.077358738138205, 0.3466549263629374], [0.023788303048793126, 0.06565889002676334, 3.164163107675617, -1.4178464982866001, 2.734992430805437, 0.4996765231095721], [0.03834486725979791, 0.04926424041815071, -4.459364142467218, -2.695067325182039, 0.25655120096771394, 0.27312202971708194], [0.01972515107036905, 0.08895419334346093, 4.929377371715838, -1.9514333894137526, 1.5311986922781642, 0.5106566860623327], [0.008393002822337703, 0.08138955889471594, -2.4379532246124858, -3.420858365355545, 2.1953267894382282, 0.26191451842651814], [0.06790551119521321, 0.014263099644927325, -2.3304209453516487, -1.0007975556374993, 0.3925620936275744, 0.3710497157814179], [0.08789789775136321, 0.08548542778631439, -4.662543923304869, 3.461272965849446, 2.9255879398659865, 0.4978709696158115]]}