{"position": [[6.617550646886068, -2.637983560562134, -0.15096920529951308], [9.830961738296965, -2.637983560562134, -3.1766409774729674], [5.688282373640357, -2.637983560562134, 2.3222912007970073], [5.731883060791934, -2.637983560562134, 0.7868714595247313], [12.134111621139661, -2.637983560562134, 0.8155342134183214], [5.741022389745279, -2.637983560562134, -3.567187104566724], [4.0728857502610225, -2.637983560562134, 4.7582578657861845], [4.303862186930976, -2.637983560562134, 4.4555797395990675], [4.643125368839767, -2.637983560562134, 2.6896781710246938], [8.709802574646304, -2.637983560562134, 4.985012402594133], [2.738040670718984, -2.637983560562134, -3.069904560078826], [8.126619560119481, -2.637983560562134, 5.364198648349914], [7.292692084007555, -2.637983560562134, -2.8437126716569097], [8.86249743253528, -2.637983560562134, -2.528117705046224], [9.414076243738112, -2.637983560562134, -0.3011327705177407]], "number_of_bots": 15, "bot_trajectory": [[0.023814824397375388, 0.07376795719915295, -0.5341302994640296, -1.3937354664002821, 0.16727526949601523, 0.3909447632307803], [0.09796721776387485, 0.08590731145570468, 2.6792807919468675, -4.419407238573736, 3.063295423379616, 0.2841046161598027], [0.028803265712900906, 0.09794361463835587, -1.463398572709741, 1.079524939696238, 1.044765805763126, 0.39358063650874114], [0.0032702725916397223, 0.08337208368644802, -1.4197978855581639, -0.4558948015760378, 3.0796725074237177, 0.37468601179534483], [0.09132786762685534, 0.0011744143549416108, 4.982430674789564, -0.4272320476824476, 1.1442700598142161, 0.36296300372514223], [0.06603988334727376, 0.04005481044949921, -1.410658556604819, -4.809953365667493, 1.7322734665519393, 0.3875536927281735], [0.04959172449995229, 0.02647025518134598, -3.0787951960890747, 3.5154916046854154, 0.19131816142337177, 0.4403358823642062], [0.02124120163208122, 0.08733675434891981, -2.8478187594191215, 3.2128134784982985, 2.8983229143516334, 0.4279713142576462], [0.008755260931346298, 0.08314318734450442, -2.5085555775103305, 1.4469119099239247, 2.336517982181201, 0.26236931402672947], [0.03841618371090355, 0.07483311877067622, 1.5581216282962052, 3.742246141493364, 0.555237999790757, 0.5180303694460566], [0.0325576023276648, 0.0479503361155868, -4.4136402756311135, -4.312670821179595, 0.7230356803232114, 0.30797001505318583], [0.09682722685744363, 0.009548053272872536, 0.9749386137693838, 4.121432387249145, 0.3301700776988396, 0.48367793819220284], [0.006251961506221227, 0.08824495246161418, 0.14101113765745743, -4.086478932757679, 2.098070814725645, 0.2887962070718514], [0.06506334073524994, 0.009855333544912604, 1.7108164861851816, -3.770883966146993, 1.678817801795225, 0.3677101261284891], [0.008306665372897959, 0.0429344919000334, 2.2623952973880144, -1.5438990316185097, 0.6130754958760588, 0.370883090233166]]}