{"position": [[16.84336592876805, 0.08969413489103317, -2.360908840812448], [18.166372084072705, 0.08969413489103317, -0.3085732292623844], [11.518151019516743, 0.08969413489103317, -6.441739342755457], [13.639495059358678, 0.08969413489103317, 2.2869264955684168]], "number_of_bots": 4, "bot_trajectory": [[0.020540219351945464, 0.026121602042752545, 2.163438102840316, -0.16186103693366372, 2.5008984947627844, 0.51492486405247], [0.028820125195529966, 0.018800492102120682, 3.486444258144971, 1.8904745746163998, 1.6673549690960445, 0.42370909732916584], [0.07942244254245404, 0.02037384033733446, -3.161776806410991, -4.242691538876673, 2.7877394885030036, 0.2861554520725911], [0.002330583574796985, 0.0309364860079137, -1.040432766569056, 4.485974299447201, 2.370733820241152, 0.4885513318108533]]}