{"position": [[8.864659699104461, 0.013686254620552063, -1.8809688671016291], [10.584845928510044, 0.013686254620552063, -2.496546323752237], [8.244829032981954, 0.013686254620552063, -2.627384407069392], [10.969034567581419, 0.013686254620552063, -5.501873805552244], [13.817268419976312, 0.013686254620552063, -1.0238120377966522]], "number_of_bots": 5, "bot_trajectory": [[0.04596207866964562, 0.03563650681705407, -2.8483549035566726, -0.6619468315028743, 0.7805238877437095, 0.3486883685257344], [0.06929485027957176, 0.08428890688407384, -1.12816867415109, -1.277524288153482, 1.0711485676435057, 0.28710949122334334], [0.005280874393457702, 0.06927382135957255, -3.4681855696791777, -1.4083623714706373, 2.050252231489153, 0.4767216691309406], [0.033977306348121517, 0.07446867548744904, -0.7439800350797143, -4.282851769953489, 0.37799031541939915, 0.4844398221217714], [0.02581852509255602, 0.05964952544173707, 2.104253817315178, 0.19520999780210269, 1.006937962914789, 0.41381778173954586]]}