{"position": [[6.039025783538818, 3.57136607170105, -4.16786527633667], [6.039025783538818, 3.57136607170105, -2.16786527633667], [4.039025783538818, 3.57136607170105, -4.16786527633667], [2.5390257835388184, 3.57136607170105, -4.16786527633667], [1.0390257835388184, 3.57136607170105, -4.16786527633667], [0.03902578353881836, 3.57136607170105, -2.16786527633667]], "number_of_bots": 4, "bot_trajectory": [[0.012535232566947696, 0.02344536881722662, 6.039025783538818, -4.16786527633667, 1.115513396110748, 0.39472194699993823], [0.09821739191285017, 0.07800760635952844, 6.039025783538818, -2.16786527633667, 2.0677885748253906, 0.491145209004231], [0.08607449812711872, 0.03681629104552886, 4.039025783538818, -4.16786527633667, 0.677911408903724, 0.4635475737184012], [0.0818069193723211, 0.04807293738509181, 2.5390257835388184, -4.16786527633667, 1.8806099903563402, 0.3830411971300709]]}