{"position": [[7.144925722652207, 0.17241382598876953, 1.0283965405191826], [7.883099704937573, 0.17241382598876953, 1.311878061481236]], "number_of_bots": 2, "bot_trajectory": [[0.035178086013947826, 0.061790870946064905, 1.8548837991292577, 0.16260164343971484, 2.41235993318522, 0.35813210729541484], [0.09530362975909976, 0.08269478645004555, 2.5930577814146236, 0.4460831644017682, 0.8180743800171205, 0.2959852991986315]]}