{"position": [[9.083190508672606, -0.14751707017421722, -1.8256983700067884], [14.297719930785187, -0.14751707017421722, -0.6316234318692502], [12.26265925694677, -0.14751707017421722, 3.2458646106158584], [15.273597578466086, -0.14751707017421722, 4.053248724636389], [9.05840641622095, -0.14751707017421722, 3.4214488606863407], [13.71153454617256, -0.14751707017421722, -2.3889499730933528], [13.445062933313409, -0.14751707017421722, -2.5150616021070116], [9.87936050991534, -0.14751707017421722, -0.16171647658015686], [14.572559669330785, -0.14751707017421722, -3.864132364915851], [16.87538504870563, -0.14751707017421722, -3.245245001388651]], "number_of_bots": 10, "bot_trajectory": [[0.00019572552288669166, 0.08719128451942182, -4.478098324945558, -1.7283412831694966, 2.3331387403356394, 0.4393353763912464], [0.07207337042625149, 0.06638168210465821, 0.7364310971670229, -0.5342663450319585, 2.9340017173745214, 0.508868788048424], [0.009846591888258904, 0.05478034509180059, -1.298629576671393, 3.34322169745315, 2.72209060474141, 0.405609285698802], [0.09536465111098212, 0.029264305895424357, 1.7123087448479224, 4.150605811473681, 0.16677183714131805, 0.26368951318934625], [0.021421521612754357, 0.0771937598320757, -4.502882417397213, 3.5188059475236324, 1.490635278076073, 0.40665754718075176], [0.01635735164393526, 0.01748438403865906, 0.15024571255439545, -2.291592886256061, 0.7595593573485845, 0.43980691693077917], [0.03373926292470071, 0.08059040514804758, -0.1162259003047561, -2.41770451526972, 2.2267320713681205, 0.4698109372672603], [0.021355078618093003, 0.01024134970678452, -3.6819283237028233, -0.06435938974286515, 0.9112345373141376, 0.33711010693206067], [0.07186144514713928, 0.0536335769668448, 1.0112708357126199, -3.7667752780785593, 0.9786977545796228, 0.48949026499029513], [0.07773257179251648, 0.03684511294393852, 3.3140962150874653, -3.1478879145513594, 1.9358776256530288, 0.4287009555590413]]}