{"position": [[6.105427159661008, 0.047924622893333435, -8.048431118671866], [10.88603948807557, 0.047924622893333435, -5.964436095910676], [10.180021565357446, 0.047924622893333435, -6.88697473601828], [9.30195100843899, 0.047924622893333435, -1.1853718379492353], [11.136618653304065, 0.047924622893333435, -5.499656571253181], [3.0701166885603604, 0.047924622893333435, -7.014469985783221], [4.23234264014064, 0.047924622893333435, -9.280818429105446], [5.869719876424739, 0.047924622893333435, -6.839985225274723]], "number_of_bots": 8, "bot_trajectory": [[0.05132679123719737, 0.020879973945566545, -1.1620780092537875, -3.6685959898876863, 1.0115025924508179, 0.26769867283641685], [0.020942341644126804, 0.04198371254425073, 3.6185343191607746, -1.584600967126496, 1.322120987374069, 0.31919020662265873], [0.03552656874740856, 0.023502700272344544, 2.9125163964426504, -2.5071396072341, 2.9895624051544645, 0.42957802726376454], [0.02898898308280363, 0.01792082839044338, 2.0344458395241958, 3.1944632908349444, 0.4628368219696529, 0.48872242766644125], [0.06913730769440253, 0.04328729803962024, 3.8691134843892714, -1.1198214424690012, 1.5187894235110833, 0.41158033577465125], [0.06763194906072625, 0.024229548105743424, -4.197388480354435, -2.6346348569990417, 3.0820050491322095, 0.28792426170776314], [0.05088796409222651, 0.04069074896657961, -3.035162528774155, -4.900983300321267, 3.1135177054188565, 0.3531922216320671], [0.09173091771604285, 0.05232968920822195, -1.3977852924900558, -2.460150096490543, 1.685632568727298, 0.4684816279668752]]}