{"position": [[2.0, 0.1, 0.0], [1.0, 0.1, 3.0], [-3.0, 0.1, 3.5], [3.5, 3.1, 3.0], [5.5, 3.1, 3.0], [5.5, 0.1, 3.0]], "number_of_bots": 3, "bot_trajectory": [[0.04098014503486573, 0.07135749213631573, 2.0, 0.0, 1.7499914194883646, 0.4250422392515687], [0.06312670060789036, 0.06400384780272443, 1.0, 3.0, 0.05549991596210538, 0.30869189978646266], [0.03023347714157861, 0.030423091661299827, -3.0, 3.5, 2.6122179595839126, 0.49675546137690113]]}