{"position": [[7.048842142743204, 3.293720006942749, -1.215143088043324], [4.4257690054801815, 3.293720006942749, 2.3250491102621003]], "number_of_bots": 2, "bot_trajectory": [[0.07445406281041257, 0.028597233103411057, 1.1248738276186931, -4.9122289454346815, 2.324113119810652, 0.4597097998003579], [0.043785428571484444, 0.0007422939149791085, -1.4981993096443302, -1.3720367471292572, 1.4446170664447562, 0.30461748537767497]]}