{"position": [[10.599939609716541, 0.0442279577255249, -1.4277073555917816], [5.069903855401875, 0.0442279577255249, 2.6307492594809583], [6.96335015110521, 0.0442279577255249, 1.6614256356873494], [12.180035522193693, 0.0442279577255249, -5.5923581574313195], [4.485576783588685, 0.0442279577255249, -2.506354365790696], [10.278974999419276, 0.0442279577255249, 3.2997393258281607], [4.451522653278413, 0.0442279577255249, 0.9099419074998973], [9.575208617334171, 0.0442279577255249, -4.355692591457812], [13.488149972796695, 0.0442279577255249, -5.157119482055039], [11.797103689450509, 0.0442279577255249, 1.4227459024723923], [5.791508217150248, 0.0442279577255249, -1.737373069838429], [7.49959484114705, 0.0442279577255249, -5.422651802440267], [12.720366078854887, 0.0442279577255249, 2.2560675636389442], [4.768628923655491, 0.0442279577255249, 2.823483492696462]], "number_of_bots": 14, "bot_trajectory": [[0.02499344135256467, 0.08212593678526499, 1.6439945947629275, -0.6162187868089752, 2.983963130468445, 0.32506884553516113], [0.061193758959647085, 0.05001576227434079, -3.8860411595517386, 3.4422378282637647, 0.4806112189319934, 0.5006251428977514], [0.030823014376913715, 0.00925875305875038, -1.9925948638484026, 2.4729142044701558, 1.153750902505734, 0.514585110934102], [0.09202235317952337, 0.026581632931815757, 3.2240905072400796, -4.780869588648513, 1.1102186131510807, 0.4241144946535793], [0.01717844506831485, 0.01564569985415485, -4.470368231364929, -1.6948657970078895, 2.7702467573641085, 0.33154753493458816], [0.0575615211631776, 0.04090197625299049, 1.3230299844656623, 4.111227894610967, 2.9544223961747544, 0.43707276324485894], [0.06326370689079984, 0.001357547880238008, -4.5044223616752, 1.7214304762827037, 1.778038427116537, 0.30087510347008517], [0.025324397202809823, 0.02094976846220723, 0.6192636023805587, -3.544204022675006, 2.41487920856379, 0.28445043121726493], [0.06432688063476436, 0.014819396948678764, 4.532204957843081, -4.345630913272233, 1.0218271247410706, 0.27905504632181766], [0.02918636133010214, 0.08122725890955342, 2.8411586744968953, 2.2342344712551987, 3.1252317363547397, 0.28100538675152176], [0.07861189454414041, 0.030600966123829787, -3.164436797803365, -0.9258845010556227, 1.7325831086502521, 0.4024609214031366], [0.043885016903756825, 0.03779477747674966, -1.4563501738065632, -4.611163233657461, 0.552429226701912, 0.35347834012965385], [0.09337277226484611, 0.03723444696786683, 3.764421063901274, 3.0675561324217506, 0.8478239532966446, 0.3187323723708135], [0.04976298994716599, 0.019761848051077092, -4.187316091298122, 3.634972061479268, 2.9061830920781087, 0.38063212670521185]]}