{"position": [[-7.1927890816749835, 0.13909593224525452, 5.364040085866193], [-3.3435106536628827, 0.13909593224525452, 4.132439085999956], [-5.587277959183991, 0.13909593224525452, -4.602577889647283], [-0.3499894470119207, 0.13909593224525452, -1.4576562785656983], [-4.356909576177667, 0.13909593224525452, -1.8756150357851302], [-5.9645864100567145, 0.13909593224525452, -0.8342497973297986], [-4.175676652656582, 0.13909593224525452, -0.6598248813182934], [-8.60498909492695, 0.13909593224525452, 4.505218248949009], [-1.3338137449823333, 0.13909593224525452, -2.0712142171066166], [-3.005135036111305, 0.13909593224525452, -0.6205756383193801], [-9.509615122312336, 0.13909593224525452, -2.589303418299729], [-6.814530041882189, 0.13909593224525452, 1.0671524885606636], [-7.939906428866426, 0.13909593224525452, 1.8777029330543609], [-7.317454428931018, 0.13909593224525452, -2.9500207993142755], [-3.758477891830894, 0.13909593224525452, 4.808179021971087], [-0.5077019794637625, 0.13909593224525452, 0.4279650380977378], [-4.598244488666794, 0.13909593224525452, -2.712046701984968]], "number_of_bots": 17, "bot_trajectory": [[0.041654855880492336, 0.028378189358663087, -2.334896568399837, 4.989362636401395, 0.700578238218685, 0.3826871280212893], [0.048258243420149026, 0.07019930026640994, 1.5143818596122638, 3.7577616365351583, 0.2988131959155281, 0.44939146139850183], [0.04362703711661044, 0.057591202404931874, -0.7293854459088445, -4.977255339112081, 3.0850576002858046, 0.30866082866524985], [0.08061563121444319, 0.07800073189867925, 4.507903066263226, -1.8323337280304963, 1.9046996665952163, 0.35324395874867026], [0.03005190068577749, 0.014351656033151994, 0.5009829370974794, -2.250292485249928, 1.320202064387836, 0.4242701377315994], [0.05237038517154628, 0.07415087409557408, -1.1066938967815676, -1.2089272467945966, 1.427381841306083, 0.4467515883866779], [0.03687471787975133, 0.025376831120911235, 0.6822158606185647, -1.0345023307830914, 2.0239309267959693, 0.3623658177286722], [0.03808018438143984, 0.08146512680237453, -3.747096581651803, 4.130540799484211, 2.620645952179273, 0.37166159458108705], [0.0933017965114126, 0.07361428902209112, 3.524078768292813, -2.4458916665714145, 0.3361535783165522, 0.507925118667993], [0.01253887938535716, 0.06511081887410458, 1.852757477163841, -0.9952530877841781, 0.9792026056879365, 0.5055889474520243], [0.0002786235813523108, 0.024189559969004626, -4.65172260903719, -2.963980867764527, 2.9291802909524223, 0.4119576343334952], [0.09150707316636056, 0.06687355133446797, -1.9566375286070425, 0.6924750390958656, 0.3556036087814207, 0.35144360139709224], [0.04634956254947535, 0.07683149582396004, -3.0820139155912796, 1.503025483589563, 1.9549417310354482, 0.30576268671820606], [0.01751826854605466, 0.03250538225111308, -2.4595619156558723, -3.3246982487790735, 2.638396886931572, 0.45563892949448587], [0.0666695787105425, 0.07859807012841301, 1.0994146214442524, 4.433501572506289, 0.05618388133751645, 0.27289977702407814], [0.08200406991571815, 0.0971085438851834, 4.350190533811384, 0.05328758863293981, 1.4383193229495341, 0.358879601213027], [0.0022154161331910506, 0.06380446612083841, 0.2596480246083521, -3.086724151449766, 2.5043292468469334, 0.3138610684089888]]}