{"position": [[-8.341295898528761, 0.1297827661037445, 2.010034072602982], [-9.519800282306178, 0.1297827661037445, -0.48033375471061657], [-3.8155953210853655, 0.1297827661037445, 2.6081305757142736], [-12.671465612794215, 0.1297827661037445, -1.9712361416617563], [-12.362355218143186, 0.1297827661037445, -1.3457585626492916], [-10.566169138979971, 0.1297827661037445, -1.4684372428535788], [-4.789734341222368, 0.1297827661037445, 5.816610739138365], [-11.057070172952901, 0.1297827661037445, 4.078830228477629]], "number_of_bots": 8, "bot_trajectory": [[0.09068140873239527, 0.07736019851884136, 0.4397986525576647, -0.39022113064408837, 3.096361983262545, 0.39173413298523707], [0.0394705605346198, 0.08272618902370957, -0.738705731219752, -2.880588957957687, 0.5146192442925925, 0.3367610747132501], [0.01422488122676514, 0.014949002481352692, 4.96549923000106, 0.20787537246720333, 0.7886449064171521, 0.38097672093720386], [0.08579461110300118, 0.010922039418330209, -3.89037106170779, -4.371491344908827, 2.1151173644855774, 0.3982997553973944], [0.02217395385406897, 0.021048504141358358, -3.5812606670567604, -3.746013765896362, 0.5891993083683214, 0.4302026319506902], [0.023324492074841052, 0.0949939234632624, -1.7850745878935448, -3.868692446100649, 2.2448947281316256, 0.3600387328329571], [0.006792731549725118, 0.03214094842407676, 3.991360209864058, 3.4163555358912943, 1.3911651988362437, 0.36593975741416185], [0.07237144481266736, 0.07466858159447527, -2.2759756218664764, 1.6785750252305587, 2.562745810894389, 0.37333939779432046]]}