{"position": [[13.049941391975901, -2.4023807048797607, -6.842613010616468], [13.955848218356037, -2.4023807048797607, -2.721926429106543], [11.187252111485801, -2.4023807048797607, -0.37780435568573356], [7.769451096387126, -2.4023807048797607, -5.8855300098019585], [7.787921420002949, -2.4023807048797607, -3.7702710741361147], [4.3095824441031505, -2.4023807048797607, -6.002153569363648], [8.075812731775278, -2.4023807048797607, -5.5139601802981675]], "number_of_bots": 7, "bot_trajectory": [[0.056884456545226315, 0.023604791738878517, 3.875446648628733, -3.410581379146741, 0.5439384976898803, 0.4490049523710188], [0.039349196620379244, 0.08138547996573686, 4.781353475008869, 0.7101052023631838, 2.807676634847953, 0.26680675107997454], [0.045789577265441084, 0.08668991174703933, 2.012757368138632, 3.054227275783993, 1.4623469232102446, 0.33226837191301734], [0.08487241820255813, 0.07098612053152333, -1.4050436469600425, -2.453498378332232, 2.7827118984144197, 0.30848843566501827], [0.042593107216050266, 0.0961433996341131, -1.386573323344219, -0.33823944266638817, 1.3418516249319297, 0.4403534378515688], [0.02999975957550379, 0.006302666379270927, -4.8649122992440175, -2.570121937893921, 0.9589110324226746, 0.26575019259148175], [0.004781694411932635, 0.0007777268721235297, -1.098682011571891, -2.081928548828441, 2.7360803884088787, 0.3391453228290923]]}