{"position": [[4.654244387072003, 0.11211729049682617, 2.766372915381674], [-2.409264157828413, 0.11211729049682617, -2.152724048973112], [-0.1865418685082023, 0.11211729049682617, -2.8913968609853993], [3.1425233274411943, 0.11211729049682617, -0.6105080646668539], [-0.5733581577974514, 0.11211729049682617, -1.9532470290383221], [6.681317619333578, 0.11211729049682617, 0.814220374736534], [5.458237274785317, 0.11211729049682617, 2.8948136765738894], [5.740218754151744, 0.11211729049682617, 0.9439558590739536], [3.1967017271896845, 0.11211729049682617, 1.8488284852743941]], "number_of_bots": 9, "bot_trajectory": [[0.054141057822185146, 0.08315510927246497, 2.3804378151115535, 4.7249652110283415, 0.27085063618973976, 0.36654750939038644], [0.03792623669251651, 0.05050316273514599, -4.683070729788862, -0.19413175332644417, 2.4027547371939333, 0.3034269297554132], [0.00026601544891615705, 0.04016638391370805, -2.4603484404686515, -0.9328045653387318, 2.336073900827021, 0.48301135486335717], [0.042547420634952385, 0.04386160029169511, 0.8687167554807451, 1.3480842309798136, 0.6833349602064891, 0.36390764298012346], [0.0234528296405778, 0.08072000096081525, -2.8471647297579006, 0.005345266608345334, 0.8242647370779257, 0.5065009407247743], [0.07259526298024932, 0.09772295196278315, 4.407511047373129, 2.7728126703832014, 1.6299240034791957, 0.43892510616036506], [0.049877780691200614, 0.05511184615425361, 3.1844307028248675, 4.853405972220557, 2.375967428887106, 0.287325801580994], [0.07428774997279917, 0.06018321355845128, 3.466412182191295, 2.902548154720621, 2.147188581234137, 0.37924810411785775], [0.05252709091809182, 0.045388023645886164, 0.9228951552292353, 3.8074207809210616, 1.2096129903617903, 0.38366731796257114]]}