{"position": [[0.20036393055411716, -2.766260862350464, 0.024407874102065463]], "number_of_bots": 1, "bot_trajectory": [[0.09198592783827265, 0.07825188167180755, 0.4723333681532993, -0.8993573083930517, 0.9433551889517369, 0.4078092341102614]]}