{"position": [[-8.281561972122041, 0.08626294136047363, 9.967799905556635], [-9.79264491309921, 0.08626294136047363, 7.978396259308066], [-8.402373257006964, 0.08626294136047363, 11.429288011393293]], "number_of_bots": 3, "bot_trajectory": [[0.07839573153418888, 0.009231200085503755, -2.6364742531584193, 1.7300536668481392, 1.6149606233998093, 0.42044868635892396], [0.0002446626992752998, 0.09147628173995903, -4.147557194135586, -0.2593499794004306, 2.6756361847679786, 0.39235912382306815], [0.05985906270736459, 0.023190536273144324, -2.75728553804334, 3.191541772684796, 0.5443397237170202, 0.4248147281729138]]}