{"position": [[8.48988094174535, 0.0037544071674346924, 0.39559451925844624], [5.906042909152946, 0.0037544071674346924, -6.042447640509521], [11.38336708474726, 0.0037544071674346924, -1.6040320153792567], [10.3930832836521, 0.0037544071674346924, -5.916128876631197], [11.446396878943133, 0.0037544071674346924, -5.297051616431911], [5.393924897584309, 0.0037544071674346924, -3.1631532353726914], [10.063615500760122, 0.0037544071674346924, 0.23637776796872267], [8.072082941966077, 0.0037544071674346924, 2.0273334156989984], [6.708805242932334, 0.0037544071674346924, -4.001009483513583], [11.320822728189563, 0.0037544071674346924, 1.5778601246627373], [2.8661952968864206, 0.0037544071674346924, -4.299641602748275], [2.7245654556756778, 0.0037544071674346924, -2.1291623773118173], [4.709376585844164, 0.0037544071674346924, -6.056235883494946], [4.1748978581760445, 0.0037544071674346924, -5.584462528898774], [4.464614450427115, 0.0037544071674346924, -1.3354115469047003], [10.24596405188946, 0.0037544071674346924, -1.1934571196916668], [8.423477799014698, 0.0037544071674346924, 3.0067671107714675], [8.1144351048165, 0.0037544071674346924, 1.4114408585761318]], "number_of_bots": 18, "bot_trajectory": [[0.07737474564326459, 0.08996801775791187, 1.7466243728366582, 1.817117971063561, 0.8201938852436774, 0.33559574246355406], [0.06818610293106903, 0.07635089876861309, -0.8372136597557456, -4.620924188704406, 0.3743821251295248, 0.4490633706088508], [0.08633512762121545, 0.04036686826449448, 4.640110515838569, -0.1825085635741419, 1.4838834294164809, 0.2782990536530384], [0.006882296535046917, 0.07733166236050748, 3.6498267147434085, -4.494605424826082, 0.9651638468378629, 0.43538394282910264], [0.025930305260539487, 0.043086747491814736, 4.703140310034442, -3.875528164626796, 2.8270794364299174, 0.4286928933067019], [0.09683218508896532, 0.06867504664139597, -1.349331671324382, -1.7416297835675765, 0.24817594666241405, 0.48352333604830106], [0.08321031214038496, 0.09219646481752854, 3.3203589318514313, 1.6579012197738374, 0.7156690330012789, 0.30574163084637374], [0.024563087197663314, 0.014170103502953457, 1.3288263730573857, 3.448856867504113, 1.4915079660089074, 0.4257914817671661], [0.06384631452937417, 0.07947954460860084, -0.034451325976357916, -2.579486031708468, 0.02950154310787066, 0.4381491687022042], [0.07598774620814083, 0.09506132292223227, 4.577566159280872, 2.999383576467852, 0.8812698244434193, 0.43190417600767794], [0.042224893904392234, 0.02198218841667261, -3.877061272022271, -2.87811815094316, 2.214075327709063, 0.4355003924519656], [0.004113715317528554, 0.07027783535074358, -4.018691113233014, -0.7076389255067028, 1.1107428556687684, 0.4363178605213338], [0.028454192703896385, 0.012961699098094259, -2.0338799830645273, -4.634712431689831, 2.500213053539606, 0.49556387009061637], [0.03294411211611544, 0.0541898650405226, -2.568358710732647, -4.162939077093659, 1.2073799785459354, 0.33965105693637443], [0.08026327582995015, 0.08226477547747671, -2.278642118481576, 0.08611190490041443, 2.225730404242209, 0.32173179304307353], [0.05454724613600816, 0.09499831393438214, 3.502707482980769, 0.22806633211344796, 2.253102656833518, 0.2890190861782345], [0.09809215307813765, 0.09413707429943409, 1.680221230106006, 4.428290562576582, 1.5779272498457948, 0.3104613188342336], [0.08683339833582188, 0.0819451953334799, 1.37117853590781, 2.8329643103812465, 1.0834960202158501, 0.44869369003250836]]}