{"position": [[-4.549368405368828, -3.3072948455810547, -4.520669902660547], [-3.7335945728344972, -3.3072948455810547, -3.6507574287274362], [-8.356760709595623, -3.3072948455810547, -1.1187474912635489], [-10.648150675677925, -3.3072948455810547, -7.137739267349329], [-4.474928695228921, -3.3072948455810547, -6.1713951250033245], [-3.6380192123809847, -3.3072948455810547, -8.667766397252365], [-9.98338029922521, -3.3072948455810547, -6.390464753560909], [-11.696876023963156, -3.3072948455810547, -0.8659066088978999], [-10.261858335376889, -3.3072948455810547, -3.7095233968703782], [-2.243794888446316, -3.3072948455810547, 0.27559127806303163]], "number_of_bots": 10, "bot_trajectory": [[0.04450684323686275, 0.00445842021208549, 2.4020347356529004, -0.7675208700677738, 0.3571264674267307, 0.30418556607317393], [0.025029281383239243, 0.00478966106820825, 3.2178085681872313, 0.10239160386533719, 1.9294223534896073, 0.4332183089257929], [0.08824686640234256, 0.06912682629961234, -1.405357568573895, 2.6344015413292245, 2.8799967271351856, 0.3167488031981257], [0.047824049858317653, 0.05434475429080449, -3.6967475346561973, -3.3845902347565557, 0.5455584426109007, 0.39418653123996394], [0.09855203949799543, 0.040400527449034405, 2.4764744457928076, -2.418246092410551, 0.3241083744690249, 0.43830326226063887], [0.032507880120327945, 0.01590688231134215, 3.313383928640744, -4.91461736465959, 2.492479835466534, 0.42186122113009406], [0.020882220442978862, 0.04544334921104588, -3.0319771582034827, -2.6373157209681364, 1.375287750280316, 0.32570331665418445], [0.010344743322287409, 0.05936278632637425, -4.745472882941427, 2.8872424236948735, 2.002741098687561, 0.45682439642830186], [0.0730625595206513, 0.07560221824413489, -3.3104551943551606, 0.043625635722395195, 1.7678933398051562, 0.3805508955424731], [0.025216527819024413, 0.011356106304434921, 4.707608252575413, 4.028740310655805, 1.7804148260904058, 0.4988789298517786]]}