{"position": [[-1.0, 0.0, -2.0], [-3.0, 0.0, -4.0], [-5.0, 0.0, 1.0], [-7.0, 0.0, 3.0], [-7.0, 0.0, -5.0], [1.0, 0.0, -10.0]], "number_of_bots": 5, "bot_trajectory": [[0.013651589744232528, 0.09409791622880412, -1.0, -2.0, 1.5317463431678109, 0.3080832069055117], [0.06637030190897564, 0.07010156666883047, -3.0, -4.0, 1.6162037801849893, 0.51674691633584], [0.08071819884152218, 0.07838338902818956, -5.0, 1.0, 1.1634019221365461, 0.30065854344089815], [0.03135279518706933, 0.08835444915674706, -7.0, 3.0, 0.7492570553145157, 0.27144723971525353], [0.05239831978598306, 0.06176031132150841, -7.0, -5.0, 0.22136322033416395, 0.3134604095741099]]}