{"position": [[1.448451585059291, 0.1665349006652832, -12.43631864743131], [-0.13969980743699306, 0.1665349006652832, -8.23315286920568], [-1.5277125038123556, 0.1665349006652832, -13.389283902876482], [-1.285625535176548, 0.1665349006652832, -15.409177911367433], [0.4506622092424557, 0.1665349006652832, -16.22647383147878], [6.823897143398077, 0.1665349006652832, -10.957561133455219], [1.8357561950427386, 0.1665349006652832, -16.567627463036406], [0.08569472547482881, 0.1665349006652832, -16.617618364780743], [4.088361464680764, 0.1665349006652832, -7.317626106415151], [7.0760118634803595, 0.1665349006652832, -16.66048188877679], [1.6191056449606271, 0.1665349006652832, -10.279997693523072], [1.7649802330221414, 0.1665349006652832, -8.397472669850192], [6.409015351331877, 0.1665349006652832, -8.591516317351873], [3.184260622969151, 0.1665349006652832, -12.92358801191731], [0.11500053500570395, 0.1665349006652832, -13.934576743557452], [2.995292063935611, 0.1665349006652832, -9.596082899219272]], "number_of_bots": 16, "bot_trajectory": [[0.013056725175275962, 0.06955828049833954, -1.432269030327672, -0.13521410183804816, 2.330997084253999, 0.43829570431635717], [0.07901389186326632, 0.026551691865736526, -3.020420422823956, 4.067951676387581, 3.124031131943068, 0.39413784786565625], [0.07907269908345033, 0.019819691628949587, -4.4084331191993185, -1.088179357283221, 2.1156871336051943, 0.27092929756023293], [0.02503232305471247, 0.08286724906053913, -4.166346150563511, -3.10807336577417, 2.8780388984245837, 0.343913186944516], [0.05328738257652428, 0.034786820957658414, -2.430058406144507, -3.9253692858855196, 2.2734544020082263, 0.43829489265503374], [0.01968980521246457, 0.03645092289955244, 3.943176528011114, 1.343543412138043, 2.9215864326898817, 0.31608727532654235], [0.08270307184145614, 0.049173615876825484, -1.0449644203442243, -4.266522917443143, 2.222112591515381, 0.453725245254083], [0.09671851065271553, 0.03441752228081836, -2.795025889912134, -4.316513819187482, 0.5896366379657934, 0.49350613076439204], [0.06414409311430208, 0.005427667082378329, 1.2076408492938007, 4.983478439178111, 2.3130327957780765, 0.3716552595492622], [0.058512318793749796, 0.08011510409595897, 4.195291248093397, -4.359377343183529, 0.9865900385287434, 0.4723907627551615], [0.03392847083867229, 0.09073361291794689, -1.2616149704263357, 2.021106852070189, 2.4366259979027696, 0.416120961725055], [0.016958668073118743, 0.03271307735196188, -1.1157403823648215, 3.903631875743071, 1.4178253548375732, 0.2940600314943054], [0.04709455630171604, 0.05115232846612074, 3.5282947359449137, 3.7095882282413886, 0.36307119592399706, 0.35995652581483223], [0.08631057172313207, 0.06367442275586678, 0.30354000758218813, -0.6224834663240486, 1.120811090964374, 0.4083988786477386], [0.05055004956423418, 0.07451592463188236, -2.765720080381259, -1.6334721979641897, 0.27993229689275717, 0.4745731294989693], [0.04941062742708826, 0.0926696950659556, 0.1145714485486482, 2.7050216463739885, 0.9413893629021243, 0.293571911554327]]}