{"position": [[6.923223360649401, -2.961547613143921, 3.3290125208114176], [0.9806269592713615, -2.961547613143921, -4.542981821111822], [1.9708655794751575, -2.961547613143921, -2.1642118637127874]], "number_of_bots": 3, "bot_trajectory": [[0.06648712578791179, 0.03923244132192114, 2.911553248039538, 3.452128000757554, 2.834633971075017, 0.3927388661558989], [0.083197320586371, 0.010277210327105235, -3.031043153338502, -4.419866341165686, 1.8036712641405115, 0.42285670365492845], [0.057626463410148224, 0.09771887987306163, -2.040804533134706, -2.041096383766651, 0.2623513271447036, 0.4141395717358177]]}