{"position": [[5.073233947121889, 0.0760696604847908, 1.9880814812376792], [9.164455272375022, 0.0760696604847908, 1.4727270996717214], [12.296481259280966, 0.0760696604847908, 2.5964602001852466], [7.162655335826349, 0.0760696604847908, 10.590176426641957], [10.26273270701121, 0.0760696604847908, 5.99731669879149], [10.458853937800741, 0.0760696604847908, 6.751073402179953], [2.6038658937533965, 0.0760696604847908, 6.035777253617645], [3.228266646314716, 0.0760696604847908, 4.697595380849351], [12.510689094618602, 0.0760696604847908, 6.563955457886292], [5.408907091394828, 0.0760696604847908, 1.022807699849741], [6.215532649643992, 0.0760696604847908, 5.0172593157182614], [7.547524915330082, 0.0760696604847908, 9.692428325128686], [5.2185926095048405, 0.0760696604847908, 6.287360231675446], [10.88702106812719, 0.0760696604847908, 3.456283244403273], [12.08391937665155, 0.0760696604847908, 7.113879354709102], [9.920043042640136, 0.0760696604847908, 7.432758435053078]], "number_of_bots": 16, "bot_trajectory": [[0.0029021493371504947, 0.09140312296856037, -2.4687882811190787, -3.7389235236451333, 0.13573657622655885, 0.44783377776825173], [0.011005922709309635, 0.05999652785249382, 1.622433044134055, -4.254277905211091, 2.8124266982261137, 0.4745997987108326], [0.02897667426786692, 0.015571052192471868, 4.754459031040001, -3.130544804697566, 0.9695526770308205, 0.3252970891414139], [0.014755322640297098, 0.005650273207968237, -0.37936689241461763, 4.8631714217591435, 3.0572794373582446, 0.4920793135222433], [0.03377260519006622, 0.09745968980934132, 2.720710478770243, 0.27031169390867804, 3.0825998577760942, 0.3688639373356079], [0.03961344209380013, 0.08678183200222156, 2.916831709559775, 1.024068397297141, 2.471272841455483, 0.5061442791506949], [0.0831202464474239, 0.06668753126325894, -4.93815633448757, 0.3087722487348321, 0.5710443612895706, 0.5160572823376367], [0.031496804479598586, 0.08103722216493293, -4.313755581926251, -1.0294096240334616, 1.9534490313248383, 0.5137592589297773], [0.04833596004183767, 0.011359298024228914, 4.968666866377634, 0.8369504530034799, 1.2483708023903115, 0.31779270932985015], [0.03493244589174534, 0.07716380372714131, -2.133115136846139, -4.704197305033071, 1.8332158239484007, 0.477612022890192], [0.009321546503055722, 0.00013090640897586158, -1.3264895785969744, -0.7097456891645515, 1.6503123422937487, 0.32469463461158965], [0.09311962869960184, 0.053696628518507636, 0.005502687089115055, 3.9654233202458733, 0.10650379602877881, 0.4231598360555713], [0.026151402237374156, 0.04435144464167736, -2.323429618736126, 0.5603552267926337, 1.2316973031296028, 0.34940577607641254], [0.09613657974945657, 0.09601916238455091, 3.344998839886223, -2.2707217604795393, 0.6828210215525643, 0.38813852369934176], [0.046302550141701405, 0.026781377881796287, 4.541897148410584, 1.3868743498262892, 1.491127448043278, 0.5170447770848846], [0.07529895926172628, 0.07747641506606569, 2.3780208143991697, 1.7057534301702648, 2.584067806738084, 0.3991601081638787]]}