{"position": [[-5.1793370109326675, 0.47783392667770386, 9.896536921333002]], "number_of_bots": 1, "bot_trajectory": [[0.08557809533980384, 0.006828381054518473, 1.3462882179491686, 3.676969622443842, 0.5499498137408424, 0.37104506784303337]]}