{"position": [[1.4804400169227137, -0.6167081594467163, -5.69493835366306], [2.664334975436704, -0.6167081594467163, -5.463618029875216], [6.351464938403765, -0.6167081594467163, -4.623761430555044], [1.9536313274379367, -0.6167081594467163, -5.448173080421377], [0.53011629536559, -0.6167081594467163, -6.003205142368141], [1.874018146432319, -0.6167081594467163, -5.8323657818749695], [6.915052630340474, -0.6167081594467163, -2.48389070483294], [2.3851766546049387, -0.6167081594467163, -3.3567154364574576], [2.8658511651359584, -0.6167081594467163, -2.9476734041495574], [1.759685100086694, -0.6167081594467163, -0.36866062189244], [-1.292584094705397, -0.6167081594467163, 1.7853805452305256], [1.7323611434156259, -0.6167081594467163, -6.379334034662014], [7.0591237575650085, -0.6167081594467163, -0.06901582131468476], [4.609685163082703, -0.6167081594467163, 2.363161842017512], [3.4499889460818065, -0.6167081594467163, -4.150309643243329], [3.003401682288491, -0.6167081594467163, -1.0922932600798803], [4.395694142333694, -0.6167081594467163, -3.5755266183137184], [5.498207037472755, -0.6167081594467163, -1.8513662733423348]], "number_of_bots": 18, "bot_trajectory": [[0.09778583569137614, 0.08022490645247507, -0.9188057220604406, -4.145249895220372, 0.07063066085073048, 0.2687627272110107], [0.06633316158517369, 0.0016851729329126707, 0.26508923645354954, -3.9139295714325284, 2.9974311069392026, 0.3902853108342636], [0.05222970228195252, 0.03139514316419939, 3.952219199420611, -3.074072972112356, 2.636384851321192, 0.4218121593692096], [0.05289667477712453, 0.09768714063272307, -0.44561441154521764, -3.8984846219786884, 2.1844330906617997, 0.3096458724812462], [0.017373076917910735, 0.0907332447973068, -1.8691294436175643, -4.453516683925453, 1.9949318968738299, 0.408895442240779], [0.008595648602508953, 0.024764596678667185, -0.5252275925508354, -4.2826773234322815, 2.934275591787168, 0.4908711385454837], [0.019066805028724543, 0.013516152638658952, 4.51580689135732, -0.9342022463902522, 1.1180745919754957, 0.3476455825631932], [0.01728555389662544, 0.08528191162847369, -0.014069084378215413, -1.8070269780147696, 1.2823803075793232, 0.3841711077666629], [0.05927507017064276, 0.020915679097563554, 0.4666054261528041, -1.3979849457068694, 2.684651260713331, 0.41452219670645096], [0.07628045176339159, 0.012781439649186066, -0.6395606388964603, 1.181027836550248, 2.3993999961480417, 0.44558535424828816], [0.01547615777124387, 0.021592720837994163, -3.6918298336885513, 3.3350690036732136, 1.9558410476308592, 0.43252367423593574], [0.0052630287925437115, 0.07199988447443847, -0.6668845955675284, -4.829645576219326, 2.7136110272262077, 0.3461156173789348], [0.053164918789224934, 0.0942650352456354, 4.659878018581854, 1.4806726371280032, 1.170039201924904, 0.3144521190510509], [0.01811432200400498, 0.07282665132346654, 2.2104394240995484, 3.9128503004602, 0.8450939743105658, 0.47291729686531836], [0.0012791684884950415, 0.08123588840673973, 1.0507432070986522, -2.600621184800641, 1.2800409070620646, 0.4439965491702478], [0.03553561773031544, 0.05306546589996021, 0.6041559433053367, 0.45739519836280773, 0.30492345494960743, 0.41000967143831546], [0.02845687271076478, 0.08209811111591134, 1.9964484033505392, -2.0258381598710304, 2.358485981021129, 0.4355925111573877], [0.0429282365097147, 0.004354420799128067, 3.098961298489601, -0.30167781489964685, 2.4605659198719154, 0.31695846782730175]]}