{"position": [[-8.650832293684262, -0.09828342497348785, -4.453142001578723], [-4.116474195309429, -0.09828342497348785, -6.923886850042183], [-5.430108414493855, -0.09828342497348785, 2.659996318302092], [-10.813195060986914, -0.09828342497348785, -0.38813750401301483], [-12.147051188610064, -0.09828342497348785, -4.592234605447803], [-6.822261104416746, -0.09828342497348785, 2.2362934917486132], [-5.929958632741846, -0.09828342497348785, -1.6218368692753733], [-9.069032448098742, -0.09828342497348785, 1.314470959983593], [-11.258359929813755, -0.09828342497348785, -4.899193721145246], [-11.385683428530264, -0.09828342497348785, -4.848263585323525], [-8.006085550254742, -0.09828342497348785, -1.9689432498382315], [-12.092576933469635, -0.09828342497348785, 0.4321112880277269], [-6.626904596373794, -0.09828342497348785, -2.7977297552688416], [-6.803228692215315, -0.09828342497348785, -5.291025371525663], [-4.276708885374285, -0.09828342497348785, -1.7940705940018349], [-8.57684354578965, -0.09828342497348785, -3.1645284164736704], [-5.698369119465049, -0.09828342497348785, 2.396856167973577], [-7.4216312646493146, -0.09828342497348785, 0.9041353346311256], [-3.969021014376281, -0.09828342497348785, 1.9759601079796214]], "number_of_bots": 19, "bot_trajectory": [[0.0038525808739564905, 0.050697404411647704, 0.06225574189923422, -2.5025008463358023, 0.14028513418674513, 0.3961267390388403], [0.03867292340285824, 0.07122672299557198, 4.596613840274067, -4.973245694799263, 0.7743746068807381, 0.4438955534465073], [0.07017143261690181, 0.08216432765135796, 3.282979621089641, 4.610637473545012, 1.5277087458625875, 0.3432041749883873], [0.002566767123346747, 0.024101531467182292, -2.100107025403417, 1.562503651229905, 1.435546266498672, 0.3986891419671917], [0.099610092858397, 0.047566410637507106, -3.433963153026567, -2.6415934502048835, 1.9976655821886933, 0.3300486590550036], [0.03488731047868685, 0.03541098279667326, 1.8908269311667503, 4.186934646991533, 0.7072521900585086, 0.44325216245306515], [0.009065382300573244, 0.048295988300439775, 2.783129402841651, 0.32880428596754663, 2.1297846026692766, 0.3778175218633108], [0.016371654428245362, 0.08237413184920037, -0.35594441251524667, 3.265112115226513, 1.166418655186467, 0.42090779826255975], [0.09101159323369458, 0.06614895628600624, -2.545271894230259, -2.948552565902326, 0.2765999207598631, 0.2915428592654646], [0.09696198301441737, 0.08179683614642332, -2.6725953929467683, -2.897622430080605, 0.35443995660446836, 0.4693464826194762], [0.03628239626942771, 0.04608037315748793, 0.7070024853287538, -0.018302094595311624, 1.0053901375763976, 0.31744509254070385], [0.007815585099144418, 0.03587915105265947, -3.379488897886139, 2.382752443270647, 1.535887466279371, 0.4400145297720912], [0.007842447095211303, 0.04460818851406547, 2.0861834392097025, -0.8470886000259215, 1.9468228324419818, 0.44522165846973566], [0.02406760159920244, 0.08741941444549402, 1.909859343368181, -3.3403842162827435, 0.4498092038053596, 0.3388749120942497], [0.04336953926194196, 0.07408391285832003, 4.436379150209211, 0.15657056124108504, 0.38222412367819236, 0.30462572770592167], [0.0873110551831209, 0.020922914867187947, 0.1362444897938453, -1.2138872612307505, 1.3394660822144726, 0.40992421680688773], [0.013358571802443953, 0.09271194336573849, 3.014718916118447, 4.347497323216497, 2.6015877341684477, 0.38670924528557865], [0.09223912618945891, 0.0016507211757693097, 1.2914567709341818, 2.8547764898740455, 0.12873880207949162, 0.41540317708251184], [0.07959945449159092, 0.007961434759039076, 4.744067021207215, 3.9266012632225413, 1.933471655135928, 0.35067049767895797]]}