{"position": [[-2.4028648631460783, 0.07602477073669434, -2.2277023556254467], [-8.676309955074284, 0.07602477073669434, -3.3110145184902944], [-8.563081131700336, 0.07602477073669434, 0.49030488613146783]], "number_of_bots": 3, "bot_trajectory": [[0.043362200625408284, 0.01976669017886009, 2.6081438763253573, -3.360956645252522, 2.3490297224681855, 0.35861724260902683], [0.039862337620361954, 0.03871958777799378, -3.665301215602849, -4.44426880811737, 1.0910519883324303, 0.4724758680943051], [0.03263525872523865, 0.029378716580653507, -3.5520723922289, -0.6429494034956074, 2.0601536726366088, 0.3015626487221512]]}