{"position": [[8.94150652852132, -2.8982086181640625, -2.692010765863057], [6.014125778180342, -2.8982086181640625, 2.745744316533898], [1.4437044007362836, -2.8982086181640625, 3.8943351264254424], [8.551760558837422, -2.8982086181640625, 1.7890325806793639]], "number_of_bots": 4, "bot_trajectory": [[0.018999793811418465, 0.01310269372270646, 3.0226437088496896, -1.9252221043831075, 2.223040240303795, 0.3589416923776517], [0.04208583222031158, 0.028909105570650694, 0.09526295850871169, 3.512532978013848, 1.571591202146538, 0.4603551976161915], [0.0836400419043223, 0.02878303563821717, -4.475158418935347, 4.661123787905392, 2.2858137705841473, 0.34607535892300695], [0.033410821047506103, 0.05108308460799186, 2.6328977391657915, 2.555821242159314, 0.6284252762911579, 0.40514963696024703]]}