{"position": [[0.6177309154488126, -3.3240835666656494, -1.2955284863113035], [4.723159711829819, -3.3240835666656494, 2.6923423218137144], [4.7263767404533485, -3.3240835666656494, -0.4478761534412532]], "number_of_bots": 3, "bot_trajectory": [[0.05955772824464024, 0.03307162326200611, -4.271393001177164, -0.2958853393195737, 0.3609948608493088, 0.2716571045621187], [0.055745232159671844, 0.09645598075186755, -0.16596420479615737, 3.691985468805444, 1.7876030825288634, 0.3628333292908697], [0.04725218970612427, 0.09278096968854697, -0.16274717617262846, 0.5517669935504765, 0.06228442889636378, 0.2819717443057759]]}