{"position": [[3.514551270118834, -0.5624306201934814, 15.515859123800412], [-0.4051203197148223, -0.5624306201934814, 11.290148411405292], [1.3356951607369905, -0.5624306201934814, 11.115112677509643], [3.070560437005457, -0.5624306201934814, 13.852965920436251], [5.636501314941328, -0.5624306201934814, 15.059418556240175]], "number_of_bots": 5, "bot_trajectory": [[0.02142344499141934, 0.06911395234145604, 0.6756356836472766, 1.7315220800382058, 2.2961147164625846, 0.46778177405320376], [0.04913342937536362, 0.027969426599353198, -3.24403590618638, -2.494188632356915, 2.7090658222088093, 0.41662766381966776], [0.056063714227856595, 0.06317939974812158, -1.5032204257345672, -2.669224366252564, 3.1084439411753864, 0.3894112823836328], [0.09602767173041091, 0.026420957071922335, 0.23164485053389972, 0.06862887667404394, 2.4994717988184547, 0.3755212757314428], [0.0495093985294807, 0.01604110338030188, 2.7975857284697705, 1.275081512477968, 0.001086915376011722, 0.48012384821843473]]}