{"position": [[-9.173184348682486, 2.969033718109131, 3.766447858098542], [-4.515461347603259, 2.969033718109131, 6.406532386931152], [-13.193717845447848, 2.969033718109131, -3.3337969730047767], [-9.718730636981995, 2.969033718109131, -0.8725770455944435], [-11.688798699391858, 2.969033718109131, -1.744060877573654], [-3.8883739545824785, 2.969033718109131, 3.4937810738222965], [-4.063767024382628, 2.969033718109131, -2.0853715687623486], [-11.056884400892226, 2.969033718109131, 3.608530044593682], [-7.76732061220174, 2.969033718109131, 0.43504994081102], [-3.924105445676049, 2.969033718109131, -2.379596490818033], [-8.95706421309974, 2.969033718109131, 5.589552655542885]], "number_of_bots": 11, "bot_trajectory": [[0.026612935657071634, 0.005091314312460404, -0.4633845821419591, 2.301241354230439, 1.4269505435398355, 0.39480567678053835], [0.03349775325434871, 0.06858008752424408, 4.194338418937268, 4.941325883063049, 2.521197844136061, 0.38656158258338497], [0.040110175153184754, 0.04927278179562513, -4.483918078907321, -4.79900347687288, 0.09744700048728898, 0.4925783336715098], [0.051280395991810356, 0.020853121794670804, -1.008930870441468, -2.3377835494625465, 2.6868021813680003, 0.3398962566818937], [0.08579881181841212, 0.03734418121513777, -2.978998932851331, -3.209267381441757, 2.7032416125200447, 0.4818158186539767], [0.09919679829326944, 0.04207662069516323, 4.821425811958049, 2.0285745699541935, 1.2580817076452728, 0.4336933714489679], [0.067277440033037, 0.08303339667954754, 4.6460327421578995, -3.5505780726304517, 2.6252960561363476, 0.42332920535454427], [0.05076621205286872, 0.027170525007085743, -2.347084634351698, 2.143323540725579, 2.0926444979032803, 0.3769563138826289], [0.06510804683454624, 0.05312999167033977, 0.9424791543387878, -1.030156563057083, 2.7435880854893657, 0.4037692523509818], [0.012244092981167076, 0.0003979216698271171, 4.785694320864478, -3.844802994686136, 1.8360342076586267, 0.37329088664731286], [0.01846375795329227, 0.08895904304640562, -0.2472644465592122, 4.124346151674782, 0.8045645939359599, 0.30784068478548826]]}