{"position": [[3.2295607136499633, 0.16340482234954834, -8.424035046000137], [7.243276401900658, 0.16340482234954834, -9.97999292803568], [8.596093500917982, 0.16340482234954834, -10.88795991473652], [6.390073733965426, 0.16340482234954834, -8.041755022364473], [3.0702978416196496, 0.16340482234954834, -7.7867993388076515], [5.2126136817017725, 0.16340482234954834, -7.720985281355068], [5.878697021950905, 0.16340482234954834, -6.493346349876501], [5.970412486412318, 0.16340482234954834, -3.2613097733112526], [6.821166288421427, 0.16340482234954834, -9.762420504725192], [6.536402852147228, 0.16340482234954834, -2.38665880204678], [11.871440385426327, 0.16340482234954834, -10.948568437761692], [11.367170566625106, 0.16340482234954834, -4.522577242279216], [7.692131099144798, 0.16340482234954834, -5.919926584667133], [7.77923287322039, 0.16340482234954834, -1.7663428163320303]], "number_of_bots": 14, "bot_trajectory": [[0.04645136982914712, 0.017060664514369904, -4.39025034439447, -1.745435688395156, 1.1197129346220136, 0.3741263006394978], [0.050082812274732366, 0.08219071316111301, -0.37653465614377546, -3.3013935704306996, 1.231522531284216, 0.3642053132991376], [0.07895153802041455, 0.024533995826044864, 0.9762824428735495, -4.209360557131539, 2.491523905466168, 0.4742929971234589], [0.06537868105794878, 0.016627198767075156, -1.2297373240790077, -1.3631556647594933, 0.3184234817339385, 0.313176867314822], [0.032237952410923754, 0.04542412540899791, -4.549513216424784, -1.108199981202671, 0.041664048617243286, 0.5032695970752955], [0.033255435290439964, 0.01719825980607188, -2.407197376342661, -1.0423859237500877, 2.162943549608082, 0.43620864960706696], [0.014911107533264712, 0.03425817613076239, -1.7411140360935284, 0.18525300772847975, 2.1015615626651454, 0.4811336516692264], [0.06563260507723313, 0.04095542332197397, -1.6493985716321158, 3.417289584293728, 1.3603193215506364, 0.4172116201933812], [0.09106914868479764, 0.007722256297616914, -0.798644769623007, -3.0838211471202115, 2.2939544176438353, 0.3788908058364555], [0.06630453308435649, 0.03250528564007064, -1.083408205897205, 4.291940555558201, 0.33807953045178624, 0.31032098111165374], [0.0522481834463282, 0.082003728321613, 4.2516293273818935, -4.269969080156711, 1.4139312925155638, 0.3228783784133943], [0.02123384836305059, 0.06817481433740777, 3.7473595085806712, 2.156022115325764, 1.8953221504566418, 0.43922876038282155], [0.05055974756823699, 0.09219146341569354, 0.07232004110036439, 0.7586727729378473, 0.8041930373094137, 0.3071241355064988], [0.026841168306068874, 0.0392981124056342, 0.15942181517595633, 4.91225654127295, 2.922273575955835, 0.33213365526662375]]}