{"position": [[0.3867817425150981, 0.1789112091064453, -2.6566546222551337], [0.7028161351074518, 0.1789112091064453, 2.3560229625936593], [-5.132271175916135, 0.1789112091064453, 2.135148743907637], [-2.3577472936177495, 0.1789112091064453, -4.077087543561978], [-1.4470707901332565, 0.1789112091064453, -6.643297793428338], [2.6183594447891205, 0.1789112091064453, -1.28083555311895], [-3.6562439767997743, 0.1789112091064453, 1.4252744621400044], [-0.05640533982464735, 0.1789112091064453, -3.747820510409892], [-0.7596102632132802, 0.1789112091064453, 2.3048234619443146], [-1.021512883703158, 0.1789112091064453, 2.4336973369908232], [1.4039618940442626, 0.1789112091064453, 0.7837689347414898], [1.3954755045132954, 0.1789112091064453, -6.1202977689426845], [-5.005860054362398, 0.1789112091064453, 0.9736083379282499], [2.09374569649394, 0.1789112091064453, 0.555969965676034], [3.616829000936646, 0.1789112091064453, 2.167793228336995], [-0.9496258029298927, 0.1789112091064453, -5.25098184202534], [-4.319045277138738, 0.1789112091064453, -4.299285452012465], [-4.971787392241852, 0.1789112091064453, -7.142910022360959], [1.637841878624016, 0.1789112091064453, -1.0571649567150723]], "number_of_bots": 19, "bot_trajectory": [[0.013957923692416486, 0.09798909175290058, 0.7395134174246898, -0.22271588057117375, 0.40991643490277097, 0.44826059687242914], [0.009808562437525991, 0.023549420474896575, 1.0555478100170435, 4.789961704277619, 3.1189830028924157, 0.3395535250903534], [0.08258717838768767, 0.06490161809182449, -4.779539501006544, 4.569087485591597, 0.3424289396864634, 0.4171998377221986], [0.07857488555581046, 0.09897090691924085, -2.005015618708158, -1.6431488018780183, 1.848811140560448, 0.4871673129619047], [0.01605304008576658, 0.06251625529247291, -1.0943391152236648, -4.209359051744378, 1.3541320980245624, 0.32868994124260714], [0.08412394023173657, 0.042295377644639955, 2.971091119698712, 1.15310318856501, 2.523080005335531, 0.3981738201118465], [0.07262764307858316, 0.07133412443453276, -3.3035123018901826, 3.8592132038239644, 0.292586050627913, 0.4737752953380461], [0.004009479333271115, 0.05038513204317189, 0.2963263350849443, -1.3138817687259319, 1.35654086306262, 0.26388173102030915], [0.02255660927198654, 0.04572354714103204, -0.4068785883036885, 4.738762203628275, 0.09499120284015049, 0.27442236344598064], [0.042365413093307935, 0.06726444878894916, -0.6687812087935663, 4.867636078674783, 0.42881637513746057, 0.3062884994231576], [0.047046064938829235, 0.0579981871620463, 1.7566935689538543, 3.2177076764254497, 2.532509516815803, 0.33156029442405355], [0.08857417914055926, 0.06904793619003662, 1.748207179422887, -3.6863590272587246, 1.132928323542077, 0.4851686048102406], [0.01914062515023778, 0.04243779160732923, -4.653128379452807, 3.40754707961221, 2.1712954215483844, 0.4317989743989089], [0.08410583402146525, 0.06816398360932513, 2.4464773714035317, 2.989908707359994, 2.974905982544599, 0.32487618221976716], [0.06476942558635487, 0.07512892397379006, 3.9695606758462376, 4.601731970020955, 1.373313101138798, 0.3420985755541224], [0.02375513998114013, 0.015810666162558808, -0.5968941280203011, -2.8170431003413796, 0.43777369346121264, 0.47660780486741616], [0.07291714953833214, 0.0143549245367527, -3.9663136022291456, -1.8653467103285049, 3.0954205280789826, 0.3650679430762681], [0.08335393289882906, 0.03329243312528787, -4.619055717332261, -4.708971280676999, 2.718416654448884, 0.2820546052646943], [0.000967093423862031, 0.046491621244122525, 1.9905735535336078, 1.3767737849688877, 3.1318949398675766, 0.4341074569172526]]}