{"position": [[-0.3906227723508482, 0.16564297676086426, -0.2661623870425518], [2.1608434989200322, 0.16564297676086426, 5.167210055952702], [-0.5543814846524873, 0.16564297676086426, -1.2300935095868066], [-3.220348410872541, 0.16564297676086426, 1.7399125060766067], [1.5663176487500974, 0.16564297676086426, 0.9771459336792336], [4.963827289006097, 0.16564297676086426, -0.6458784209794644], [0.5872774534526881, 0.16564297676086426, -0.0600807512967414], [6.391397002128608, 0.16564297676086426, 4.699036738117146], [0.851365399198466, 0.16564297676086426, 2.2216370465605664], [4.551636419454869, 0.16564297676086426, 5.765934247498372], [-1.2751874426940057, 0.16564297676086426, 0.6918875797825521], [2.1107006075979995, 0.16564297676086426, 0.40562851535246214], [-1.1212547734947065, 0.16564297676086426, 3.6189812431561688]], "number_of_bots": 13, "bot_trajectory": [[0.07078106369893757, 0.07598194630890442, -2.1064420119672422, -3.7102482234530743, 3.0276479316803195, 0.470334038917895], [0.014563291529498524, 0.05171015587597209, 0.445024259303638, 1.7231242195421792, 1.8367363859193453, 0.47005937439890144], [0.08187312829124391, 0.03931575297767635, -2.2702007242688813, -4.674179345997329, 1.937117108043341, 0.36450675706758795], [0.023129265110625408, 0.04874485132627841, -4.936167650488935, -1.7041733303339157, 1.7518467075594857, 0.3351645386229745], [0.07508249906588063, 0.054337075246770686, -0.14950159086629666, -2.466939902731289, 0.19925235337271235, 0.4923517316781212], [0.041703107944207375, 0.05176836520535234, 3.2480080493897026, -4.089964257389987, 0.5992437038098627, 0.4261795697424734], [0.08159705203894838, 0.05285096179432273, -1.128541786163706, -3.504166587707264, 1.6666549729243032, 0.270415598787601], [0.030610672427258134, 0.07807332096039102, 4.675577762512214, 1.254950901706623, 0.998076024503806, 0.32853053442614866], [0.061885700557182635, 0.07078951234337706, -0.864453840417928, -1.2224487898499559, 2.7333915900391164, 0.4373674756125877], [0.09245629845555087, 0.015919553275271125, 2.8358171798384757, 2.3218484110878492, 0.31905444800611205, 0.33411348230962], [0.08682849276050938, 0.08624134534454182, -2.9910066823104, -2.7521982566279704, 0.2877244986635566, 0.3207090619381813], [0.004919591029689985, 0.05917122580885821, 0.39488136798160545, -3.0384573210580603, 1.9737900885997277, 0.27944002785041283], [0.08633642651318592, 0.042947161182948224, -2.8370740131111005, 0.17489540674564652, 1.3785433066948038, 0.3089805529164016]]}