{"position": [[-4.692374696394287, 0.11802682280540466, -3.3819180642796836], [-11.718941166426358, 0.11802682280540466, -3.8483527318903503], [-4.055067645357535, 0.11802682280540466, -3.056952143085349]], "number_of_bots": 3, "bot_trajectory": [[0.06096437838742845, 0.018515854112811658, 3.6421494582687988, -0.03888808838857005, 1.7128111722931376, 0.3189683273626711], [0.06070316740034286, 0.07491879784445417, -3.3844170117632713, -0.5053227559992368, 1.035704260828195, 0.3478772804532013], [0.09731612904007023, 0.0033620046424706063, 4.279456509305551, 0.2860778328057645, 2.984288879814463, 0.31357305821970083]]}