{"position": [[-0.8867603514798805, -1.267038345336914, -7.966015379847587], [-0.31575772466116714, -1.267038345336914, -9.36892891191805], [-3.6295626116281205, -1.267038345336914, -0.6780119112644822], [-1.2322821214644604, -1.267038345336914, -9.715403574280385], [-8.99812360066882, -1.267038345336914, -1.3167523857708519], [-6.538680710993017, -1.267038345336914, -4.466543449344914], [-8.078775983758662, -1.267038345336914, -8.019235544567195], [-9.237960752280772, -1.267038345336914, -5.272813286887624], [-4.086094179156634, -1.267038345336914, -8.097627120341059], [-7.531986172363371, -1.267038345336914, -6.821288371266277], [-7.08028031612777, -1.267038345336914, -1.7543817619986921], [-2.523821474702337, -1.267038345336914, -4.256605485715583], [-6.80276336750066, -1.267038345336914, -8.575107394811505]], "number_of_bots": 13, "bot_trajectory": [[0.02597116022199032, 0.09472640434716331, 4.140454175650246, -2.3191867284193646, 0.45141266495464716, 0.4883027384412913], [0.0008688561233001657, 0.06515049338844578, 4.71145680246896, -3.722100260489828, 0.7324810267908306, 0.3148601717372581], [0.055527840089027794, 0.04291100395781108, 1.3976519155020062, 4.96881674016374, 0.936771423586322, 0.4255861769189048], [0.061760689856353336, 0.09961180643255554, 3.7949324056656666, -4.068574922852163, 2.7915826818911156, 0.5162535519880043], [0.025987711377193856, 0.08009286981590547, -3.970909073538693, 4.330076265657371, 2.5253549763060565, 0.37227232635142304], [0.012031376406370819, 0.06667560457135915, -1.5114661838628896, 1.1802852020833088, 0.7708386835166663, 0.2946719669781587], [0.0007713323603441569, 0.025908604599298814, -3.0515614566285354, -2.3724068931389732, 1.5208560871356576, 0.29455483075492034], [0.036504961029135106, 0.08190837004137695, -4.210746225150645, 0.3740153645405986, 2.144523378409659, 0.512504266360609], [0.08135812676502634, 0.06652128305924775, 0.9411203479734931, -2.4507984689128373, 1.8498922617541242, 0.4414307872256389], [0.016104171341702212, 0.0005073737672037449, -2.5047716452332445, -1.1744597198380546, 2.0900037656579733, 0.26588914001312614], [0.022329031519456553, 0.07202312494565369, -2.0530657889976434, 3.8924468894295305, 0.8545274621508124, 0.3198102893681241], [0.09606264491552162, 0.0984317453193606, 2.50339305242779, 1.3902231657126396, 2.7905650184792847, 0.5155187950375738], [0.020719388769080603, 0.01924231033043309, -1.7755488403705333, -2.9282787433832826, 2.0057672419507915, 0.4989727597475285]]}