{"position": [[9.467935309256784, -0.062158599495887756, 0.43030831346116516], [8.881102234136488, -0.062158599495887756, -0.7841195110464461], [12.112036444417008, -0.062158599495887756, -5.536514423597209], [14.50717061617753, -0.062158599495887756, 1.215108226043359], [8.34150691449045, -0.062158599495887756, 0.42131115480451253], [16.496290698120298, -0.062158599495887756, -2.3623275331840876], [15.083651096932917, -0.062158599495887756, -5.8744720012236975], [8.969365001425624, -0.062158599495887756, -3.451699544687922], [15.884165748339921, -0.062158599495887756, -2.8390375307976443], [11.920451861681798, -0.062158599495887756, -0.041772032841527196], [10.712321486179087, -0.062158599495887756, -2.7186870251360307], [16.079571856203497, -0.062158599495887756, -6.657053099972931], [15.85781075231995, -0.062158599495887756, -5.905057005878791], [12.271903614227133, -0.062158599495887756, -4.8894192653139505]], "number_of_bots": 14, "bot_trajectory": [[0.04384321471684509, 0.0650852219500073, -2.412040963326223, 3.0114600373228595, 1.6069924724360285, 0.5020839246951938], [0.05712777354576941, 0.00010816854056192594, -2.9988740384465205, 1.7970322128152483, 0.6277745895682232, 0.3331202020910228], [0.03631598672951432, 0.022293219604928527, 0.23206017183399985, -2.9553626997355154, 0.7199073000172517, 0.3205084731306844], [0.033473712795128785, 0.01730134455276201, 2.6271943435945233, 3.7962599499050533, 2.930253036809803, 0.37959862416504625], [0.08160751986365436, 0.06272455414360252, -3.5384693580925575, 3.002462878666207, 2.813458907783408, 0.3645780062747523], [0.07290234059372361, 0.0341441718260192, 4.61631442553729, 0.21882419067760672, 2.087329332105386, 0.3327291712776604], [0.06892972962394642, 0.0628116559035131, 3.203674824349909, -3.293320277362003, 2.8354028914426284, 0.3082917357812281], [0.08275048854284515, 0.060597602693460005, -2.910611271157384, -0.8705478208262274, 0.004209219186454882, 0.28477502065592547], [0.03918621086232601, 0.019181052974767354, 4.004189475756913, -0.2578858069359502, 0.26101797964765533, 0.3501186023124092], [0.09497608897752705, 0.04183758696951724, 0.040475589098790676, 2.539379691020167, 1.5369372633593792, 0.3783682990597544], [0.02255732716544495, 0.022209423966208508, -1.167654786403921, -0.13753530127433633, 2.1468656944157387, 0.376687873866358], [0.028977750776931578, 0.02254137667987337, 4.199595583620489, -4.075901376111236, 2.779556367512557, 0.3667325641642364], [0.062452162611070304, 0.001003067321707285, 3.9778344797369423, -3.3239052820170967, 2.678924705000548, 0.35805825055270213], [0.05187863367073, 0.007635613085731218, 0.391927341644126, -2.3082675414522558, 0.19188608495073944, 0.5058628826370135]]}