{"position": [[-1.0, 0.0, -2.0], [-3.0, 0.0, -4.0], [-5.0, 0.0, 1.0], [-7.0, 0.0, 3.0], [-7.0, 0.0, -5.0], [1.0, 0.0, -10.0]], "number_of_bots": 1, "bot_trajectory": [[0.009247407845433996, 0.08612566402322788, -1.0, -2.0, 0.966621666132374, 0.33913229001423995]]}