{"position": [[3.0605739017936253, 3.242133855819702, -0.7313484301368254], [7.567787664010964, 3.242133855819702, 4.665677579999738], [0.3145517779635689, 3.242133855819702, 3.7558309580295015], [4.783202010983409, 3.242133855819702, 0.8580546875381658], [-0.7384122249548115, 3.242133855819702, 0.6118950207502873], [1.1535866967449486, 3.242133855819702, -1.2268077208152648], [1.1111934529125982, 3.242133855819702, 4.2423699903890775], [3.189875909143223, 3.242133855819702, 1.6731713541662865], [8.929221981463147, 3.242133855819702, 2.751328234880246], [3.4618057575841528, 3.242133855819702, -2.7395424606363914], [-0.37940410798933666, 3.242133855819702, 5.748020525918345], [5.620513676053404, 3.242133855819702, 0.6639247404088002], [-0.6448389601233675, 3.242133855819702, 4.94421784960883], [1.759824825185727, 3.242133855819702, -1.193041104174005], [1.2428048363971973, 3.242133855819702, -0.8088048213934815], [5.285704662478493, 3.242133855819702, 0.954151092366591], [4.133243210893715, 3.242133855819702, 3.5329196612390836], [8.667010831806653, 3.242133855819702, -2.586267878287222], [1.5205531705342494, 3.242133855819702, -1.5715934853320146]], "number_of_bots": 19, "bot_trajectory": [[0.036912914995377855, 0.09111628787443717, -1.006753597596023, -2.149755155066635, 1.9378077694867313, 0.32889027169127233], [0.0996222942050989, 0.06519952471647171, 3.500460164621315, 3.247270855069928, 0.2837192942996511, 0.447938216545446], [0.09640259262694384, 0.09035760157002619, -3.7527757214260795, 2.337424233099692, 1.105182655434295, 0.30592288128124584], [0.06174152864957848, 0.05840842781793344, 0.7158745115937604, -0.5603520373916437, 1.1881012257436843, 0.4986559846981966], [0.07474694973192861, 0.02132137922541092, -4.80573972434446, -0.8065117041795222, 0.6257646169172003, 0.273958578045345], [0.08168747429792095, 0.03794299246690154, -2.9137408026447, -2.6452144457450744, 3.0123772637628767, 0.35015882432195616], [0.0014318552016981735, 0.09489866603691013, -2.9561340464770502, 2.8239632654592683, 1.6630192023312471, 0.44028048452369456], [0.08371214284858254, 0.021786340533336657, -0.8774515902464253, 0.2547646292364769, 1.552752453378627, 0.5186347408610944], [0.08321570432089292, 0.052827225707396286, 4.861894482073498, 1.3329215099504366, 1.5155429365269852, 0.2794993791222874], [0.004448603042106525, 0.035949455026741337, -0.6055217418054959, -4.157949185566201, 0.1484564001630284, 0.3883408008513842], [0.054615493124082246, 0.06981083926274892, -4.446731607378985, 4.329613800988535, 0.5728979539034941, 0.48396923583353235], [0.019939798766337925, 0.08943031927709016, 1.5531861766637556, -0.7544819845210093, 2.526304215909528, 0.3339176932073039], [0.054125231879438206, 0.035236963166141, -4.712166459513016, 3.52581112467902, 1.594787112816924, 0.4064244195104749], [0.00394363636679026, 0.042190186459184986, -2.3075026742039215, -2.6114478291038146, 0.1055168405586859, 0.2872259797854815], [0.018003216019700896, 0.02796546143769868, -2.824522662992451, -2.227211546323291, 1.8918253851193199, 0.27646468411600716], [0.025718794038633676, 0.0037633323015370925, 1.2183771630888451, -0.46425563256321856, 0.787855594695145, 0.3579497809529087], [0.0872590717714094, 0.011716881810666314, 0.0659157115040665, 2.114512936309274, 2.218363902332695, 0.3835202544164199], [0.06983754599783337, 0.031046378950087473, 4.599683332417004, -4.0046746032170315, 1.2729534869980779, 0.30689472647961674], [0.08614364334293155, 0.007914019824451756, -2.546774328855399, -2.990000210261824, 2.7065607263669276, 0.33167318659476885]]}