{"position": [[-7.773124855065556, 0.10053974390029907, -5.293941786648603], [-10.555899523468153, 0.10053974390029907, -3.8549412532122274]], "number_of_bots": 2, "bot_trajectory": [[0.09527069610125363, 0.0551183900303406, -0.10482851793787051, -2.196108153225752, 1.9007110084843806, 0.3626199994040175], [0.018212841007766545, 0.01708518679761658, -2.887603186340467, -0.7571076197893756, 2.6760691140898865, 0.520263553191511]]}