{"position": [[-3.670495104604023, 0.037076473236083984, -6.984552269714499]], "number_of_bots": 1, "bot_trajectory": [[0.09736739519400671, 0.01604952446297663, 3.8157400371501273, -2.001077538269186, 0.9001462427022884, 0.513079276704683]]}