{"position": [[-1.370259340157579, 0.14656972885131836, -14.606895397322573], [-3.2678771978035206, 0.14656972885131836, -5.158157157041959], [1.5619672381948533, 0.14656972885131836, -11.14204214940402], [-3.2273084681357513, 0.14656972885131836, -12.779530848297224], [1.7804670331414876, 0.14656972885131836, -6.084563898070751], [2.4622862273975095, 0.14656972885131836, -6.750657566847727], [0.8048732444008588, 0.14656972885131836, -10.604233030269542], [-3.1972836230607884, 0.14656972885131836, -7.540410592951887], [1.3097502255889393, 0.14656972885131836, -7.36091527514792], [2.9294610917592383, 0.14656972885131836, -6.215240005119452]], "number_of_bots": 10, "bot_trajectory": [[0.0206758297776962, 0.05556882968599567, 0.5365862294530166, -4.5178937417439595, 0.044216661370124914, 0.4228999578170912], [0.07706967663810091, 0.0006196066718168525, -1.3610316281929247, 4.930844498536654, 1.0454133301811428, 0.48452620852485134], [0.018195676623049772, 0.013054919720343916, 3.468812807805449, -1.0530404938254068, 2.6470546294120694, 0.4131411356120106], [0.028250881976035168, 0.03490663230633928, -1.3204628985251554, -2.6905291927186106, 1.7055710012671925, 0.48309298769386516], [0.05793873566974374, 0.07227207604338313, 3.6873126027520833, 4.004437757507862, 1.5225549995051417, 0.4621962499924619], [0.006088763248010809, 0.0773090757969224, 4.369131797008105, 3.338344088730886, 1.059104811429715, 0.375668021099412], [0.014745551266010492, 0.0728938934846139, 2.7117188140114545, -0.5152313746909287, 2.727034858019788, 0.3534161368483718], [0.059509814139043805, 0.0941143377089648, -1.2904380534501925, 2.548591062626726, 2.404700120565327, 0.4976349978104776], [0.08147621129761577, 0.05456114665233293, 3.216595795199535, 2.7280863804306934, 1.913023186263358, 0.26323882902663215], [0.06686502308002487, 0.08721183243762279, 4.836306661369834, 3.873761650459161, 0.7581981705888832, 0.4537267245297447]]}