{"position": [[2.766660504388266, 0.8967211246490479, 3.6833821733813465], [8.907599133745787, 0.8967211246490479, 2.477833945938739], [3.776738312004598, 0.8967211246490479, -2.0948153798063784], [1.7071825686924171, 0.8967211246490479, 1.2908714578255276], [5.079958009484349, 0.8967211246490479, 2.3325853182729164], [7.074038840446178, 0.8967211246490479, 4.43530608436237]], "number_of_bots": 6, "bot_trajectory": [[0.017739126906417834, 0.07985676233417896, -2.9813873242860502, 3.262410958610076, 0.48900503808760903, 0.3241037980172363], [0.0641468628718795, 0.013182051866854127, 3.1595513050714716, 2.056862731167468, 2.620231725607326, 0.34419902814902237], [0.06635541159401122, 0.05537414299148723, -1.971309516669718, -2.515786594577649, 1.5745037332014298, 0.37595442081088415], [0.005993350072209714, 0.06471952251906123, -4.040865259981899, 0.8699002430542568, 3.0613406757921555, 0.41669169188762856], [0.006735752814885631, 0.09449295860655324, -0.6680898191899676, 1.9116141035016454, 1.5239749322572014, 0.4514512126207887], [0.07480092081779295, 0.00816210255934735, 1.325991011771862, 4.014334869591099, 2.0153661151747024, 0.47050730259382534]]}