{"position": [[-13.748331185485702, 0.03706356883049011, 2.325632785842406], [-15.312081287167691, 0.03706356883049011, 5.207124102604303], [-16.640358885955333, 0.03706356883049011, 1.1751430918696966], [-14.182294038275845, 0.03706356883049011, 6.148877179459912], [-14.648612884398059, 0.03706356883049011, -1.5034614041126044]], "number_of_bots": 5, "bot_trajectory": [[0.008346473879880334, 0.014183103769402239, 1.4664629734498458, -0.42010810466052373, 1.3795577179744978, 0.5157187247641102], [0.03517376191025858, 0.031950145381628034, -0.09728712823214414, 2.4613832121013735, 1.8754334400999215, 0.4501214304722151], [0.08734838691454662, 0.07007787615685103, -1.4255647270197858, -1.5705977986332331, 3.128259620196078, 0.5077479791630245], [0.0985720728819812, 0.049552268488415804, 1.0325001206597018, 3.4031362889569827, 1.484740459620607, 0.50281333415978], [0.01038755357070279, 0.04558743452417535, 0.5661812745374872, -4.249202294615534, 2.9969838457570144, 0.2909053825871874]]}