{"position": [[-8.707090678819098, -0.13150088489055634, 3.1396826855200457], [-1.8537882924383187, -0.13150088489055634, 2.4991010303194825], [-2.3407573663294747, -0.13150088489055634, -2.425994792522863], [-8.334257328440781, -0.13150088489055634, 2.647301655764911], [-0.5919725399455915, -0.13150088489055634, -3.164313622554703], [-3.3343501693781676, -0.13150088489055634, 3.5145374856137623], [-6.9043214566242845, -0.13150088489055634, 2.563976891157135], [-0.9482386162544891, -0.13150088489055634, -0.48751944150896676]], "number_of_bots": 8, "bot_trajectory": [[0.07232474236222974, 0.07202363387717957, -3.6789611011823786, 4.447885429050319, 0.8326082574941915, 0.3147956307921636], [0.0520037007138268, 0.039431294920895255, 3.1743412851984, 3.807303773849756, 2.6705132529711926, 0.4535950267469995], [0.039760987751840324, 0.005343163929729522, 2.687372211307244, -1.1177920489925897, 1.910796126247417, 0.2953980287496412], [0.05650719112006437, 0.05652654224970623, -3.3061277508040634, 3.9555043992951844, 2.8409233140068024, 0.38830900303143534], [0.04641794887908499, 0.04280450397022836, 4.436157037691127, -1.8561108790244296, 1.1466006501978696, 0.4328395419598917], [0.04087820471954109, 0.04484149967862282, 1.6937794082585511, 4.822740229144036, 2.0508130201971397, 0.4002853150189386], [0.02563805591451227, 0.03842210095323173, -1.8761918789875653, 3.8721796346874084, 1.088743530936148, 0.49612717591953803], [0.012406808883450703, 0.09727017065526435, 4.07989096138223, 0.8206833020213067, 2.2201772013640966, 0.48250128475383425]]}