{"position": [[1.0, 0.1, -7.0], [1.0, 0.1, -5.0], [1.0, 0.1, 4.0], [3.0, 0.1, -7.0], [3.0, 0.1, -6.0], [3.0, 0.1, 1.0]], "number_of_bots": 3, "bot_trajectory": [[0.027115403719981567, 0.017157331492532468, 1.0, -7.0, 2.8203543250303156, 0.267646454460376], [0.033434124608454394, 0.03177890932047463, 1.0, -5.0, 1.569503145297912, 0.28751446599182945], [0.05094790323861191, 0.08896991302448985, 1.0, 4.0, 1.4999247048207438, 0.49280030504905425]]}