{"position": [[-11.441387801170528, 0.04248166084289551, 4.154821593182449], [-9.138647160919888, 0.04248166084289551, -3.3062219329768423], [-4.7741620760942745, 0.04248166084289551, 4.464822489228256]], "number_of_bots": 3, "bot_trajectory": [[0.019333867123531967, 0.05544001307609584, -4.873666911125362, 3.3764196223191068, 0.27722736002938947, 0.2665265731987466], [0.0740979961773459, 0.04089822884254331, -2.5709262708747227, -4.084623903840185, 0.7191017418662287, 0.5209751482792311], [0.06522526942304925, 0.08579679769412378, 1.7935588139508918, 3.6864205183649137, 0.7840112822056281, 0.3280264905152823]]}