{"position": [[-13.148334691271874, 0.17594701051712036, 14.726526830239946], [-11.680228337078983, 0.17594701051712036, 13.532157026104981], [-8.499631337843965, 0.17594701051712036, 8.97954422789849], [-9.789496073138567, 0.17594701051712036, 14.60299176280202], [-8.404484869526382, 0.17594701051712036, 8.380095802257921], [-9.419311594644093, 0.17594701051712036, 12.32736745129731], [-6.541584207341751, 0.17594701051712036, 10.836249905091698], [-12.747437086385927, 0.17594701051712036, 11.857154393694397], [-7.031891502711564, 0.17594701051712036, 13.515753745114221]], "number_of_bots": 9, "bot_trajectory": [[0.06925935466530028, 0.09596510568144803, -4.631044575915429, 2.663111302896196, 1.7252309978495481, 0.49530439891165046], [0.009287391563808622, 0.09625522562098782, -3.162938221722537, 1.4687414987612313, 0.7641560275099636, 0.32612101307446684], [0.09488856222814067, 0.050330655116496016, 0.01765877751247924, -3.08387129944526, 2.3809194122225046, 0.45839607519076764], [6.889433810840506e-05, 0.0031388424568599693, -1.272205957782122, 2.539576235458271, 3.1392924093597987, 0.45067565750330585], [0.025128443389747825, 0.03044470793347769, 0.11280524583006435, -3.6833197250858287, 0.06279067283378538, 0.4338798564979795], [0.09409430397034482, 0.06291058901661463, -0.902021479287648, 0.2639519239535604, 2.0658123686545458, 0.30394013618519], [0.02319487323562175, 0.022234599215604445, 1.9757059080146944, -1.2271656222520522, 2.678536705555506, 0.40701222238955104], [0.04085217732995651, 0.05245633627285632, -4.230146971029482, -0.2062611336493525, 2.586772311579015, 0.4712444439727408], [0.053865841984821174, 0.041022675320395094, 1.4853986126448815, 1.4523382177704702, 2.5983521246090704, 0.2912588592185174]]}