{"position": [[-3.9581395126246424, 0.1907169222831726, 5.727904218339071], [-1.0917574161099077, 0.1907169222831726, 5.2924665721024375]], "number_of_bots": 2, "bot_trajectory": [[0.025501330928008548, 0.06188152046921961, 0.6230315231419592, 4.122152227067098, 1.5508970810112528, 0.3741477910091207], [0.03182132884227208, 0.036080195055051986, 3.489413619656694, 3.686714580830465, 0.11481034014341508, 0.40498892012385956]]}