{"position": [[-2.5962869223305445, -2.234609842300415, 3.693924192557013], [-2.3454757876383776, -2.234609842300415, -2.8693090028025563], [2.7135017936430845, -2.234609842300415, 1.1252360703654969], [4.132457029589022, -2.234609842300415, 3.093561801930464], [-1.4240914967920777, -2.234609842300415, 3.710933899169529], [1.1889132397868845, -2.234609842300415, 4.119219381039528], [3.7033896826264403, -2.234609842300415, 0.3909597606687516], [-4.133056013029341, -2.234609842300415, 4.695293083216867], [0.17604544187153115, -2.234609842300415, -1.2669692435134419], [-4.026221802555173, -2.234609842300415, 4.911144476020304], [-1.754619956776244, -2.234609842300415, 5.647268654535879], [-2.711364442885475, -2.234609842300415, -2.110438709753712], [-0.347989563545535, -2.234609842300415, 4.20321749240019], [-2.3437747894105683, -2.234609842300415, -3.0817479388609117], [-4.526165137733675, -2.234609842300415, 1.6783915472878725]], "number_of_bots": 15, "bot_trajectory": [[0.08631697421891996, 0.005129473076527768, -2.4671161767193537, 2.721342805990851, 0.4993244194645471, 0.5178886341395157], [0.033917618330322266, 0.0331300579368433, -2.216305042027187, -3.8418903893687184, 0.3471331520937416, 0.36950433307219954], [0.008704368647888627, 0.045468088014412454, 2.8426725392542753, 0.15265468379933478, 2.2760537937738707, 0.3108531036723807], [0.07853116087845599, 0.024042348204353203, 4.261627775200213, 2.120980415364302, 2.311893477669009, 0.364420604276757], [0.02071269878393065, 0.08067034567082618, -1.294920751180887, 2.7383525126033668, 1.0167909072680155, 0.3982111245935237], [0.02616529281846026, 0.01645538645057567, 1.3180839853980753, 3.146637994473366, 2.2771201552723666, 0.32489038708798373], [0.029028104058450688, 0.01997037429944537, 3.832560428237631, -0.5816216258974105, 0.9990958135675835, 0.36643044031903527], [0.03337852415033112, 0.011887704761507667, -4.00388526741815, 3.7227116966507046, 2.122282581018875, 0.5091921986807726], [0.0017049894234371532, 0.02406901987149972, 0.30521618748272195, -2.239550630079604, 0.43119022686887937, 0.4553898770248781], [0.020340176809936772, 0.08829611620183485, -3.8970510569439822, 3.938563089454142, 1.7657206701277681, 0.27938053418522524], [0.017800943243976165, 0.049694987264575496, -1.6254492111650531, 4.674687267969717, 2.246731150786395, 0.4267629820580008], [0.06811501158389158, 0.09318594452312219, -2.5821936972742843, -3.083020096319874, 0.8732430026058549, 0.34163423739032683], [0.0661457551869511, 0.051209589670887304, -0.2188188179343442, 3.2306361058340283, 1.2356232469093784, 0.3652047213982454], [0.010084857168633965, 0.023726761675926376, -2.2146040437993775, -4.054329325427074, 2.418944014368487, 0.4397463579703783], [0.07718184182064226, 0.018335125322702005, -4.396994392122484, 0.7058101607217104, 2.4882523420247042, 0.5139654607659294]]}