{"position": [[5.501097322683951, -2.793907642364502, -5.986229250997112], [5.712889563093505, -2.793907642364502, -4.745979973984222], [2.0372199694271655, -2.793907642364502, -4.264172841189234], [3.642073258708305, -2.793907642364502, -8.963130836842621], [7.478575870995488, -2.793907642364502, -10.14005826024465], [6.320881415732301, -2.793907642364502, -2.1943148927972147], [8.472078576309613, -2.793907642364502, -4.48926038564518], [5.870790887100277, -2.793907642364502, -9.642841584058761], [3.9757580523503244, -2.793907642364502, -7.705772525004613], [6.4871584378922345, -2.793907642364502, -8.14826183225354]], "number_of_bots": 10, "bot_trajectory": [[0.053166812843653474, 0.09169583856967795, 0.9220730078035799, -0.7577207785544848, 0.6499225151940669, 0.2680206009702545], [0.011298433486899805, 0.06311071580452153, 1.133865248213134, 0.4825284984584044, 3.0209123828789926, 0.4647558660320951], [0.02544544636011874, 0.04521546154764081, -2.5418043454532055, 0.9643356312533924, 2.8787261021136743, 0.4773713797795759], [0.08045745487657895, 0.021772929650521057, -0.9369510561720662, -3.7346223643999945, 2.3973754058968373, 0.37230597298419554], [0.07611610392652972, 0.04845569433474269, 2.8995515561151173, -4.9115497878020244, 1.764730731205843, 0.3866792853980183], [0.03899516394642384, 0.029450059623228286, 1.7418571008519301, 3.0341935796454123, 2.022362557830765, 0.34810984078882345], [0.09630055938855928, 0.057986534193196416, 3.893054261429242, 0.7392480867974471, 1.1100654062415984, 0.372431440758587], [0.07339140415602448, 0.08007684779532612, 1.2917665722199057, -4.414333111616134, 2.8713266705149056, 0.40410067818289275], [0.08811780181270715, 0.021562404042725046, -0.6032662625300467, -2.477264052561986, 2.696709418834331, 0.2983241696110206], [0.016045009298401147, 0.07159977444799437, 1.9081341230118631, -2.9197533598109136, 0.15800161557990872, 0.32351098065644696]]}