{"position": [[-3.6661960804608853, -0.3809473514556885, 2.7233905574000943]], "number_of_bots": 1, "bot_trajectory": [[0.097251313846528, 0.030014221195952186, -1.5156919682172332, 2.0104058762706387, 1.1902432651511545, 0.4050518527813668]]}