{"position": [[-5.991358620965123, -2.568154811859131, -2.899884152537185], [-8.243334839385266, -2.568154811859131, -0.46017317913359745], [-5.4150408970685735, -2.568154811859131, 2.4704865749031355], [-3.640214362967499, -2.568154811859131, -2.8385647247074646], [-9.488112560941108, -2.568154811859131, -0.056674925866585735], [-4.699238466637945, -2.568154811859131, 3.2798287714287273], [-9.413653266902, -2.568154811859131, -0.7329849238954247], [-3.1007557585584333, -2.568154811859131, 4.334677025698632], [-7.856840145743273, -2.568154811859131, -4.825112245568151], [-3.0422587858968146, -2.568154811859131, -3.8036336321752433], [-9.122689468662305, -2.568154811859131, 3.4503976545618276], [-11.366132786616522, -2.568154811859131, -4.407206300696198], [-2.5139842413912676, -2.568154811859131, 0.9309127128519465]], "number_of_bots": 13, "bot_trajectory": [[0.06243974498621534, 0.06977831212449134, 0.7510196138981584, -2.9324730814750968, 2.012161857249762, 0.4818320426713444], [0.0977361508986851, 0.046365156291144, -1.5009566045219858, -0.49276210807150944, 1.9848590456397994, 0.3507673187572279], [0.09259257633017433, 0.02278502768035264, 1.3273373377947073, 2.4378976459652235, 2.0152840076342273, 0.514897102750602], [0.09114458620504415, 0.011713623889110758, 3.1021638718957822, -2.8711536536453766, 0.8524358033817095, 0.5095827542046921], [0.08354913025043964, 0.08017981056167803, -2.7457343260778266, -0.08926385480449772, 0.07418192523782488, 0.3619284480562124], [0.07440358830041217, 0.08805897587922804, 2.043139768225336, 3.2472398424908153, 0.779750310170449, 0.2706513349979194], [0.047302573153994346, 0.0526730950757035, -2.671275032038717, -0.7655738528333367, 1.7805142363381432, 0.30759023568408644], [0.010812627763880511, 0.029875981797691277, 3.641622476304848, 4.30208809676072, 0.3638951513432688, 0.35815081365344786], [0.003947948741121509, 0.0911837021419265, -1.1144619108799914, -4.857701174506063, 3.123523497358244, 0.3583318664445575], [0.0953260004501239, 0.023028502358286296, 3.7001194489664666, -3.8362225611131553, 2.4454752221610003, 0.368593596482387], [0.04151885290499189, 0.06442729801967781, -2.3803112337990227, 3.4178087256239156, 2.66782936368348, 0.400302311246031], [0.010174176220278885, 0.09438655297098295, -4.62375455175324, -4.43979522963411, 2.1333704558094975, 0.3991096470366031], [0.022103133512895258, 0.008361938120865053, 4.228393993472014, 0.8983237839140346, 1.2339597607858068, 0.4458419907128297]]}