{"position": [[5.438269175228561, 0.04673868417739868, -6.236565519027556], [9.259242152894231, 0.04673868417739868, -12.298621009934907]], "number_of_bots": 2, "bot_trajectory": [[0.017286700323480297, 0.032614920090522435, -0.4372491467624062, 1.4793530219270346, 3.117462921508019, 0.41954567403713494], [0.024303783976220517, 0.05772619735254714, 3.3837238309032647, -4.582702468980317, 1.7806981396481671, 0.4141673606582855]]}