{"position": [[0.5071173321016884, 0.0798279345035553, 5.185713506483818], [-5.984186973957509, 0.0798279345035553, 6.193380262541752], [3.2788565874992663, 0.0798279345035553, 4.413842906781153], [-5.150459227983138, 0.0798279345035553, 5.352467385078225], [-0.44963285332563685, 0.0798279345035553, 3.492828309231408], [-3.659288446787901, 0.0798279345035553, 10.870198797490213], [3.0074932604673155, 0.0798279345035553, 10.387630543004436], [-3.932726544661981, 0.0798279345035553, 9.510037588199054], [-5.005050957979477, 0.0798279345035553, 11.077719552785066], [-3.289601718518014, 0.0798279345035553, 8.250607776278986], [1.7699308784483945, 0.0798279345035553, 6.792206911158336], [2.9040282647114797, 0.0798279345035553, 5.488516083315398], [-3.4221733895779893, 0.0798279345035553, 5.359620619325944]], "number_of_bots": 13, "bot_trajectory": [[0.016460621516683094, 0.024831910110289103, 1.7313142429598427, -3.2083885900737985, 2.9570294952137988, 0.4649205057873992], [0.06737164566113786, 0.048554017656671486, -4.759990063099354, -2.200721834015865, 0.7575789114931977, 0.47686187188699203], [0.08242361785389167, 0.054872677929928185, 4.503053498357421, -3.980259189776464, 0.8813610147574775, 0.2774566053410477], [0.04516722664931523, 0.0847540890445417, -3.9262623171249835, -3.041634711479392, 3.1068388908163036, 0.3594017931099781], [0.07278266532076369, 0.02343578216418495, 0.7745640575325174, -4.901273787326209, 0.6519926099690234, 0.3986400668573749], [0.022743230530464276, 0.059583351455225586, -2.4350915359297467, 2.476096700932595, 3.1098654477789665, 0.328498565458036], [0.09678950217900131, 0.07122452757607578, 4.23169017132547, 1.9935284464468184, 0.011287451644027953, 0.5150198092816046], [0.09286273098039446, 0.024562955348551165, -2.7085296338038267, 1.1159354916414377, 0.9222371701801207, 0.2939177258953502], [0.023473777020351937, 0.01085862547466122, -3.7808540471213226, 2.6836174562274495, 0.9995195645648165, 0.305858253577348], [0.07795503514042587, 0.019927173150135556, -2.06540480765986, -0.14349432027862985, 2.3370623894747324, 0.5131636779850393], [0.09430421478535259, 0.04533251749597352, 2.9941277893065488, -1.6018951853992813, 2.9319436419937936, 0.38160207182269185], [0.05432663616314336, 0.081761172099141, 4.128225175569634, -2.9055860132422193, 0.0627646853352087, 0.4444065228422749], [0.07364965534929713, 0.026851993718713784, -2.197976478719835, -3.0344814772316733, 0.7829686112631727, 0.4989090744400674]]}