{"position": [[10.647249549080076, 0.03288862109184265, -5.2514131860518365], [5.026564421440309, 0.03288862109184265, -4.870605274742749], [5.224711631403702, 0.03288862109184265, -7.280936696246593], [3.664849260587502, 0.03288862109184265, -8.071455914279099], [2.9226129213098355, 0.03288862109184265, -3.2474469699122195], [6.8641610477205885, 0.03288862109184265, -6.891609651646916], [3.9254744983239016, 0.03288862109184265, -8.584656434940165]], "number_of_bots": 7, "bot_trajectory": [[0.08041114789144113, 0.028534986537261265, 4.2608865196000965, -1.0367849664473439, 1.099682694540293, 0.50252166445199], [0.05097975459896018, 0.01098340744026991, -1.3597986080396718, -0.6559770551382571, 1.9515734069837987, 0.3175532608082623], [0.01642919511744877, 0.048398886300606944, -1.1616513980762788, -3.066308476642101, 0.7284684908991258, 0.5137126620033925], [0.0013130010546334447, 0.09145098714373306, -2.7215137688924784, -3.856827694674607, 2.4629769095179403, 0.4944850479360664], [0.08908293745048569, 0.020792426115198215, -3.463750108170145, 0.9671812496922727, 1.9882143171104716, 0.3473064572965944], [0.02620826265584699, 0.020607505223603308, 0.4777980182406083, -2.6769814320424237, 2.2819948821093017, 0.4252555574037226], [0.002901243834353473, 0.09180195800696603, -2.460888531156079, -4.3700282153356715, 2.5250936992292936, 0.44316381545152383]]}