{"position": [[9.832877245968039, -0.20002543926239014, -5.2065346332896185], [13.213423680819584, -0.20002543926239014, -3.592220818549588], [10.303719845381892, -0.20002543926239014, -7.696870625556909], [3.6096068370462984, -0.20002543926239014, -2.811099667354933], [13.145071938093135, -0.20002543926239014, -7.598273885333293], [3.7730458917065093, -0.20002543926239014, -5.728030991114867], [5.655970794863409, -0.20002543926239014, -4.149803244815973], [10.19742322672239, -0.20002543926239014, -3.87347666993549], [4.2762539279106315, -0.20002543926239014, -3.076131031621376], [7.750318674773133, -0.20002543926239014, -0.8081472823509719], [6.8544132690758826, -0.20002543926239014, -2.1704746117346168], [12.702010855344838, -0.20002543926239014, -4.290389053417813], [10.958332183935488, -0.20002543926239014, -3.5425346287967425], [11.721473362110254, -0.20002543926239014, -6.159458567359385], [12.150361286230481, -0.20002543926239014, -8.275872587292472], [3.4739934334175633, -0.20002543926239014, -6.631445902127219], [10.003090968726994, -0.20002543926239014, -5.249924162603365], [5.2464581516630755, -0.20002543926239014, -5.600204248216807]], "number_of_bots": 18, "bot_trajectory": [[0.07086311031967993, 0.07848841769776507, 1.571763125484641, -0.6892778965342472, 0.25370995018796927, 0.48732044199151037], [0.025348535971856045, 0.013305067903491152, 4.952309560336186, 0.9250359182057832, 2.2744786240108263, 0.28875011318483657], [0.017444529031536826, 0.05153557693082393, 2.0426057248984932, -3.179613888801538, 0.482422468836231, 0.4764290618864263], [0.05219160923675785, 0.0526043932582867, -4.6515072834371, 1.706157069400438, 2.5749797164241954, 0.42107893239127664], [0.08064442714233014, 0.08720367914977249, 4.883957817609737, -3.0810171485779216, 2.0502695110380835, 0.43266959073652766], [0.024040457583490115, 0.056537961795727155, -4.488068228776889, -1.2107742543594957, 2.3776718631517957, 0.3020463259647346], [0.06402708788220628, 0.04813217893056156, -2.6051433256199896, 0.3674534919393979, 2.2442298585873823, 0.47932297296813176], [0.028038683734558402, 0.01760937808932651, 1.9363091062389926, 0.6437800668198812, 1.6523218048475654, 0.2662135307291483], [0.09943282472719885, 0.015591937113832888, -3.984860192572767, 1.4411257051339954, 2.672564360282906, 0.5139532506109028], [0.053199111423364684, 0.0338763028846397, -0.5107954457102648, 3.709109454404399, 1.3122717946885365, 0.3328943997080953], [0.06823367116038127, 0.04297374511071882, -1.4067008514075163, 2.3467821250207543, 1.2543372740356722, 0.4534114472050611], [0.057151726745946575, 0.057415146715826336, 4.4408967348614405, 0.22686768333755825, 0.898110230449422, 0.5233520124005673], [0.03251996262772856, 0.02682281962374935, 2.6972180634520893, 0.9747221079586288, 1.8979638025826364, 0.4756059371598771], [0.04556870768101412, 0.08605829882721375, 3.460359241626856, -1.6422018306040143, 0.3616126182228099, 0.4823074614915164], [0.0901906690086048, 0.0015279836637803411, 3.889247165747082, -3.7586158505371015, 1.7736508718048756, 0.3059932728196383], [0.02942121711030816, 0.06559712251535084, -4.787120687065835, -2.1141891653718483, 2.637685287629557, 0.26413674156435357], [0.050996696046397984, 0.08365907699813281, 1.741976848243596, -0.7326674258479937, 2.7539369630918586, 0.42663512663810776], [0.00999733839937248, 0.09244140723465731, -3.0146559688203234, -1.0829475114614362, 2.14675982752011, 0.39918189342104143]]}