{"position": [[2.0090038900627905, 0.08657118678092957, 13.007098833155805], [1.1945952451778235, 0.08657118678092957, 9.81009555061244]], "number_of_bots": 2, "bot_trajectory": [[0.034634979862330696, 0.06400766005077886, -2.7607133264289088, -0.22895844833833556, 1.109478562921465, 0.3206687678354585], [0.02558196363930295, 0.08898586272823877, -3.5751219713138758, -3.4259617308817014, 1.8407018931228545, 0.28826874541154257]]}