{"position": [[-3.0988864648943233, 0.9263949394226074, 9.503548149312378], [-0.16554102551361627, 0.9263949394226074, 8.963744749453696], [-1.2202711263145165, 0.9263949394226074, 9.491415355268245], [-8.112758064396857, 0.9263949394226074, 13.818986935968], [-0.1857785750310188, 0.9263949394226074, 9.389746660300807], [-4.387151670951438, 0.9263949394226074, 11.844088521534673], [-8.81046383493248, 0.9263949394226074, 12.441720156606932], [-2.5166443025070926, 0.9263949394226074, 13.58216576388308], [-4.224061630632221, 0.9263949394226074, 9.497687204110806], [-2.004996692631738, 0.9263949394226074, 11.177465481008152]], "number_of_bots": 10, "bot_trajectory": [[0.09800401163978974, 0.013990918143613506, 0.9294319402570439, -1.3682389219156488, 1.3670591234427976, 0.3865854234769221], [0.07962503775203376, 0.020909282602513825, 3.862777379637751, -1.9080423217743314, 0.26983552544548867, 0.4293985485892497], [0.03995383670874357, 0.03888694761897114, 2.8080472788368507, -1.3803717159597817, 3.087184760865614, 0.4525014093287879], [0.007090432936904645, 0.019313936553290556, -4.084439659245489, 2.9471998647399733, 0.920869703794584, 0.47402233202110866], [0.07024639308886736, 0.051709175599450284, 3.8425398301203484, -1.48204041092722, 2.2518083827353412, 0.27367189775777245], [0.016584003204615817, 0.09516522906221629, -0.35883326580007036, 0.9723014503066452, 2.280449729188276, 0.44537679256768525], [0.0325800635139034, 0.0609692177164234, -4.782145429781113, 1.569933085378904, 0.6722205012827056, 0.3326505337805238], [0.0843351893681241, 0.036890576076379064, 1.5116741026442748, 2.710378692655052, 2.0199716351183405, 0.443032438402243], [0.07643791338482903, 0.009850510832937587, -0.19574322548085332, -1.374099867117221, 2.3514243930391867, 0.4230693606610266], [0.018765390478663012, 0.04305839401345254, 2.0233217125196292, 0.3056784097801257, 2.071667659040255, 0.5186116614590344]]}