{"position": [[11.310975024590192, 0.08481144905090332, 5.6784786757655565], [8.11751844970161, 0.08481144905090332, 4.424365440107741], [6.717144369184499, 0.08481144905090332, -1.7632480848544958], [5.994086644293113, 0.08481144905090332, 0.7642484143200212], [11.10595289134767, 0.08481144905090332, 2.3258292424074973], [8.124441539918774, 0.08481144905090332, 3.840816002159033], [7.722471271857971, 0.08481144905090332, 0.8623262869033299], [9.047499788544268, 0.08481144905090332, -1.4086235377006888], [8.200236052817695, 0.08481144905090332, 7.101224885801397], [9.661305592831319, 0.08481144905090332, 2.303271228025703], [5.943212043564353, 0.08481144905090332, 1.902922544784261], [13.97119353556862, 0.08481144905090332, 2.3626598371950656], [12.619291525258252, 0.08481144905090332, 0.7272895665172716], [7.2495441721440175, 0.08481144905090332, 7.03060846794602]], "number_of_bots": 14, "bot_trajectory": [[0.050943798694152775, 0.07098923825623218, 0.6666316484305235, 2.732167201919121, 1.797237087212232, 0.32910321854607616], [0.09415425606910449, 0.06040295176920357, -2.526824926458058, 1.4780539662613057, 2.8475818433563678, 0.44337318871374964], [0.009055478976450726, 0.09576984381622948, -3.9271990069751683, -4.709559558700931, 2.635822717749241, 0.2624917028296425], [0.05610556654759782, 0.03719648151529363, -4.650256731866555, -2.1820630595264143, 0.06734007804291252, 0.27227268996078974], [0.02562115578224704, 0.058460091255770744, 0.46160951518800175, -0.620482231438938, 3.1021458463846256, 0.3735321989098773], [0.028682621147336697, 0.062117942770037335, -2.5199018362408934, 0.8945045283125974, 0.5102795226425411, 0.3428980901393267], [0.037099085085335326, 0.027062412703610428, -2.921872104301697, -2.0839851869431056, 2.624949408055014, 0.2968721104966982], [0.07750742374992184, 0.014763203065601615, -1.5968435876153997, -4.354935011547124, 1.0352796223161003, 0.5206362987397104], [0.00577069253943534, 0.03528130922328486, -2.444107323341973, 4.154913411954961, 2.282505177285158, 0.4912810656354292], [0.08151914817104872, 0.0490223988367561, -0.9830377833283488, -0.6430402458207329, 0.8891485749644091, 0.32617720647365667], [0.011910340024660371, 0.0429674344181454, -4.701131332595315, -1.0433889290621745, 1.6975030807928333, 0.3473888159183982], [0.0201592183265523, 0.059975413901824356, 3.326850159408953, -0.58365163665137, 0.01886965037347174, 0.3912526530226667], [0.0909584049067687, 0.02876735657528725, 1.9749481490985843, -2.219021907329164, 2.715664847206997, 0.3707080128366239], [0.055287308151420925, 0.04654326425205272, -3.3947992040156505, 4.084296994099584, 0.5497833653640123, 0.35341237332006487]]}