{"position": [[7.28388879779667, 0.11085854470729828, 10.223764829230202], [-0.8081091461408292, 0.11085854470729828, 6.224743188266948], [5.675888767270106, 0.11085854470729828, 8.966412274792262]], "number_of_bots": 3, "bot_trajectory": [[0.06975864291739331, 0.017919063482595476, 3.9118580627808006, 1.2508205695866481, 0.9847766509679429, 0.48094565789645705], [0.04829459256724805, 0.08097799810489989, -4.180139881156698, -2.7482010713766067, 1.119854342115025, 0.44501630867346365], [0.07921047699181291, 0.07571167428525188, 2.3038580322542366, -0.006531984851293471, 0.46031009178933924, 0.5138835467402821]]}