{"position": [[-11.15564959865766, 3.1884233951568604, 0.09579771299310647], [-15.505847239503805, 3.1884233951568604, 4.430986126969685], [-16.327957113228862, 3.1884233951568604, 4.263576834157325], [-9.238334615798191, 3.1884233951568604, 1.8037488451470594], [-17.122465736075277, 3.1884233951568604, -1.2273652281893535]], "number_of_bots": 5, "bot_trajectory": [[0.049837260755780835, 0.07914008222103916, 1.7925668396357963, -3.345814053822079, 0.27861199894439775, 0.3394622609520431], [0.07007739402960725, 0.01031370635005303, -2.5576308012103466, 0.9893743601545002, 1.772691820043548, 0.41652408689819453], [0.08876956725690623, 0.07191355328049584, -3.3797406749354053, 0.8219650673421397, 2.179424611794888, 0.4529229564408247], [0.04172485435111047, 0.010817238697537025, 3.709881822495266, -1.6378629216681262, 1.62201405652507, 0.34978749859765845], [0.05600039791609923, 0.06840346935595079, -4.174249297781822, -4.668976995004539, 2.097351020171188, 0.41298544738640786]]}