{"position": [[5.249906889945931, 0.09139084070920944, 3.3775193442953038], [5.687581977863099, 0.09139084070920944, 2.78678663172198], [3.548809294919674, 0.09139084070920944, -0.12065042383662727], [8.078141240496286, 0.09139084070920944, 5.516932268384631], [8.937772896900144, 0.09139084070920944, -3.740591046992365], [2.8954270239805693, 0.09139084070920944, 2.7511702754722798], [9.99110586605883, 0.09139084070920944, -0.5259588086731575], [0.4365627523904516, 0.09139084070920944, 4.524884891978921], [4.698356154147326, 0.09139084070920944, -2.2582438963262303], [9.327763472080523, 0.09139084070920944, 3.6229240448459725], [8.40585712447348, 0.09139084070920944, -2.8219859974485777], [3.1440700366624235, 0.09139084070920944, -2.0069588513591015], [4.466575764724995, 0.09139084070920944, -3.6040703876019986], [1.9977232216296263, 0.09139084070920944, 3.141667711213409], [6.476526783926809, 0.09139084070920944, 2.043406808184881]], "number_of_bots": 15, "bot_trajectory": [[0.04649006552049366, 0.013680700223687147, 0.16813790038294307, 2.3863514413488316, 2.382904381214111, 0.3633179282707726], [0.07373108558416913, 0.07726298793439179, 0.6058129883001107, 1.7956187287755077, 0.09719636644946095, 0.42584316968557645], [0.034081126076810644, 0.020616383541742424, -1.5329596946433144, -1.1118183267830994, 0.17452842949023753, 0.45244131347817507], [0.07407764912828604, 0.0811019323118485, 2.996372250933298, 4.5257643654381585, 2.049202387534145, 0.3146289402447986], [0.01847643396795078, 0.08642289558665688, 3.8560039073371555, -4.731758949938837, 2.9095554582676644, 0.36040892365461663], [0.08929608107093381, 0.014933994182503763, -2.186341965582419, 1.7600023725258074, 2.2951909464863833, 0.44126817682657904], [0.049282523658150376, 0.08590817408996529, 4.909336876495841, -1.5171267116196296, 2.8797393565441736, 0.392402555475318], [0.005433315207418588, 0.005462925574317201, -4.645206237172537, 3.5337169890324494, 0.6076115103748733, 0.35862466827342565], [0.033848350540888215, 0.03618737631004123, -0.38341283541566185, -3.2494117992727025, 1.0681131769215897, 0.43584381443249276], [0.09331992417487707, 0.033467505263194294, 4.245994482517536, 2.6317561418995004, 0.9700393119387604, 0.2641528077443531], [0.040990874220991756, 0.09731878236146158, 3.3240881349104914, -3.81315390039505, 1.7303419325945322, 0.43422801504759334], [0.0025556218251792996, 0.05666056215692562, -1.937698952900565, -2.9981267543055736, 2.6558391301174273, 0.43143409221658247], [0.09918065004232396, 0.09426970246609948, -0.6151932248379932, -4.595238290548471, 0.06863758776349156, 0.2797178272423146], [0.05517117015740715, 0.06814600096942916, -3.084045767933362, 2.150499808266937, 0.13880418213861082, 0.40722049692278756], [0.0445994386714104, 0.06507073508685561, 1.39475779436382, 1.0522389052384085, 0.1931027659239002, 0.4253013975188029]]}