{"position": [[3.915242568757673, 0.15243077278137207, 1.5662511208351624], [-3.4092489672827995, 0.15243077278137207, -2.041808352584793], [3.1189357349007, 0.15243077278137207, 4.886232218088832], [-0.21447948735503108, 0.15243077278137207, 5.304816777216844], [-4.664029862319745, 0.15243077278137207, 1.6974075473902415], [-4.3902418744655325, 0.15243077278137207, -1.3322096503496912], [-0.6265101701381444, 0.15243077278137207, 5.030741339368094], [-2.8523524649494556, 0.15243077278137207, 4.299068005373799], [-0.93660817211846, 0.15243077278137207, 7.401500781828039], [2.0939800968536852, 0.15243077278137207, 5.401219628842094], [-1.5152220451145744, 0.15243077278137207, 0.8650705292317993], [-3.416727175218071, 0.15243077278137207, 4.5993431671493985], [3.4604416335567336, 0.15243077278137207, -1.1311064661427785], [4.395817211256785, 0.15243077278137207, 1.130845329324731]], "number_of_bots": 14, "bot_trajectory": [[0.02592544000172663, 0.048087682481308944, 4.516478673722883, -1.2183922908011902, 0.5004564562365733, 0.47474947500879605], [0.056164692281174614, 0.08318811896677275, -2.8080128623175895, -4.8264517642211455, 0.07333306072380533, 0.456958788309332], [0.01811993430365464, 0.0882338419708018, 3.72017183986591, 2.101588806452479, 0.26059686406432253, 0.28588782901991555], [0.057418389816201856, 0.0635385874863911, 0.3867566176101789, 2.5201733655804914, 0.1957131131117208, 0.4754734736494043], [0.07916593181922217, 0.015316061611072606, -4.062793757354535, -1.087235864246111, 0.6047937039001934, 0.3974873294693205], [0.04099250246143181, 0.03211291718376891, -3.789005769500322, -4.116853061986044, 2.3131756167222406, 0.4697304923509831], [0.07161979573033586, 0.06556836566747823, -0.0252740651729344, 2.246097927731742, 1.7377308323820257, 0.4584190673797154], [0.06268350447521091, 0.07017358023614048, -2.2511163599842456, 1.5144245937374468, 2.264257052734156, 0.40089190706066685], [0.024864711562373666, 0.07490438876537983, -0.3353720671532501, 4.616857370191687, 1.7732016454572161, 0.3693139766712322], [0.08431185822522766, 0.06348758149018557, 2.695216201818895, 2.6165762172057416, 2.387924301067326, 0.4908684464720605], [0.04182056717108549, 0.03911477504543479, -0.9139859401493644, -1.9195728824045533, 1.213498655186138, 0.4631743657199733], [0.051429926134980465, 0.03635232644783667, -2.815491070252861, 1.8146997555130462, 2.4505285321970653, 0.26813759591872577], [0.048553797054781446, 0.047390511885636255, 4.061677738521944, -3.915749877779131, 2.6185993707665496, 0.4477478191069538], [0.06606985123999229, 0.07870997412363548, 4.997053316221995, -1.6537980823116216, 0.8955934686510909, 0.40162602287455085]]}