{"position": [[-21.520950750665456, 0.05580449104309082, 4.16734682792674], [-21.68037505579959, 0.05580449104309082, 8.435740854454394], [-23.57093643192804, 0.05580449104309082, 6.733219762277548], [-22.017083573943896, 0.05580449104309082, 6.41557118802357], [-25.956165856566468, 0.05580449104309082, 6.006114400306607], [-17.92652458143906, 0.05580449104309082, 0.7489057208396606], [-18.91252169274073, 0.05580449104309082, 8.800101824927003], [-21.465746791410307, 0.05580449104309082, 9.091838357668106], [-24.05780117185552, 0.05580449104309082, 7.782354816546718], [-19.423699058815576, 0.05580449104309082, 7.322047302269986], [-20.13453617356865, 0.05580449104309082, 9.942236994438128]], "number_of_bots": 11, "bot_trajectory": [[0.0399247723100975, 0.017010298182788187, -0.5001129668519777, -0.8705378842924982, 1.7583975018125013, 0.2832485181959047], [0.051268617511614614, 0.03877982638998403, -0.6595372719861126, 3.397856142235156, 2.3004145841169157, 0.4199109742788918], [0.09149464911825078, 0.04370634999922305, -2.550098648114564, 1.6953350500583098, 2.627524560728682, 0.44049782408350485], [0.03873459204692738, 0.09700113361316637, -0.99624579013042, 1.3776864758043317, 1.9308949239891633, 0.28920777838114814], [0.08536972610739131, 0.09930967526516796, -4.935328072752992, 0.9682296880873686, 1.335303169631868, 0.42167755379139493], [0.06973965649444573, 0.042684867524574566, 3.0943132023744138, -4.288978991379578, 2.4792237268357975, 0.36891060031165457], [0.0310921560194961, 0.04850513004086946, 2.108316091072747, 3.762217112707764, 2.934048785645183, 0.4120414029831784], [0.07292306159277753, 0.09014976133563604, -0.44490900759683205, 4.053953645448868, 2.6272137242182847, 0.3188931299748772], [0.09603143787987559, 0.010574583522502679, -3.0369633880420444, 2.7444701043274797, 0.8231589746970339, 0.4375152251147775], [0.08390170970761066, 0.054676229831030945, 1.5971387249979019, 2.284162590050748, 0.821812779355333, 0.3034252537799637], [0.02022208115023417, 0.05906641203470155, 0.886301610244824, 4.904352282218889, 2.1688494952794355, 0.4020147564251034]]}