{"position": [[-13.141289565679042, -0.11859548091888428, -2.3449603390797975], [-21.02686479390456, -0.11859548091888428, -0.8568125078633191], [-19.69956920635798, -0.11859548091888428, 3.326481057070237]], "number_of_bots": 3, "bot_trajectory": [[0.02224423714753606, 0.010653244845089416, 4.407786514643223, -3.705831654082239, 0.7336198264076759, 0.32417555819412247], [0.06721267399295222, 0.09651558542982618, -3.477788713582296, -2.2176838228657605, 1.7186121462691815, 0.2729233503876193], [0.009755517106705348, 0.0889732566540881, -2.1504931260357174, 1.9656097420677954, 0.31985463550267584, 0.27099645085165314]]}