{"position": [[-0.9484022351433459, 0.6625099182128906, -2.297009347864607], [4.597616989762984, 0.6625099182128906, 0.05936145753891253], [0.7197916810389609, 0.6625099182128906, -4.44802655266225], [-0.5206667868316082, 0.6625099182128906, -4.666265171866103], [4.946387842653354, 0.6625099182128906, -6.873354195059239]], "number_of_bots": 5, "bot_trajectory": [[0.0967028636062059, 0.06244938536655388, -3.663804599874181, 1.5606271038565844, 2.7918235796652806, 0.31769620633393314], [0.000930889855040562, 0.07283538944930149, 1.8822146250321492, 3.916997909260104, 2.3365006003397513, 0.4545198991631685], [0.036919860809457195, 0.027290956168491743, -1.995610683691874, -0.5903901009410584, 1.394797050749703, 0.3526903847191573], [0.018477997559833835, 0.02541353709504266, -3.236069151562443, -0.8086287201449116, 1.5627989601786605, 0.28872301489884405], [0.08580515380565105, 0.040999695727229404, 2.230985477922519, -3.0157177433380475, 0.665125655626707, 0.4893096043127307]]}