{"position": [[12.531249397539668, 0.09390240907669067, -3.0798623932574642], [6.0097300347473945, 0.09390240907669067, -1.6001334211926723], [9.490211536679363, 0.09390240907669067, -1.4224888429062479], [13.16454750330675, 0.09390240907669067, -1.770302600328272], [14.104552373808655, 0.09390240907669067, -3.218137696101609], [8.421995001565517, 0.09390240907669067, -3.5844303657349563], [5.267524070216143, 0.09390240907669067, -1.0385753501143329], [12.65739212992775, 0.09390240907669067, -1.2269954608635096], [11.333879358861322, 0.09390240907669067, -0.4204753975903044], [7.476640023084398, 0.09390240907669067, -6.3030246658256885]], "number_of_bots": 10, "bot_trajectory": [[0.08939880279729043, 0.015673131346807458, 2.7471135790582215, 1.1424982177044496, 2.8520385779848056, 0.4173268296465885], [0.04225897916206017, 0.035582614423923145, -3.774405783734051, 2.6222271897692417, 1.6761944434439575, 0.5014409441075579], [0.00818282679445006, 0.015336105296371128, -0.29392428180208263, 2.799871768055666, 1.731518722120943, 0.2875583600933778], [0.08081551089950928, 0.029775845387771636, 3.380411684825304, 2.452058010633642, 2.217294105314447, 0.342720990661181], [0.02204942788536456, 0.035647723596041736, 4.32041655532721, 1.0042229148603055, 0.7096545643032905, 0.40966672823665484], [0.0514278592902679, 0.09785555262989078, -1.3621408169159288, 0.6379302452269575, 2.6501759237476663, 0.3877628776484173], [0.06474220075653983, 0.05146753373876374, -4.516611748265302, 3.183785260847581, 0.40089935090899304, 0.41388773698611314], [0.09726811986750782, 0.07824624732506004, 2.873256311446305, 2.9953651500984044, 1.9553103403994225, 0.36785925017595944], [0.04713108964143646, 7.92398858222021e-05, 1.5497435403798765, 3.8018852133716097, 1.379478293024404, 0.39681520508180557], [0.016993296523524083, 0.021290122414639668, -2.3074957953970476, -2.0806640548637745, 0.9285529723344326, 0.35678006675525176]]}