{"position": [[-2.3582666943947137, 3.1382877826690674, 4.112276856348053], [-5.684509724985056, 3.1382877826690674, -1.43189219713833], [-2.576681259929244, 3.1382877826690674, 5.783289734656056], [-4.782899760716971, 3.1382877826690674, 3.406759452055825], [-2.787119133274798, 3.1382877826690674, 6.2886469678792585], [-2.4377481154867393, 3.1382877826690674, 0.3453010482134582], [-7.330946870551835, 3.1382877826690674, 4.621278183857907], [-9.567294435151442, 3.1382877826690674, 6.7336796801304235], [-10.546096877935483, 3.1382877826690674, 3.792125105847846], [-1.378591752563576, 3.1382877826690674, 3.0534719680946147], [-8.232912706750884, 3.1382877826690674, 5.250617872627558], [-1.1077045258937543, 3.1382877826690674, 3.1655971221689434]], "number_of_bots": 12, "bot_trajectory": [[0.002420145868736323, 0.08481118195874882, 3.268906729372376, 0.9368971032352602, 2.826445448428035, 0.4247299011286987], [0.06617101528275889, 0.038893059664894945, -0.05733630121796618, -4.607271950251123, 1.4154058175845736, 0.2813359984703794], [0.07437910156077514, 0.01690694409843363, 3.0504921638378457, 2.607909981543263, 0.47811519502973693, 0.3301563120353271], [0.0940614643411365, 0.04769311056856788, 0.8442736630501191, 0.23137969894303168, 1.4540398208186, 0.42850915495054454], [0.09592907302213571, 0.09444270627401982, 2.840054290492292, 3.1132672147664655, 0.18293546367006652, 0.3458533185229149], [0.06687347442741028, 0.0900046671370531, 3.1894253082803505, -2.8300787048993348, 1.6725994827698236, 0.42804556765877916], [0.07385204495624788, 0.06876717833221467, -1.7037734467847454, 1.445898430745114, 0.633931456953296, 0.4898774944417875], [0.07094430324036635, 0.061180570703002556, -3.9401210113843534, 3.5582999270176305, 2.2327549031703917, 0.28811240732980975], [0.045540492528666245, 0.05120651049203066, -4.918923454168392, 0.616745352735053, 1.0288580390176192, 0.3546069619703704], [0.080561540835166, 0.0892115977466284, 4.248581671203514, -0.12190778501817823, 2.110636473441794, 0.42341330857548287], [0.06514629283624782, 0.09838693431993448, -2.6057392829837944, 2.075238119514765, 1.0570488280186539, 0.3555392057651262], [0.027523711608727363, 0.023653098487684543, 4.5194688978733355, -0.00978263094384979, 0.8222753478358584, 0.40077700392778537]]}