{"position": [[-8.019553885889476, 0.06446343660354614, -3.3332933176749924], [-1.4732850066808987, 0.06446343660354614, -3.1994483874181316], [-8.06052909659783, 0.06446343660354614, -5.298873099141499], [-8.551635293815607, 0.06446343660354614, -4.612457364277658], [-6.652246506787652, 0.06446343660354614, -6.478909307587844], [-6.2797402208597495, 0.06446343660354614, -2.8427923555350603], [-1.8828495291993472, 0.06446343660354614, -4.241461041482472], [-6.047941473069076, 0.06446343660354614, -6.223341037788928], [-3.40244549336563, 0.06446343660354614, -5.962659332993329], [-8.164786753682767, 0.06446343660354614, 0.5322679595804924], [-6.194351338912796, 0.06446343660354614, -7.592608873072551], [-8.47871455436143, 0.06446343660354614, 1.9049317957061946], [-0.6879827435691839, 0.06446343660354614, -1.1235554128014538], [-4.463395081934708, 0.06446343660354614, -0.3841137290794894], [-6.100047760897461, 0.06446343660354614, -0.8866816685471826], [-8.800280069995026, 0.06446343660354614, -3.72003306106705], [-5.807393753462239, 0.06446343660354614, -2.7193450946802247], [-3.1882363593327465, 0.06446343660354614, -6.802336927834092], [-2.110458029061033, 0.06446343660354614, -7.588360561312826]], "number_of_bots": 19, "bot_trajectory": [[0.05209549229802596, 0.0706157058592903, -3.054166064691967, -0.5207673300498705, 2.6905815262035784, 0.4588158254484221], [0.089296432568421, 0.03353527923541204, 3.492102814516611, -0.38692239979300935, 1.9267685648357964, 0.4129782218108471], [0.0016549894301666757, 0.029523163431128253, -3.0951412754003194, -2.486347111516377, 0.4516567261451096, 0.43395930823735773], [0.09208958060166329, 0.0308269223212173, -3.586247472618098, -1.799931376652536, 2.1253652496002107, 0.47227678214513613], [0.0533811640736893, 0.03684106661094836, -1.6868586855901424, -3.666383319962722, 1.9400157214864886, 0.42739643266360144], [0.016039855562422635, 0.0006433856743914724, -1.3143523996622397, -0.030266367909937975, 0.3754978360283415, 0.41266018070865096], [0.03186075268204005, 0.0056354421566470305, 3.0825382919981625, -1.4289350538573498, 1.2270299872678896, 0.3075852436765104], [0.04733758174113063, 0.02963167412622053, -1.0825536518715662, -3.410815050163806, 2.4306681526594294, 0.4281540299649801], [0.0011260526034736374, 0.08789080702629196, 1.56294232783188, -3.1501333453682068, 1.2957678199272753, 0.3748787095719557], [0.010736720365539886, 0.07806210452844642, -3.199398932485258, 3.3447939472056145, 2.6563727957556837, 0.3109854697836089], [0.010088508728907509, 0.009091185333334717, -1.2289635177152858, -4.780082885447429, 1.370270608401771, 0.3026238633896622], [0.04662768894021122, 0.09346913868092326, -3.5133267331639195, 4.717457783331317, 2.877381418519176, 0.45548654315876985], [0.05270437466124195, 0.05724090222830519, 4.277405077628326, 1.6889705748236683, 1.540482261776359, 0.4283061122405015], [0.00706446776580244, 0.0718134960106144, 0.5019927392628021, 2.4284122585456327, 0.4928537369303046, 0.49319328700891163], [0.09165206426997963, 0.053731729281292426, -1.1346599396999513, 1.9258443190779395, 1.456539028201181, 0.4555000347286158], [0.012036493865815767, 0.05108243514746421, -3.834892248797517, -0.9075070734419277, 0.9317737943767859, 0.33864457217442356], [0.026455134238821666, 0.03864038282034181, -0.8420059322647289, 0.0931808929448974, 3.0520485255361347, 0.26348011222052853], [0.032483214225264914, 0.07164095028061152, 1.7771514618647632, -3.9898109402089696, 0.32342691090376563, 0.3068823419624104], [0.055705564768895745, 0.050372892729044404, 2.8549297921364767, -4.775834573687704, 1.577921616478035, 0.37484187304691424]]}