{"position": [[2.4891240547128763, 0.09860122203826904, 4.57380732565402], [3.404314735756044, 0.09860122203826904, -1.8851740863930424], [2.2592509913500267, 0.09860122203826904, -4.457095017861436], [-5.274799702836373, 0.09860122203826904, 3.5364775347784625], [-5.12446601521461, 0.09860122203826904, 0.6878595674289376], [1.0078741619934368, 0.09860122203826904, -4.200386877686596], [-1.0830413609797678, 0.09860122203826904, -2.6886747537288693]], "number_of_bots": 7, "bot_trajectory": [[0.024626659354008252, 0.07450919156337327, 2.7968030522295084, 4.6700175893235105, 2.7349986143799794, 0.346953859689059], [0.029522468270511082, 0.08387291934763318, 3.711993733272676, -1.7889638227235516, 1.2128140066779383, 0.4863321202084193], [0.0017273002111763858, 0.05043378967237133, 2.566929988866659, -4.360884754191945, 1.0647206293524187, 0.4295895265977554], [0.056923665762010925, 0.07023209718043306, -4.967120705319741, 3.6326877984479533, 1.7091348990761046, 0.42598835972546545], [0.03782987879772433, 0.06996533946111988, -4.816787017697978, 0.7840698310984284, 1.0959978371446308, 0.30964316930996044], [0.040342871221085916, 0.05517646556723589, 1.315553159510069, -4.104176614017105, 2.415592569191673, 0.37757523268319293], [0.020168140644094012, 0.061241944465885004, -0.7753623634631357, -2.5924644900593785, 2.7034269223855985, 0.46605714466791626]]}