{"position": [[-5.242697413334598, 0.21001163125038147, 4.738821319675999], [-6.024209759204112, 0.21001163125038147, 8.928568934716063], [-5.254360270055594, 0.21001163125038147, 7.04333004093327], [-5.7833541226810095, 0.21001163125038147, 3.551346198542465], [0.5888987738064282, 0.21001163125038147, 5.6653125241732525], [-3.0582354273225962, 0.21001163125038147, 8.133952640044441], [0.007449802031844754, 0.21001163125038147, 7.994950983090574], [-0.48699646500021876, 0.21001163125038147, 7.25096598891616], [2.2599771875512946, 0.21001163125038147, 4.472143844523159]], "number_of_bots": 9, "bot_trajectory": [[0.0066161093959801855, 0.09759803879065242, -2.7310385063979528, -2.8209473570818133, 1.512442742975474, 0.3755133480067995], [0.05151639303188669, 0.06537689544274741, -3.5125508522674664, 1.3688002579582503, 1.7084623568111803, 0.4554390215792642], [0.09168879598431148, 0.09741431648873072, -2.742701363118949, -0.5164386358245421, 0.6214745957219852, 0.312070904448297], [0.06287405113345482, 0.09982841825544746, -3.2716952157443635, -4.008422478215348, 1.2806215778337244, 0.48330690291555856], [0.06783861735956971, 0.053498365662045966, 3.1005576807430737, -1.8944561525845605, 0.006171108833453721, 0.28700592860394963], [0.03664775014067021, 0.042864337064507985, -0.5465765203859507, 0.5741839632866286, 1.19376832118185, 0.3107329565793096], [0.050821996218431455, 0.028752553903235577, 2.5191087089684903, 0.4351823063327609, 0.0749639240916157, 0.36501062427416137], [0.05186725214228218, 0.08550546633125064, 2.0246624419364267, -0.30880268784165166, 1.22314025277139, 0.3394130165774785], [0.049627612092722276, 0.09319068409146652, 4.77163609448794, -3.0876248322346536, 2.5385874123286407, 0.31195187650716133]]}