{"position": [[-5.289279364389927, 0.13971614837646484, 2.4178763026118952], [-8.077425240363068, 0.13971614837646484, 4.061489534889737], [-6.822643072182181, 0.13971614837646484, 2.177743944629605], [-2.4711255010184026, 0.13971614837646484, -4.501741918241386], [-3.027071330363128, 0.13971614837646484, -5.244168831002838], [-5.726653412445472, 0.13971614837646484, 0.9861797833647696]], "number_of_bots": 6, "bot_trajectory": [[0.07242932694523462, 0.023204013975805838, 1.4010859500937156, 2.806102632892199, 1.0037258154268673, 0.37437567581142944], [0.07852397026014553, 0.05682931032649226, -1.3870599258794247, 4.449715865170041, 1.7656209566390204, 0.3897955834088916], [0.047620228204068714, 0.023780702923158294, -0.132277757698539, 2.565970274909909, 0.30881839047348525, 0.4256414263102787], [0.031321875451567546, 0.0983915008282963, 4.21923981346524, -4.113515587961082, 0.6400044080673508, 0.36577659474585594], [0.046062259286165995, 0.05760951965686887, 3.6632939841205148, -4.855942500722534, 0.6395180703951291, 0.32459701417403286], [0.00928871545864024, 0.052190528877902785, 0.9637119020381701, 1.3744061136450736, 1.5129479049657402, 0.5123483227904083]]}