{"position": [[-6.685893773810538, 3.0999197959899902, 8.475288606912557], [-3.879955913056854, 3.0999197959899902, 7.240188489592374], [0.16427331574731552, 3.0999197959899902, 6.754851884618785], [-0.7306868238723752, 3.0999197959899902, 7.175922061502107], [-7.528847354527512, 3.0999197959899902, 4.193765357285772], [-2.297710789666888, 3.0999197959899902, 4.465194538263252]], "number_of_bots": 6, "bot_trajectory": [[0.02151837936872869, 0.04778426362130843, -3.2762920854255286, 3.8520462286776924, 1.8342081339835667, 0.3704790422126699], [0.05487352109502526, 0.05211159818362041, -0.47035422467184396, 2.61694611135751, 0.5773951226033887, 0.41163346233266884], [0.012077556222022345, 0.01256241585320259, 3.5738750041323253, 2.1316095063839215, 2.582288516560306, 0.3017605943045294], [0.07037387764509657, 0.045342478741120205, 2.6789148645126346, 2.552679683267244, 2.7234007109731615, 0.4785072955043198], [0.013707598035775958, 0.016780978482431475, -4.119245666142502, -0.4294770209490917, 2.5240187718402813, 0.37398732572338245], [0.07900518432417357, 0.012264494330225972, 1.111890898718122, -0.1580478399716112, 1.119183644418565, 0.4990152112436391]]}