{"position": [[-5.072407208456685, 0.05204606056213379, -15.96000300270914], [-8.772446815704274, 0.05204606056213379, -17.028369273238283], [-1.2457456192715295, 0.05204606056213379, -10.157519625743051]], "number_of_bots": 3, "bot_trajectory": [[0.024747229879088804, 0.0596660586027272, 0.379177130685161, -3.373363598412266, 1.9118102444768499, 0.5131991890711648], [0.0530128453546827, 0.04786330289285016, -3.3208624765624295, -4.441729868941407, 1.3579867076977845, 0.42475129180999854], [0.022347460152609376, 0.005298243967237337, 4.205838719870316, 2.429119778553824, 2.5794343979146213, 0.30323810634316295]]}