{"position": [[1.83422943449056, 3.224043130874634, 1.7996945181413024], [1.9249401901550904, 3.224043130874634, -1.7013240425792289], [-1.666490155422546, 3.224043130874634, 3.3689673527152504], [-4.192515248073379, 3.224043130874634, -1.1293313081657488], [2.5795827655136723, 3.224043130874634, -0.23912266488505995], [4.303813235111161, 3.224043130874634, -1.465579256181371], [4.461082945162682, 3.224043130874634, -2.0607757871907886], [-0.015213352066431707, 3.224043130874634, 3.8975389012492387]], "number_of_bots": 8, "bot_trajectory": [[0.01830352922522278, 0.06488470188353526, 1.525278622866033, 2.049491012982878, 0.7013468668126672, 0.34882660371039453], [0.042755341311474473, 0.06014201339941161, 1.6159893785305635, -1.4515275477376532, 1.5633871070648682, 0.4551636396240848], [0.07162277742665189, 0.04511243509275207, -1.975440967047073, 3.618763847556826, 0.370446114228081, 0.5093444655247433], [0.048227643350001924, 0.0731057212682313, -4.501466059697906, -0.8795348133241732, 0.32179852909089146, 0.41277656100764254], [0.057248120269743366, 0.058231635521151626, 2.2706319538891453, 0.010673829956515668, 2.8094329662169075, 0.32001672264854575], [0.040170625417742, 0.006612178014810166, 3.9948624234866337, -1.2157827613397953, 1.8295772149666425, 0.35516929001880915], [0.05451007031904152, 0.010441717102804716, 4.152132133538155, -1.810979292349213, 1.902968206865155, 0.30379454213778023], [0.020075031454621417, 0.08641203719712212, -0.3241641636909587, 4.147335396090814, 2.5481797879366734, 0.49816872480421864]]}