{"position": [[-4.658542805501128, 0.0818149745464325, -4.437176231891828], [-4.229932042476336, 0.0818149745464325, -4.552329758171646], [3.657215571800162, 0.0818149745464325, -0.8064624164300349], [-1.7458862870148026, 0.0818149745464325, 1.0801386404730706], [1.0126862641062353, 0.0818149745464325, -4.176977348643223], [-1.0528691654113562, 0.0818149745464325, -3.957021666894306], [-2.0786583712498548, 0.0818149745464325, -4.765704842186621], [0.36773089801453906, 0.0818149745464325, -4.512917062557239], [2.338400802180828, 0.0818149745464325, -1.8022966423726983]], "number_of_bots": 9, "bot_trajectory": [[0.08563049462122349, 0.07318479103460739, -4.9574068124972825, -4.2897810979196604, 2.519909729032815, 0.49032354852351445], [0.00809411912980903, 0.039385072717559824, -4.528796049472491, -4.404934624199478, 1.5124479945780742, 0.2681601228161346], [0.09346796186940301, 0.0665233429217703, 3.3583515648040074, -0.6590672824578669, 2.917444479483602, 0.5032519998935849], [0.035954309660312246, 0.05942683433262582, -2.0447502940109574, 1.2275337744452386, 3.037048166322267, 0.4171034175428537], [0.0811454849756362, 0.08711128742223477, 0.7138222571100805, -4.029582214671055, 2.0126654404914737, 0.3266829295885992], [0.006065204051734385, 0.07177349413394654, -1.351733172407511, -3.809626532922138, 2.4112090197738496, 0.28965911199887645], [0.08988443687139511, 0.05405106230137764, -2.3775223782460095, -4.618309708214453, 0.5418316244564279, 0.2930300781555424], [0.0667565821272072, 0.055533565075062095, 0.06886689101838428, -4.365521928585071, 2.943876638409711, 0.4698371283890288], [0.07683139680252363, 0.058345403800748, 2.0395367951846732, -1.6549015084005303, 0.910618971013577, 0.292252803266244]]}