{"position": [[4.235977936712418, 3.3013527393341064, -4.256205716376024], [5.712458470867874, 3.3013527393341064, 3.087048031134252], [1.8524460574341168, 3.3013527393341064, -1.4493114074818303], [3.7951582929919154, 3.3013527393341064, -4.800161930502548], [0.8394376647770248, 3.3013527393341064, -2.8890354243044545], [5.931555286176342, 3.3013527393341064, -2.3428522883702376], [5.995155079578922, 3.3013527393341064, 3.056725167242802], [3.5522719349370364, 3.3013527393341064, 1.8882081512202396], [6.3871785455559245, 3.3013527393341064, 4.622319290508275], [2.1983761602179026, 3.3013527393341064, -2.175246301087764], [7.010301984404169, 3.3013527393341064, -0.11953980907607686], [4.752861873462981, 3.3013527393341064, -1.5154807620381872]], "number_of_bots": 12, "bot_trajectory": [[0.058562387500807354, 0.07095654041587432, 0.6302326211606601, -4.035284229759889, 2.4247388206939804, 0.3163744529462361], [0.07625167284501035, 0.09294448463269137, 2.1067131553161165, 3.3079695177503865, 0.6942710253929717, 0.4620222365520682], [0.003228241906601592, 0.04265766938635803, -1.753299258117641, -1.2283899208656957, 2.188743526447527, 0.4613412179947567], [0.004032829616559231, 0.011044884638144969, 0.18941297744015761, -4.579240443886413, 0.9803986848178424, 0.4133084619407317], [0.03785889481678585, 0.07122379050561004, -2.766307650774733, -2.66811393768832, 2.5530347505561592, 0.4612552133269775], [0.0013311709087825974, 0.01626350733036421, 2.325809970624584, -2.121930801754103, 2.8892404269497107, 0.4986917791685498], [0.09655171215534543, 0.04305170127829185, 2.389409764027164, 3.2776466538589366, 0.42799054211598675, 0.5209463906346826], [0.09280273424033494, 0.002551069054638999, -0.0534733806147214, 2.109129637836374, 0.32853391063460086, 0.4141205347034435], [0.01255948680028902, 0.04102001136563647, 2.7814332300041666, 4.84324077712441, 0.08635488910898888, 0.36061645038869383], [0.06898587836784868, 0.08257345574821992, -1.4073691553338552, -1.9543248144716296, 1.6701589776553114, 0.5159564923856007], [0.07080922528021232, 0.0018041067489528162, 3.404556668852411, 0.10138167754005778, 2.0742022793109607, 0.45317034729040273], [0.03921763690457573, 0.010135237982625356, 1.147116557911223, -1.2945592754220525, 0.10532665206550836, 0.5135806259103457]]}