{"position": [[17.492478748850928, 0.03504997491836548, 5.758946038863271], [21.118459309646582, 0.03504997491836548, 2.720151323955271], [25.90608045379829, 0.03504997491836548, 5.942132652968027], [25.283648363186277, 0.03504997491836548, 1.5332300361172928], [17.051069784494565, 0.03504997491836548, 11.326841225062465]], "number_of_bots": 5, "bot_trajectory": [[0.043731412313674056, 0.08908308549761748, -3.5752893480729018, -0.6570157035378521, 2.536593143948495, 0.2651813676539342], [0.04644485370805497, 0.0037922784665504693, 0.05069121272275212, -3.695810418445852, 3.0825922266100334, 0.47873235004257325], [0.04196370207890724, 0.012147424192665523, 4.838312356874461, -0.47382908943309543, 2.1443336390313807, 0.47675646984431697], [0.09280373896939823, 0.017214545587851182, 4.215880266262449, -4.88273170628383, 2.244344790898716, 0.4728201359219158], [0.07212547008396053, 0.09559677464486463, -4.016698312429261, 4.9108794826613416, 1.171858620718498, 0.28435607663524]]}