{"position": [[0.5308523400766125, 2.8326239585876465, 11.642098757620994], [-1.678060667946692, 2.8326239585876465, 11.212571904042559], [-1.5834180442079742, 2.8326239585876465, 7.690430859972723], [-1.8817146845159964, 2.8326239585876465, 4.153922801101804], [-6.096374454766778, 2.8326239585876465, 9.512598076947377], [-0.37739768732193024, 2.8326239585876465, 10.250502744582512], [-4.222188822914925, 2.8326239585876465, 13.020027141393179], [-8.363193124426603, 2.8326239585876465, 5.0456563117614985], [-2.0263644424376643, 2.8326239585876465, 6.865527333196611], [-2.5976284720724454, 2.8326239585876465, 5.427089693225346], [-8.660720864468468, 2.8326239585876465, 6.840367132501942], [-0.05247161409783008, 2.8326239585876465, 8.0786818873723], [-8.38456846730144, 2.8326239585876465, 6.255724757539515], [-8.089574298272744, 2.8326239585876465, 6.273879575543827], [-2.2199263740192006, 2.8326239585876465, 11.670089217347758], [-3.9723869455938168, 2.8326239585876465, 9.678638270457942], [-5.1589804427069055, 2.8326239585876465, 8.807559929739153]], "number_of_bots": 17, "bot_trajectory": [[0.08133981147337759, 0.0977126100971256, 4.803014777515577, 3.0978520840370094, 0.4225455694413461, 0.4529613054439061], [0.07571479042831666, 0.07296272458145059, 2.594101769492273, 2.6683252304585747, 1.6544234284051385, 0.4342747081600002], [0.0047860045004530114, 0.05282719534768243, 2.6887443932309907, -0.8538158136112606, 2.8592390717204577, 0.4843442187177578], [0.02174454014897117, 0.03523848520233992, 2.3904477529229684, -4.39032387248218, 2.698926629188398, 0.2940075631922518], [0.03900475502320425, 0.029886841121884045, -1.8242120173278131, 0.9683514033633933, 2.1622599961597184, 0.4868467263540501], [0.03456130466903101, 0.021633648709228126, 3.8947647501170346, 1.7062560709985275, 0.2489930827339133, 0.26304573585904306], [0.04775514353950265, 0.05150934101342414, 0.049973614524040366, 4.475780467809194, 2.281471323860484, 0.4194495970406311], [0.0859488519739224, 0.05412230520515746, -4.091030686987638, -3.498590361822486, 1.0946485704707987, 0.265162085163261], [0.09878865173782257, 0.05708633305211643, 2.2457979950013005, -1.6787193403873735, 0.238216281392768, 0.504113194252309], [0.08158130817470642, 0.061698239836179405, 1.6745339653665192, -3.1171569803586383, 1.1897102123955698, 0.4625589713156832], [0.07083912731476669, 0.08998789613911076, -4.388558427029503, -1.7038795410820418, 2.786716403406646, 0.4420387043160052], [0.09037650061102853, 0.0837078377982474, 4.219690823341135, -0.46556478621168407, 2.67861112755499, 0.37725283159707407], [0.046604060349033874, 0.014743140879210437, -4.112406029862475, -2.288521916044469, 1.5352446538077802, 0.45736735817801166], [0.09935056479655546, 0.09895804595131927, -3.81741186083378, -2.270367098040158, 3.035783289399466, 0.3210702709774393], [0.08712845932243005, 0.03434486514573691, 2.0522360634197643, 3.125842543763774, 1.6361886398821643, 0.32338765210673565], [0.019439424786280256, 0.03660660778181958, 0.29977549184514785, 1.1343915968739582, 2.4182240296582944, 0.3146808590867174], [0.038661491541344815, 0.01530425984962781, -0.8868180052679409, 0.26331325615516876, 0.11116352580796988, 0.48177920789889717]]}