{"position": [[-3.6321143734813193, 0.0587802529335022, 8.76368811511681], [-8.805657565046868, 0.0587802529335022, 8.176672252262632], [-4.763212928554138, 0.0587802529335022, 5.296604105247342], [-10.281692562883674, 0.0587802529335022, 8.464337606816105], [-5.81670794745305, 0.0587802529335022, 4.150585142398639], [-6.250774602071984, 0.0587802529335022, 3.7702707345086313], [-4.128175649054517, 0.0587802529335022, 1.1461437934004852], [-9.595276407305672, 0.0587802529335022, 1.8772342367849655], [-5.394033172575397, 0.0587802529335022, 5.628275934660998], [-10.33286169764774, 0.0587802529335022, 0.223374545077752]], "number_of_bots": 10, "bot_trajectory": [[0.01660615328314773, 0.06426189324145906, 3.2549143206715128, 4.688637284275745, 2.8769233621103942, 0.3934655157589996], [0.06428409580657633, 0.008153515892480334, -1.9186288708940369, 4.101621421421568, 0.7216986725152614, 0.3511145700205638], [0.029257266728598786, 0.07090831746705392, 2.1238157655986942, 1.2215532744062774, 0.40132738640899934, 0.3280275028287114], [0.034342340458867894, 0.0820505008007649, -3.3946638687308406, 4.38928677597504, 1.6359918012905315, 0.30372487289875866], [0.0040269524603219085, 0.01653848208674783, 1.0703207466997822, 0.07553431155757462, 1.6697838199702784, 0.2896830754149709], [0.03481625744289725, 0.0021826204253265536, 0.6362540920808479, -0.3047800963324332, 1.3209391625371114, 0.40021847766381746], [0.05561844327725638, 0.013309538958626133, 2.758853045098315, -2.9289070374405792, 0.09791742099042987, 0.4649125123414469], [0.08990673928620913, 0.09329113524655488, -2.708247713152839, -2.197816594056099, 2.0924575385117397, 0.4549948646037568], [0.02995596026264623, 0.056290507204624404, 1.4929955215774349, 1.553225103819933, 2.787495027426883, 0.3630685524324694], [0.01113186341857506, 0.09608812461236312, -3.445833003494908, -3.8516762857633124, 2.1883646186934587, 0.2780758449092082]]}