{"position": [[-7.863455506415495, 0.09793701767921448, 6.8971771900850145], [-7.276207678169935, 0.09793701767921448, 3.5359259155573466], [-3.717656633608218, 0.09793701767921448, 8.813878982425827], [-3.1275978328014284, 0.09793701767921448, 9.02932413204742], [-1.3163101390750098, 0.09793701767921448, 10.56775359552777], [-8.193561574150861, 0.09793701767921448, 4.238282910458271]], "number_of_bots": 6, "bot_trajectory": [[0.05842687330754911, 0.06717218711030806, -1.7187778674079268, -0.42715933869306166, 1.4875972178535393, 0.3933697904329402], [0.0003162458335729368, 0.09235146482630541, -1.1315300391623662, -3.7884106132207296, 1.597570838379624, 0.47738754193583144], [0.09848820562277091, 0.025517961873540728, 2.42702100539935, 1.4895424536477497, 3.0153913657821216, 0.368705175646965], [0.07673477657276284, 0.04396619882465743, 3.01707980620614, 1.7049876032693434, 1.8132920703008173, 0.36671102087713797], [0.04299273333301253, 0.04567182379920076, 4.8283674999325585, 3.243417066749694, 2.8508924189305747, 0.27499235124081417], [0.047598084051518955, 0.04627651161021175, -2.048883935143293, -3.086053618319805, 0.33668817031287224, 0.36795191314799985]]}