{"position": [[-8.21873289216321, 0.15757513046264648, 0.9308252129848942], [-9.201822444347588, 0.15757513046264648, 4.0100716819312625], [-7.412419755874129, 0.15757513046264648, 1.3483104801036543], [-8.025608148671548, 0.15757513046264648, 6.346038918697089], [-11.978028973676725, 0.15757513046264648, 7.906014893761039]], "number_of_bots": 5, "bot_trajectory": [[0.011963356713768348, 0.052990763360989165, 1.7609881771727265, -4.270330449551727, 2.417632509720683, 0.4112399830015617], [0.07050841263085073, 0.06557697802027487, 0.7778986249883502, -1.1910839806053586, 0.2151843178692543, 0.33442625781294005], [0.06443797809722322, 0.08689950195514909, 2.567301313461808, -3.852845182432967, 2.902227801061669, 0.3014450782405256], [0.042884310778568704, 0.017078202089166394, 1.9541129206643892, 1.1448832561604683, 1.9351987601587273, 0.27966249604522686], [0.022697759650202976, 0.04804688453926539, -1.998307904340788, 2.704859231224418, 0.7356047594392343, 0.4204202683853525]]}