{"position": [[2.67462772300384, 0.31622403860092163, 6.395853380774458], [5.311343108618933, 0.31622403860092163, 6.54278050861533], [1.6395469362337418, 0.31622403860092163, 4.3591713246972885], [1.922521524302378, 0.31622403860092163, 7.618654765797668], [-0.31490395048880426, 0.31622403860092163, 11.214351537033448], [4.683470528894995, 0.31622403860092163, 9.272775349422464]], "number_of_bots": 6, "bot_trajectory": [[0.040686517450611595, 0.02467388418968519, -0.6271112544284108, -0.7306200460443901, 0.5700148540206057, 0.30614361947384316], [0.06985691939741284, 0.02425079624295017, 2.009604131186682, -0.5836929182035178, 0.20622121855037234, 0.30965102254026694], [0.031180813469516455, 0.08160884561722798, -1.6621920411985092, -2.767302102121559, 0.0982807017570674, 0.27631108758175094], [0.02314856154033732, 0.07211325670873085, -1.3792174531298729, 0.492181338978821, 1.3671454438921447, 0.2830196321158005], [0.03995228911826674, 0.06901401555734375, -3.6166429279210552, 4.0878781102146, 3.0262157109726395, 0.3681810338030482], [0.09336628577367896, 0.06298286249342497, 1.3817315514627437, 2.146301922603615, 2.265058654841854, 0.28990054354515316]]}