{"position": [[-4.920470742431822, -2.7918436527252197, 2.64288529541622], [0.3054530530135726, -2.7918436527252197, 5.864544769250733], [2.13026871851277, -2.7918436527252197, 7.677715767069876], [-2.355600126659821, -2.7918436527252197, 4.591850561861482], [1.7216104461631154, -2.7918436527252197, 5.17521553537139], [1.7572089841456342, -2.7918436527252197, 5.264020116158386], [-3.5803299997753455, -2.7918436527252197, 6.41847358250287], [1.5276456778448138, -2.7918436527252197, -0.7020503065684505], [-2.8960823000080644, -2.7918436527252197, 8.113287031120848]], "number_of_bots": 9, "bot_trajectory": [[0.07698979071524706, 0.06456098308737146, -4.037697104660215, -0.9813818058716217, 1.7850521953469949, 0.37581248001970996], [0.013490058823596907, 0.059092481007515296, 1.188226690785179, 2.240277667962891, 0.3751896711617006, 0.3146862059866284], [0.06978958557114182, 0.07875809594889124, 3.0130423562843767, 4.053448665782034, 0.7813902376139972, 0.4877312100341556], [0.07174368173742056, 0.032930882240033835, -1.4728264888882148, 0.96758346057364, 0.7842673411461003, 0.264465247632465], [0.052241734902278215, 0.029824793294116247, 2.604384083934722, 1.5509484340835478, 0.1730266951449095, 0.2957065708388396], [0.09537094419249123, 0.007591889656611084, 2.6399826219172406, 1.6397530148705441, 1.3648156519213894, 0.4427378585430458], [0.06053068960886453, 0.04480093265105618, -2.697556362003739, 2.794206481215028, 2.601042056940899, 0.35281212579780097], [0.062110602372172675, 0.036913395710376495, 2.41041931561642, -4.326317407856292, 1.3868838061912971, 0.3596360712323579], [0.06633106060955221, 0.04930865362235445, -2.013308662236458, 4.489019929833007, 1.788851040787979, 0.4470875036383902]]}