{"position": [[-7.4281543967953, -2.3778843879699707, 6.762465974486537], [-8.764033698359391, -2.3778843879699707, 1.2168134641552792], [-2.1940172616154197, -2.3778843879699707, 8.79612325288212], [-7.712821168068307, -2.3778843879699707, 3.0525136397996038], [-8.423820374295133, -2.3778843879699707, 0.28054216117210107], [-4.629552225314695, -2.3778843879699707, 3.9598969849090877], [-4.805900914806726, -2.3778843879699707, 8.572451596511469], [-8.425034507232757, -2.3778843879699707, 3.491613907474593], [-6.350183155235297, -2.3778843879699707, 1.4578016937625544], [-8.033613672656887, -2.3778843879699707, 0.5188276600781023], [-5.094569838358743, -2.3778843879699707, 9.032343657669461], [-7.96724586039554, -2.3778843879699707, 6.081799109911403], [-9.550153349071731, -2.3778843879699707, 1.0452804828571987], [-5.784732851139359, -2.3778843879699707, 7.1386759314068815], [-3.449776039515668, -2.3778843879699707, 4.376418072182924], [-6.896064277912796, -2.3778843879699707, 5.310314462872611], [-7.224329566553147, -2.3778843879699707, 3.574754576181591], [-6.049443997502502, -2.3778843879699707, 5.12843339920515], [-8.716273262298728, -2.3778843879699707, 4.378911725543785]], "number_of_bots": 19, "bot_trajectory": [[0.028891345352670017, 0.026376236249849305, -2.1411637542476925, 1.637915631926723, 2.6675910829531877, 0.4669288221176492], [0.06799359467908445, 0.07211844857080472, -3.4770430558117846, -3.907736878404535, 2.644394434115642, 0.49451644959242147], [0.028465266235278064, 0.08543186131576005, 3.0929733809321878, 3.671572910322306, 1.9747532801490788, 0.2929005181274569], [0.021505684399386372, 0.06311948166398297, -2.4258305255206993, -2.0720367027602107, 1.8043435773193546, 0.4211769522461095], [0.08148109386128424, 0.08003300005467257, -3.1368297317475244, -4.844008181387713, 0.9887735882424435, 0.41700084872769083], [0.041871387304371954, 0.08204681602060891, 0.6574384172329117, -1.1646533576507268, 0.696774017395149, 0.4294342908961366], [0.09072711069286316, 0.07349930728997109, 0.4810897277408821, 3.4479012539516543, 0.46338818874116827, 0.2909975315815857], [0.08668556890409632, 0.07702283027254819, -3.1380438646851494, -1.6329364350852216, 1.5233943730600796, 0.4252486332586016], [0.033343281192429096, 0.07889333362193997, -1.0631925126876896, -3.66674864879726, 0.7636674776140993, 0.268048994411862], [0.0578924098220139, 0.08369680735028004, -2.746623030109281, -4.605722682481712, 0.6180381211625012, 0.2792015536059678], [0.04212887701804839, 0.08386315263047656, 0.1924208041888642, 3.907793315109646, 0.14454812158191585, 0.5013881709446022], [0.0009217740385089157, 0.09661558095813803, -2.6802552178479324, 0.9572487673515884, 3.080680807407966, 0.2799220897202139], [0.06983732479937357, 0.09855566665856455, -4.263162706524123, -4.079269859702616, 1.5868026899905454, 0.5144178460492845], [0.03869158808127451, 0.025183680207591617, -0.49774220859175156, 2.0141255888470666, 1.8609237013376831, 0.41960896417210913], [0.08775560948385, 0.05575988441733955, 1.8372146030319392, -0.7481322703768911, 1.7671896668260527, 0.3875331787819327], [0.09680718574660263, 0.019495793056671096, -1.609073635365188, 0.18576412031279688, 3.0498710764437633, 0.4644029608888183], [0.01617353120492122, 0.04924087613015896, -1.9373389240055394, -1.5497957663782236, 0.674984312164131, 0.3082647574343564], [0.07149550321807299, 0.0664207479576709, -0.7624533549548951, 0.00388305664533517, 2.6434455424498826, 0.3748778149132065], [0.0021210578922207014, 0.0519074524052784, -3.4292826197511195, -0.7456386170160301, 2.0516642483375827, 0.3470203284386951]]}