{"position": [[-4.136019462748818, 0.026827573776245117, 3.161345587643937]], "number_of_bots": 1, "bot_trajectory": [[0.055456874080079224, 0.02212494243623463, 1.3626902159010845, 3.5231635138123787, 3.0723968904392236, 0.468605162648938]]}