{"position": [[3.004938295062848, 0.18381261825561523, -3.2418930130392116], [-0.08417658355654223, 0.18381261825561523, -2.0514994748651842], [-1.9235285920405132, 0.18381261825561523, -1.8997066606620914], [2.591584869443808, 0.18381261825561523, -0.9876099627493291], [0.6455284636275926, 0.18381261825561523, 0.8005509255687442], [2.705695697304561, 0.18381261825561523, -3.0160305553511906], [2.2122582711681584, 0.18381261825561523, 1.5285048265862826], [1.0851692295196813, 0.18381261825561523, -0.18180794158748914], [-1.3297705091133605, 0.18381261825561523, -4.757704665727026]], "number_of_bots": 9, "bot_trajectory": [[0.06973120902874994, 0.011912852424145892, 2.52506681340582, -3.469925229468922, 1.484129941095104, 0.44006445588300525], [0.05884654864610188, 0.017702932430679698, -0.5640480652135704, -2.2795316912948946, 2.8057757105437897, 0.3825528038395131], [0.0180276204376447, 0.043016912309584265, -2.4034000736975414, -2.1277388770918018, 0.4931099943866912, 0.42734581413895134], [0.09632044441700491, 0.06863666191851142, 2.11171338778678, -1.2156421791790395, 1.646338074278246, 0.33663699604668507], [0.08946412752946972, 0.018415004964979286, 0.16565698197056444, 0.5725187091390338, 2.3903231824974562, 0.3621144626454436], [0.06837645965782503, 0.06341690579000027, 2.225824215647533, -3.244062771780901, 2.372283380007856, 0.29866081137790507], [0.08611147697355707, 0.047879094901311245, 1.73238678951113, 1.3004726101565722, 1.298458449779669, 0.38486957499984437], [0.06661302345276351, 0.06763966017809986, 0.6052977478626531, -0.40984015801719953, 1.692693552256506, 0.4527143499486518], [0.0014455521047877173, 0.03235616248489853, -1.8096419907703887, -4.985736882156736, 1.8062253385480247, 0.26282294282468094]]}