{"position": [[-5.249695066029231, 0.029581308364868164, -11.066157441176294], [-5.538707886362227, 0.029581308364868164, -11.0258220278661], [-1.7829120131158085, 0.029581308364868164, -5.632640119960724], [-8.981897142836395, 0.029581308364868164, -14.3796341855988], [-11.218424413015581, 0.029581308364868164, -13.499324575200054], [-5.32382320557536, 0.029581308364868164, -6.438807635887637], [-4.313482359695426, 0.029581308364868164, -15.372303323039358], [-10.917364226393985, 0.029581308364868164, -6.688572550212814], [-4.675302502705379, 0.029581308364868164, -13.577487675004482]], "number_of_bots": 9, "bot_trajectory": [[0.04054878134149914, 0.05248465388812749, 1.0044162239487964, -0.6559420633686774, 2.16336459653197, 0.2703559412738154], [0.08773379473948581, 0.07309798888937405, 0.7154034036158008, -0.6156066500584834, 1.3532712721668665, 0.29049937199019216], [0.04340077885449352, 0.07947873915550382, 4.471199276862219, 4.777575257846893, 0.713349763879838, 0.42142164397261606], [0.08577079022497966, 0.01199461467241636, -2.7277858528583687, -3.969418807791183, 0.8499484339360351, 0.26282036854708435], [0.014926535295465993, 0.08601504219888631, -4.964313123037554, -3.0891091973924367, 0.7897565252252584, 0.48268795436399603], [0.020679172141551506, 0.05235635791841684, 0.9302880844026673, 3.97140774191998, 2.6890196637317723, 0.4723949466245991], [0.08797711669094675, 0.0522241656322299, 1.9406289302826019, -4.962087945231741, 0.08328401641814309, 0.2886318695395685], [0.06489549662899614, 0.06672589175353802, -4.663252936415958, 3.7216428275948035, 0.37704004556525433, 0.33126777736026447], [0.05763019344987926, 0.013866655593243904, 1.5788087872726486, -3.167272297196865, 2.569112400199767, 0.34365201978538873]]}