{"position": [[1.1738191779705405, 0.08742121607065201, 4.458066801236956], [2.7437503853874343, 0.08742121607065201, 8.231558828274876], [0.9296470047801659, 0.08742121607065201, 8.632221104127918], [4.34587915945652, 0.08742121607065201, 2.5209692011016718], [2.238198260245325, 0.08742121607065201, 9.314002345280889], [-4.384040783123171, 0.08742121607065201, -0.034871503621523026]], "number_of_bots": 6, "bot_trajectory": [[0.02818406584599801, 0.07082215748583781, 1.81582688652004, -0.2612344225179264, 0.6563659994368268, 0.523551003281381], [0.06772288175377471, 0.09869832876976359, 3.385758093936934, 3.5122576045199927, 1.490881430470021, 0.3835978525946564], [0.053759431160949264, 0.04802035518475724, 1.5716547133296654, 3.9129198803730345, 1.8429185690675185, 0.5174177716423232], [0.09172726678506957, 0.0985391202646482, 4.9878868680060195, -2.198332022653211, 1.9001918859780804, 0.4258908457332354], [0.050374882256712696, 0.0200581546244173, 2.8802059687948245, 4.594701121526006, 2.3007669729640994, 0.2810320941493771], [0.043582439691502564, 0.07535775953565663, -3.742033074573672, -4.754172727376406, 1.3798355248530516, 0.41096455079684635]]}