{"position": [[3.974127209257695, 2.713002920150757, 1.1509820241648763], [9.00682739041564, 2.713002920150757, 7.0993803804319136], [9.266768475377017, 2.713002920150757, -0.4263956346656457], [3.4822132839799513, 2.713002920150757, 1.9169988958131814], [5.129748893223102, 2.713002920150757, 4.429005522190063]], "number_of_bots": 5, "bot_trajectory": [[0.007811960870642209, 0.06336618108335365, -2.30330284826794, -1.7534245233815104, 1.0036517128179638, 0.3496386577472788], [0.06985986562516193, 0.07603729446461084, 2.7293973328900067, 4.194973832885527, 2.1618951585210096, 0.48224792941304867], [0.06821069334378203, 0.09271614977968154, 2.989338417851383, -3.3308021822120324, 2.3327616137553737, 0.3627975858110233], [0.06462687274830305, 0.0038990842824169537, -2.7952167735456834, -0.9874076517332053, 1.0330480034586083, 0.41315858938631755], [0.07118186087060038, 0.09281496234315392, -1.147681164302533, 1.524598974643676, 1.7934108060125482, 0.2799579536357947]]}