{"position": [[-0.5979987978935242, 0.10629677772521973, -1.9300975799560547], [1.402001142501831, 0.10629677772521973, -2.1800975799560547], [2.402001142501831, 0.10629677772521973, -2.1800975799560547], [1.902001142501831, 0.10629677772521973, -2.1800975799560547], [-0.09799879789352417, 0.10629677772521973, -1.9300975799560547], [2.902001142501831, 0.10629677772521973, -2.9300975799560547]], "number_of_bots": 1, "bot_trajectory": [[0.058975467030279095, 0.006928225140123745, -0.5979987978935242, -1.9300975799560547, 2.383129337249748, 0.33044272865764274]]}