{"position": [[9.863325659037455, 0.1585526466369629, -0.7854952705996185], [8.36632134474283, 0.1585526466369629, 4.483049058938882], [6.742838822607187, 0.1585526466369629, -4.390689496508517], [5.492293311174448, 0.1585526466369629, -2.3849020496958615], [3.513568403796098, 0.1585526466369629, -3.9875007344502817], [11.03202275812906, 0.1585526466369629, -3.6883536604762464], [8.741285328079787, 0.1585526466369629, 1.6113735051005442], [4.934897246102786, 0.1585526466369629, -1.8309276987043042], [6.978021464082878, 0.1585526466369629, 4.236423019512802], [7.886314404518593, 0.1585526466369629, -0.9798371540288229], [6.3831835982455996, 0.1585526466369629, -2.0979738110926505], [9.659909587875156, 0.1585526466369629, 0.8134376540219492], [4.365457112753211, 0.1585526466369629, 2.9914647509760277]], "number_of_bots": 13, "bot_trajectory": [[0.06473618880397676, 0.03625247345027649, 1.9294391310223191, -0.5352233244078308, 2.793094078243921, 0.44971617806319464], [0.017962518346973256, 0.050683328584388766, 0.4324348167276937, 4.733321005130669, 0.9709646686284987, 0.36760301278979524], [0.06342318499076631, 0.0284705975404287, -1.1910477054079505, -4.140417550316729, 2.289017315754374, 0.4269571977346315], [0.07740870927430733, 0.01710777011109881, -2.4415932168406886, -2.134630103504074, 0.9910176187439802, 0.3674143357238044], [0.01974019644953069, 0.05277107605734362, -4.420318124219039, -3.737228788258494, 2.026067350773673, 0.3019513289745644], [0.016525555020227754, 0.07298658674516212, 3.0981362301139237, -3.4380817142844586, 2.005726878926244, 0.5222574069021793], [0.061318521235866494, 0.09553934190567885, 0.8073988000646504, 1.861645451292332, 0.6323827850846115, 0.40906570341991383], [0.09778325424067993, 0.07404444718845568, -2.998989281912351, -1.5806557525125164, 1.2503655799930649, 0.4718636996420663], [0.08606075254576478, 0.08581571276395474, -0.9558650639322586, 4.48669496570459, 1.8547348934231447, 0.29168000274883843], [0.008011551268330808, 0.04375509572340749, -0.04757212349654316, -0.7295652078370352, 0.9278480443157181, 0.3258528580117378], [0.03767099096794428, 0.09610919557847024, -1.5507029297695374, -1.8477018649008625, 0.7680687377435647, 0.46813795257715174], [0.09219738766501565, 0.07310958881481583, 1.726023059860018, 1.063709600213737, 1.4900398248803697, 0.41226965651788533], [0.002618254143367793, 0.08745797871131379, -3.5684294152619254, 3.2417366971678154, 0.8188237526365991, 0.3035578792216129]]}