{"position": [[1.5835411742726748, 0.08519387245178223, -0.8790962259948678], [-3.145536766838447, 0.08519387245178223, 1.5311718715493459], [-1.0591566603315667, 0.08519387245178223, -2.3098416792891463], [-7.180498229637442, 0.08519387245178223, -0.16189301950677848], [2.4849408102734447, 0.08519387245178223, 5.803982489078889], [-1.3397561061564218, 0.08519387245178223, -0.8467304821645807], [-6.278391338211479, 0.08519387245178223, -2.33543965026361], [-6.764020860709362, 0.08519387245178223, 2.447549449253835], [-7.159707861445202, 0.08519387245178223, -2.6133486106481962], [-6.481364207859251, 0.08519387245178223, 5.452350121442917], [2.4027291450436676, 0.08519387245178223, 3.0766312792635064], [0.3014786700782759, 0.08519387245178223, -0.8960655497338235]], "number_of_bots": 12, "bot_trajectory": [[0.0586346905574201, 0.0420967627390932, 3.8523912623921817, -3.0685205023467965, 0.27805075290734926, 0.397814098174486], [0.04204517835071383, 0.09416421872615548, -0.8766866787189398, -0.6582524048025828, 1.1722760784477777, 0.38879930728597845], [0.05501796796243835, 0.09703360504147532, 1.20969342778794, -4.499265955641075, 0.9458062855460745, 0.3065158015249533], [0.020589083051806623, 0.0380342826697294, -4.911648141517936, -2.351317295858707, 0.3502724141580889, 0.36689730502984613], [0.08819476237119724, 0.03818228620177908, 4.7537908983929515, 3.61455821272696, 2.8325557024391284, 0.42099984959623504], [0.0056559975256588735, 0.06223731130343193, 0.929093981963085, -3.0361547585165094, 2.374959115168132, 0.32484226950717565], [0.06326010143007858, 0.02054593763380146, -4.0095412500919725, -4.524863926615539, 3.122807015780453, 0.4351728552724362], [0.08597465776287046, 0.07527473427362534, -4.495170772589855, 0.2581251729019063, 3.12322355519188, 0.46089801920429185], [0.03261429343540247, 0.08093085062003873, -4.8908577733256955, -4.802772887000125, 0.5808363068412022, 0.28350635832697446], [0.03987312498975265, 0.083758982622225, -4.212514119739744, 3.2629258450909884, 2.7807554821404787, 0.4881010895021214], [0.0598697053790868, 0.06902294116901078, 4.6715792331631745, 0.8872070029115775, 2.9521441867417106, 0.3340789830593148], [0.06154282765414528, 0.012589716980843779, 2.5703287581977827, -3.085489826085752, 1.5361626301359086, 0.301620295347098]]}