{"position": [[-0.8908521602842638, -0.08021332323551178, 14.025891171939415], [-3.180009700724961, -0.08021332323551178, 12.983099311292749], [-1.984930209785998, -0.08021332323551178, 15.855504836088667], [-5.9447742027241794, -0.08021332323551178, 12.229003391820724], [2.059345762083238, -0.08021332323551178, 9.744561016703829], [-4.562839446868642, -0.08021332323551178, 8.661775728622835], [-7.772852152799043, -0.08021332323551178, 14.194956451659776], [0.6355537817474586, -0.08021332323551178, 8.595914102644262], [-7.848082469595381, -0.08021332323551178, 15.290892223407525], [-3.4438060590094413, -0.08021332323551178, 8.95060594163222], [0.09215315958027936, -0.08021332323551178, 16.041552563645986], [-0.15823292482965545, -0.08021332323551178, 12.947475394848697], [-7.348194794632741, -0.08021332323551178, 10.96680615276205], [-2.4465840700108004, -0.08021332323551178, 11.809666875826666], [-7.609520058628078, -0.08021332323551178, 14.721904251329315], [-0.8829424780458286, -0.08021332323551178, 13.189352359805065], [-7.595544787131246, -0.08021332323551178, 14.319612570899626], [-5.527979708363365, -0.08021332323551178, 14.834478925653862], [-5.179219228380575, -0.08021332323551178, 7.3885819471483005]], "number_of_bots": 19, "bot_trajectory": [[0.05294859394368663, 0.07961209098293712, 2.010528855493324, 1.9841736426425405, 1.231112612795327, 0.33131584516789725], [0.09874559480931916, 0.03125407763455227, -0.2786286849473729, 0.9413817819958747, 0.27595095978236567, 0.4133793598542118], [0.0594425283830304, 0.08349630274196429, 0.9164508059915899, 3.8137873067917907, 2.142302830551254, 0.4391904174350667], [0.058892721585028084, 0.008210534917480462, -3.0433931869465916, 0.18728586252384827, 3.1224723206872897, 0.2821938075458892], [0.07261081298463355, 0.06517657659010764, 4.960726777860826, -2.297156512593046, 2.4722284396793435, 0.39181872920009075], [0.03746777291220989, 0.06048579163598934, -1.661458431091054, -3.3799418006740387, 2.2380009302912156, 0.3455725245489686], [0.06151257762044714, 0.0938977994445358, -4.871471137021455, 2.153238922362901, 2.106741297528916, 0.3148849842296395], [0.06084322114102124, 0.05920718799288812, 3.5369347975250465, -3.445803426652614, 1.4624866037832844, 0.4841609389434992], [0.026341464599084107, 0.07853784260189677, -4.946701453817793, 3.249174694110649, 2.5161389203658966, 0.3955156713755213], [0.04520752547044301, 0.03697729360012516, -0.5424250432318534, -3.0911115876646544, 2.9827137513112802, 0.4675945510126272], [0.038771061051044775, 0.08954500556762086, 2.9935341753578673, 3.9998350343491107, 0.35753508329395267, 0.2668237552783724], [0.09265567452423697, 0.08903934065433573, 2.7431480909479324, 0.9057578655518217, 2.9492416489309314, 0.3349691960924192], [0.03397553206441054, 0.003996274110993325, -4.446813778855153, -1.074911376534825, 0.6704987272363971, 0.46714100128297575], [0.057263399280318275, 0.08411833269510756, 0.45479694576678775, -0.23205065347020937, 2.2372717766006667, 0.509493325712426], [0.025818197528821984, 0.030518943957537993, -4.70813904285049, 2.6801867220324405, 3.1170757340679125, 0.37164247353866947], [0.05733457139531487, 0.022835202376355012, 2.0184385377317593, 1.1476348305081907, 2.9855270574532167, 0.297181962694911], [0.006982400659789101, 0.011414524613651444, -4.694163771353658, 2.2778950416027497, 2.0767576330333, 0.34340054273753956], [0.09211352971637952, 0.06395055793021259, -2.6265986925857767, 2.7927613963569877, 0.7196912463873113, 0.3653262058402898], [0.057419455246714005, 0.08405275360264151, -2.2778382126029872, -4.6531355821485745, 1.1981970441467906, 0.43821391606968696]]}