{"position": [[10.208552469745678, 0.14281749725341797, 0.12070418123775006], [13.329479810670017, 0.14281749725341797, -3.4002871381326356], [10.389768612663396, 0.14281749725341797, -7.189445919492795], [6.789754232789459, 0.14281749725341797, 1.994342575524911], [7.5437049707389905, 0.14281749725341797, -2.7241035571529824], [11.646053337140557, 0.14281749725341797, -2.1538750129561546], [12.228857022628963, 0.14281749725341797, -6.185534520383397], [10.459029139803345, 0.14281749725341797, 1.6810405037560363], [9.545767500570548, 0.14281749725341797, -2.1257029723162635], [7.298334047832718, 0.14281749725341797, -5.904486538982847], [11.08487530453647, 0.14281749725341797, 0.5137255468829229], [9.716088091615648, 0.14281749725341797, -6.43201840093338], [9.243416015931686, 0.14281749725341797, -6.147560694380145], [8.991923191762151, 0.14281749725341797, -5.357948111435675]], "number_of_bots": 14, "bot_trajectory": [[0.01820660792741975, 0.056447300198801655, 1.178153147235912, 2.697981841607623, 1.9455687532622323, 0.5033949710102559], [0.04254113047626151, 0.01815021222461105, 4.299080488160252, -0.8230094777627628, 2.742829659426876, 0.3193641824551475], [0.07643585670038586, 0.08821902825715308, 1.3593692901536303, -4.612168259122922, 3.12082099072809, 0.4990426259022367], [0.049710657310364906, 0.08277615123957946, -2.2406450897203065, 4.571620235894784, 1.519598280358724, 0.43217469872214653], [0.08527521115282413, 0.02342529940876864, -1.4866943517707754, -0.1468258967831093, 0.23768008834298376, 0.30580870079220934], [0.06431430699983734, 0.03624082118453757, 2.615654014630792, 0.4234026474137187, 0.21131179907549955, 0.2870933914437429], [0.028645686905133638, 0.028295409657551996, 3.198457700119197, -3.6082568600135243, 3.029759676233612, 0.2855063557884062], [0.0036500484656901144, 0.06093957514519199, 1.4286298172935796, 4.258318164125909, 2.265107806707681, 0.4030898646843909], [0.017220499051067296, 0.016509611078484088, 0.5153681780607822, 0.4515746880536098, 2.29770947504557, 0.33732794239692704], [0.042471763340615795, 0.08721265903868551, -1.7320652746770482, -3.327208878612974, 0.47494817072946344, 0.39994373846091946], [0.08460058780439265, 0.00328728452398247, 2.0544759820267036, 3.091003207252796, 1.7713041799308875, 0.493928763762843], [0.07166784602740749, 0.058714301463645445, 0.6856887691058822, -3.854740740563507, 0.4805181279191217, 0.5021331794629098], [0.03563061586537687, 0.06336278905737111, 0.2130166934219202, -3.570283034010272, 1.6681725852500882, 0.505028332221763], [0.015953987362398524, 0.06844627620905058, -0.03847613074761558, -2.7806704510658022, 1.4680167087889082, 0.38092531628765647]]}