{"position": [[-0.9751863076267624, 2.8815829753875732, 8.460091642966585], [0.6480339104290895, 2.8815829753875732, 0.8216518445281387], [-3.444816720230108, 2.8815829753875732, 1.9855816021047192], [0.6083078479814781, 2.8815829753875732, 8.502954717679255], [-1.8954634898400604, 2.8815829753875732, 0.3275919325680636], [4.889938031578735, 2.8815829753875732, 6.606464108852222], [-0.9672512731794385, 2.8815829753875732, 5.8698688195343856], [4.882795504501188, 2.8815829753875732, 6.4898088098377595], [-1.448160321007033, 2.8815829753875732, 4.697172190207807], [-2.048097176043637, 2.8815829753875732, 7.754279069031894]], "number_of_bots": 10, "bot_trajectory": [[0.06241928719147714, 0.027794157335546278, -1.255053837495842, 4.371200136771517, 2.52372116602825, 0.49239867300098017], [0.07311387856342491, 0.03817476473875155, 0.36816638056000994, -3.2672396616669297, 0.41407335867172934, 0.5077907664908433], [0.015485784934841273, 0.07814008978364687, -3.7246842500991875, -2.103309904090349, 3.0322206299165053, 0.26600009842380806], [0.07965255291715387, 0.030407350635202578, 0.3284403181123985, 4.414063211484187, 1.1195720403419953, 0.4561698560894886], [0.03973240992095978, 0.0948710481644405, -2.17533101970914, -3.7612995736270047, 1.1605267106288326, 0.3211389706368855], [0.024387318593389273, 0.013174695556780646, 4.6100705017096555, 2.5175726026571543, 0.9497455255106452, 0.4874962291451394], [0.03781560121759314, 0.07471809672177679, -1.247118803048518, 1.780977313339317, 0.9259767471589855, 0.33903155969055054], [0.03566721815072754, 0.015555488394609195, 4.602927974632109, 2.400917303642691, 1.1793520372223252, 0.2759416024843117], [0.05137697554280436, 0.07725775778017882, -1.7280278508761127, 0.6082806840127386, 1.0489550370781822, 0.33550363979717507], [0.030577399202847876, 0.06550948854171348, -2.3279647059127164, 3.665387562836826, 1.2685953947515498, 0.46524345521224963]]}