{"position": [[-5.103127043031069, -2.5822951793670654, -10.707193744656752], [-4.024759955007928, -2.5822951793670654, -1.6418767231738354], [-0.8486233696155796, -2.5822951793670654, -10.923542953831976], [-5.945893513932171, -2.5822951793670654, -8.052210646672494], [-2.3057685903751044, -2.5822951793670654, -5.864019780998798], [-0.6214769676522156, -2.5822951793670654, -8.550244302740804], [-4.464212373432709, -2.5822951793670654, -8.755417098938091], [-5.180510412955882, -2.5822951793670654, -9.89047132688389], [-4.507371777046791, -2.5822951793670654, -1.4886687163805963], [0.8813094099361622, -2.5822951793670654, -1.3697447694719598], [2.7400521858321643, -2.5822951793670654, -5.411039044755418], [-4.850421834276212, -2.5822951793670654, -9.131230225536486], [1.8004125422699646, -2.5822951793670654, -3.2714294768195926]], "number_of_bots": 13, "bot_trajectory": [[0.01175912605315923, 0.021427370800616075, -3.668286840699526, -4.447870147702408, 1.752038875401361, 0.5192636347427477], [0.0996687702590578, 0.004358839318411278, -2.5899197526763853, 4.61744687378051, 2.412913914818764, 0.34718675327788984], [0.08380825935682955, 0.005391903466037751, 0.5862168327159634, -4.664219356877632, 2.050153190297518, 0.3490923420450792], [0.06240395911945744, 0.03749258242396569, -4.511053311600628, -1.7928870497181482, 1.206021339694665, 0.39295723916734754], [0.03509939949030703, 0.09830165962754936, -0.8709283880435614, 0.39530381595554775, 0.5410438872275319, 0.34763920979498547], [0.023170564013588257, 0.0885942068289359, 0.8133632346793274, -2.290920705786459, 1.2266887255131675, 0.438361286047791], [0.0941322038268147, 0.09745753668966887, -3.0293721711011656, -2.496093501983745, 0.2944368768670857, 0.37010824484002947], [0.08076276341794916, 0.08360137636167106, -3.745670210624339, -3.631147729929544, 2.3925337544157226, 0.3537836677556106], [0.06391651200887641, 0.08475099080974154, -3.0725315747152484, 4.770654880573749, 1.4484528547865445, 0.3719846683531759], [0.0813819653797029, 0.061688658150299405, 2.316149612267705, 4.889578827482386, 0.18429860241571602, 0.48897503388458996], [0.0009358654196104377, 0.012143117932239333, 4.174892388163707, 0.848284552198928, 1.4034237800629128, 0.37732963265940866], [0.011408315064266372, 0.060879773933982625, -3.4155816319446695, -2.87190662858214, 0.24660646289529795, 0.5074194704535251], [0.09535006839637285, 0.08701816798218795, 3.2352527446015076, 2.987894120134753, 0.34872458566987186, 0.5054174433250614]]}