{"position": [[6.485719500441207, 0.6077085733413696, 6.337281108045948], [4.183856638339973, 0.6077085733413696, 4.061548360929325], [6.304282752898692, 0.6077085733413696, 0.4786323873794993], [0.11376188526710629, 0.6077085733413696, 5.208547939381719], [-3.342534727020631, 0.6077085733413696, 3.22283759002158], [6.173175979778842, 0.6077085733413696, 1.7075379374629707], [-1.7194071253877996, 0.6077085733413696, 4.2751345005614985]], "number_of_bots": 7, "bot_trajectory": [[0.05079130001694213, 0.04799492049355854, 4.976860104460372, 2.0219787360671884, 1.770188394739918, 0.4285060391639568], [0.08484453770634871, 0.09870207074888691, 2.6749972423591384, -0.2537540110494352, 2.7843262924776475, 0.26572980694662013], [0.04859268853163658, 0.02139140552651625, 4.7954233569178575, -3.8366699845992605, 1.1245712863584068, 0.28637250990139657], [0.02596505046658164, 0.08274189018348121, -1.3950975107137287, 0.8932455674029594, 2.356129447176547, 0.28690250309000903], [0.03169857526505632, 0.0025466622656539427, -4.851394123001466, -1.0924647819571798, 2.7189643762664053, 0.41752215904830414], [0.06795007810512385, 0.00900093217033825, 4.664316583798007, -2.607764434515789, 1.8970921250107087, 0.38195826923220144], [0.0031047442388689173, 0.0678002938095713, -3.2282665213686346, -0.040167871417261525, 3.08162579386534, 0.40417073486674043]]}