{"position": [[3.177964427642763, -2.7701921463012695, -4.5248768946355264], [11.451110653087031, -2.7701921463012695, -1.8619516877916258], [1.9902851506310943, -2.7701921463012695, -8.429210147978615], [11.241958656245904, -2.7701921463012695, 0.440493758860363]], "number_of_bots": 4, "bot_trajectory": [[0.081175425431067, 0.04123811995510427, -3.4885804866028423, -0.1990979334538856, 0.0019299977003022044, 0.31292601383783064], [0.035265744497806485, 0.06544778110279985, 4.784565738841426, 2.463827273390015, 2.9977297084447447, 0.298394572223962], [0.08564500398530733, 0.029753159300305698, -4.676259763614511, -4.103431186796974, 0.16919792542522, 0.443235071608734], [0.083262024519017, 0.05666250793805226, 4.575413742000299, 4.766272720042004, 2.307647030005472, 0.44106139540545825]]}