{"position": [[-7.068760895058674, 0.12344938516616821, -0.6540072819394167], [1.1625771123407125, 0.12344938516616821, -0.18300989624151143], [-0.5390816296185319, 0.12344938516616821, -2.0317641931987396], [-7.187713291889528, 0.12344938516616821, -1.7319199085957804], [1.4164038941316228, 0.12344938516616821, -1.396008814993602], [-1.222959036588748, 0.12344938516616821, -0.432964294956931], [1.95534214739423, 0.12344938516616821, -9.123560374706386], [0.5241986510054395, 0.12344938516616821, -1.4052022368407733], [-5.09104840406239, 0.12344938516616821, -3.7155316310512574], [-0.5759602671084396, 0.12344938516616821, -3.194955085865274], [-1.0471185234305982, 0.12344938516616821, -7.966345407352767], [-4.58151419907077, 0.12344938516616821, -9.56236167581936], [-4.325169901490072, 0.12344938516616821, -0.76969837690348], [-0.9628475003087225, 0.12344938516616821, -3.483060069137289], [-5.607130172593324, 0.12344938516616821, -7.926511008751704], [-6.952994505643274, 0.12344938516616821, -5.47698286818152], [-3.3223053830303133, 0.12344938516616821, -4.4910142135050455], [-3.9750299381690635, 0.12344938516616821, -4.9012572858265235]], "number_of_bots": 18, "bot_trajectory": [[0.06752215798961451, 0.013195747108932954, -4.0298135512323805, 4.244136963208288, 2.4032197483624986, 0.30696896078959346], [0.059954421624716224, 0.01779320943747307, 4.201524456167006, 4.715134348906194, 1.087675435801535, 0.49010282146143114], [0.07104960878858059, 0.014779631832542283, 2.499865714207762, 2.8663800519489655, 2.58424840381107, 0.28806196939828493], [0.039310707331718056, 0.03877979901122595, -4.148765948063234, 3.1662243365519247, 2.9977319986375286, 0.42762878503966884], [0.08624744582903685, 0.0628315255805305, 4.455351237957917, 3.502135430154103, 0.4116619002955305, 0.49569301103721225], [0.02140686937510341, 0.07248644310679968, 1.815988307237546, 4.465179950190774, 0.7949792321413696, 0.46306158500151884], [0.048476322350491305, 0.0284010992901921, 4.994289491220524, -4.225416129558682, 2.94981616123549, 0.2636257861590578], [0.0305052840965236, 0.08173718774818788, 3.5631459948317334, 3.492942008306932, 1.748004829305549, 0.4786569960445998], [0.04077337814822522, 0.03740346529279687, -2.0521010602360956, 1.1826126140964477, 1.858431435310303, 0.40954599190687585], [0.008174973102925887, 0.02694689123308791, 2.4629870767178543, 1.703189159282431, 1.0065475684875278, 0.4711171421295119], [0.019054215389966656, 0.062156278947937, 1.9918288203956958, -3.068201162205062, 2.582611209002901, 0.3837683260700191], [0.05386776817678549, 0.027776455960199765, -1.542566855244476, -4.664217430671655, 0.471331428892453, 0.4807466616686975], [0.01261487524248348, 0.03195074386037615, -1.2862225576637776, 4.128445868244225, 1.2376441816754846, 0.34675086738394634], [0.010527140280998515, 0.030376768914454722, 2.0760998435175715, 1.415084176010416, 3.0964334464782928, 0.39206782670425544], [0.07469073603610336, 0.04694781891769321, -2.5681828287670303, -3.028366763603999, 1.2946113842841747, 0.42347549776570603], [0.04459176074193617, 0.08776157253529965, -3.9140471618169803, -0.578838623033815, 2.6899964965909304, 0.3345252294692359], [0.041820697401845984, 0.029988476809466334, -0.28335803920401914, 0.4071300316426596, 2.4335550558332444, 0.4533691213044022], [0.0560215625318928, 0.03830250741990303, -0.9360825943427697, -0.003113040678818235, 2.4412358488248675, 0.39640878032623084]]}