{"position": [[-10.814710533328565, -1.4710164070129395, 2.3931250552105503], [-5.456001710293062, -1.4710164070129395, 0.7668501129340601], [-13.029069612595757, -1.4710164070129395, -4.617029188219552], [-9.72710237623087, -1.4710164070129395, 2.875715202201733], [-10.915675651323397, -1.4710164070129395, 3.111076728796471], [-10.68892436378397, -1.4710164070129395, 1.9596385641443863], [-12.5821235817244, -1.4710164070129395, 0.5171303429434928]], "number_of_bots": 7, "bot_trajectory": [[0.0512050101067308, 0.0076938538841115674, -1.912422096438916, 3.4782266596722202, 1.394725098724807, 0.31300493027852033], [0.09395701946219917, 0.08108459974395296, 3.4462867265965857, 1.85195171739573, 1.4786353325180537, 0.4441034330732015], [0.012322302745246105, 0.06706838155571695, -4.126781175706109, -3.5319275837578825, 1.3814198389892134, 0.4932863390589932], [0.09034265970114189, 0.03110635347773074, -0.8248139393412224, 3.960816806663403, 1.8741598654076936, 0.4018447188184103], [0.09976278812415067, 0.00626435317463322, -2.0133872144337484, 4.196178333258141, 1.332381376725067, 0.39816685211058006], [0.0051798344652248755, 0.05183754379988544, -1.786635926894321, 3.0447401686060562, 1.5532709772993696, 0.33163476419442783], [0.024115851165067904, 0.0731350288509353, -3.679835144834751, 1.6022319474051627, 0.7165194209279944, 0.42983713126963735]]}