{"position": [[17.0285216808796, 0.11228683590888977, -0.39982607166052575], [17.67449812850547, 0.11228683590888977, 1.8582537399667478], [16.41784328091258, 0.11228683590888977, -1.8979435245002436], [16.306619966134924, 0.11228683590888977, 2.5681076198176624], [19.95004881779994, 0.11228683590888977, -0.6123612325858814]], "number_of_bots": 5, "bot_trajectory": [[0.03286764834375414, 0.04844011375652779, -1.910923814725869, 1.9385742922615934, 1.9715041489190164, 0.5076619262474951], [0.008377197672443604, 0.05055037130621668, -1.2649473670999978, 4.196654103888867, 0.19667185386224517, 0.27986838876304687], [0.0879279325921929, 0.07139149840219657, -2.521602214692887, 0.4404568394218755, 0.1068161005890118, 0.32508445829095445], [0.024461266730795062, 0.02238221986785708, -2.632825529470546, 4.906507983739782, 0.09673425597769293, 0.45849380086766445], [0.06607747884314945, 0.00856207152705719, 1.010603322194471, 1.7260391313362378, 0.954687241112779, 0.4941056217517809]]}