{"position": [[-4.271188007588311, 4.122316360473633, 0.3153898986482524], [2.319904338504755, 4.122316360473633, 7.253695061522709], [-2.440220532192468, 4.122316360473633, 1.2791044010766468], [1.7770707945250082, 4.122316360473633, 3.0805510608022972], [-0.4576484390868334, 4.122316360473633, -1.0939029037015517], [2.618281964417401, 4.122316360473633, 6.289358625796402], [3.966901841800895, 4.122316360473633, 5.969678334427601], [-2.4040223544656865, 4.122316360473633, 4.184661980521423], [-2.6750526930547043, 4.122316360473633, 4.4025551530641645], [-1.3354218992917115, 4.122316360473633, 0.10315731258766547], [-4.419829004096662, 4.122316360473633, -0.6380158680953221], [-4.695115620744958, 4.122316360473633, 3.522751164667148], [1.9598609479180435, 4.122316360473633, 3.9787403709843288], [-2.7832999169998267, 4.122316360473633, 3.7010157949181606]], "number_of_bots": 14, "bot_trajectory": [[0.07158741983320041, 0.07743519277713151, -4.0792026686619955, -3.50708744204999, 0.00846609352402661, 0.38483699603284344], [0.003052165669850748, 0.05138008573868885, 2.5118896774310704, 3.4312177208244665, 1.1927033843669217, 0.4500596669437302], [0.02698536773209037, 0.053176483474477156, -2.2482351932661526, -2.5433729396215954, 3.121210149219254, 0.3107043158247735], [0.012219157128916469, 0.05581621687668782, 1.9690561334513235, -0.7419262798959447, 0.8937107847146409, 0.41103235213185985], [0.09909468342537744, 0.08805682413907841, -0.2656631001605181, -4.916380244399794, 1.5487695304963753, 0.29688067216035385], [0.08836134186022411, 0.05789764383291811, 2.8102673033437164, 2.46688128509816, 0.31812932844715747, 0.46871696159836346], [0.07999695369308041, 0.08392645617759051, 4.15888718072721, 2.147200993729359, 3.139544959105483, 0.2746404500172603], [0.05234290144194109, 0.02627002830380787, -2.212037015539371, 0.36218463982318094, 2.2144558796252034, 0.48042247650253966], [0.01601312090983059, 0.03693295880525155, -2.483067354128389, 0.5800778123659223, 3.0503070064650704, 0.3371506770663555], [0.041761211314596515, 0.031001121524256235, -1.1434365603653962, -3.7193200281105767, 0.7367994180619933, 0.41753621480048886], [0.07263331892902938, 0.0028134764883983587, -4.227843665170346, -4.460493208793564, 0.2382378096003762, 0.4694773359893457], [0.08472773119634344, 0.017480138241774912, -4.503130281818643, -0.2997261760310943, 1.466122590346899, 0.48529146290182257], [0.09978084576892718, 0.05242817336379759, 2.151846286844359, 0.1562630302860868, 0.9140437918716672, 0.32310647640311674], [0.054792956154101534, 0.07603918862418606, -2.5913145780735114, -0.12146154578008161, 0.5512400567235893, 0.4971264190672041]]}