{"position": [[3.328098930491932, -3.817943572998047, 1.4199389997486729], [6.189636173489036, -3.817943572998047, 9.17315277779125], [-1.791323429625253, -3.817943572998047, 3.216710158033951], [-1.3373713782381418, -3.817943572998047, 4.967988777103634], [-1.157054740523265, -3.817943572998047, 1.3224228034769654], [4.123040105090304, -3.817943572998047, 8.580121107281446], [-1.488951451250529, -3.817943572998047, 2.4976477067834164], [-2.6469076565634335, -3.817943572998047, 9.298505463821657], [4.442099193472953, -3.817943572998047, 0.15445707727718272], [4.81499161620753, -3.817943572998047, 0.034377936828571265], [-2.6803578800976027, -3.817943572998047, 6.603758615197663], [-3.2426251983862633, -3.817943572998047, 1.558816056616747], [4.341960362897293, -3.817943572998047, 6.00155676312201]], "number_of_bots": 13, "bot_trajectory": [[0.046135693366956144, 0.05160449415652687, 1.5757314340014539, -3.2933845933909756, 0.21307637561005915, 0.39664120187852475], [0.00620973065470547, 0.04352377851242846, 4.437268676998557, 4.459829184651602, 2.0967331020073616, 0.2745903934382866], [0.014163062351616684, 0.09679649929508163, -3.5436909261157314, -1.496613435105697, 1.0544038729432792, 0.4408281060123118], [0.058108423920127106, 0.03282222220480678, -3.0897388747286203, 0.25466518396398574, 2.036839579419484, 0.3396210720872208], [0.08350396629732254, 0.07817419372684527, -2.9094222370137435, -3.390900789662683, 2.006863074198456, 0.2750267331010182], [0.05825885581043723, 0.06380552379457437, 2.3706726085998255, 3.8667975141417967, 2.6579054883845217, 0.33218623770638467], [0.018565092199874157, 0.03656878962371203, -3.2413189477410076, -2.215675886356232, 0.124809231061067, 0.27954303431397315], [0.07928469259036466, 0.035527919614664304, -4.399275153053912, 4.585181870682009, 2.0465012274043404, 0.45152234490114185], [0.0599651323819236, 0.0954253090159036, 2.6897316969824745, -4.558866515862466, 1.907133555331785, 0.5231166161075546], [0.01012046670388964, 0.05254134035309639, 3.0626241197170523, -4.678945656311077, 2.722446451751125, 0.39908088956840837], [0.0770640129060752, 0.0807153882460565, -4.432725376588081, 1.8904350220580146, 2.305546084792149, 0.4910510420919508], [0.02961562141101095, 0.07138705932063386, -4.994992694876742, -3.1545075365229014, 1.1075269833152708, 0.45218714428766016], [0.0001228003669544231, 0.06732587387630966, 2.5895928664068144, 1.2882331699823613, 2.612511684373668, 0.37218684397859375]]}