{"position": [[-7.048450550110889, 0.07741306722164154, 2.00053118734872], [1.3672022102558374, 0.07741306722164154, 7.467484764385947], [0.27161442603848496, 0.07741306722164154, 8.368347455842681], [-2.4521096709601626, 0.07741306722164154, 0.30194180411379445], [1.0130256428360034, 0.07741306722164154, 5.558371500041327], [-0.4549961067765458, 0.07741306722164154, 3.742167830181983], [0.8279030738128359, 0.07741306722164154, 8.255997990918008], [-5.556484288359756, 0.07741306722164154, 8.155579898207112], [-6.665692080216151, 0.07741306722164154, 1.0964384932336468], [1.9770601889178803, 0.07741306722164154, 4.236681199077319]], "number_of_bots": 10, "bot_trajectory": [[0.0023460714618267374, 0.09373035147492516, -4.718000253708912, -3.2020158860155377, 1.1328729035757914, 0.2737319124549507], [0.0758392214647626, 0.05080463977719265, 3.697652506657815, 2.264937691021689, 0.5023355600519591, 0.48078892832293363], [0.07011615621574226, 0.0882380904956632, 2.6020647224404625, 3.165800382478424, 1.7643930150385225, 0.44336544596447514], [0.062056501634661296, 0.005271973102485394, -0.1216593745581851, -4.900605269250463, 2.9581651986010122, 0.4040305901827602], [0.02545284866192119, 0.07361001383210883, 3.343475939237981, 0.35582442667706937, 0.3282730927031688, 0.32929925537152616], [0.003687840758829253, 0.059668351750276946, 1.8754541896254318, -1.4603792431822749, 0.7764198806043876, 0.40818971956618644], [0.08028503505560888, 0.052986744128519836, 3.1583533702148134, 3.0534509175537505, 1.757619207805282, 0.35262280524366624], [0.016338578477933387, 0.0872976989004214, -3.2260339919577783, 2.953032824842854, 2.772695730537286, 0.41464401475558965], [0.035405540651155656, 0.02265829810254578, -4.3352417838141735, -4.106108580130611, 2.766874638294355, 0.41239461904621805], [0.07375159731092984, 0.07990288255314773, 4.307510485319858, -0.9658658742869386, 0.17792874467263425, 0.4176062365398554]]}