{"position": [[-7.6320493693384694, 0.045111894607543945, 1.4506166470410187], [-7.4146646332571615, 0.045111894607543945, 1.0234183928899512], [-11.67568792233452, 0.045111894607543945, -0.07069641098249035], [-8.354933721735797, 0.045111894607543945, -2.99548602382939], [-11.039317624221985, 0.045111894607543945, 2.753732322705308], [-3.211849648932457, 0.045111894607543945, -0.592465186873109], [-10.525068639176908, 0.045111894607543945, -5.247633074596633], [-11.472571142871173, 0.045111894607543945, 2.970220184776159], [-12.268779970184834, 0.045111894607543945, -2.1760629173442125], [-7.9735666395753135, 0.045111894607543945, -0.6593874733014893], [-3.3371870936354187, 0.045111894607543945, -1.1922924466476847], [-10.239740403039704, 0.045111894607543945, 0.9465666406522755], [-5.355321956599871, 0.045111894607543945, -2.060859441836822], [-9.038170414343668, 0.045111894607543945, -5.468877952978549], [-9.68041235144027, 0.045111894607543945, 2.2877249627744023], [-11.9870381847168, 0.045111894607543945, -3.7061965870534506], [-2.726417931622512, 0.045111894607543945, -6.294248693855568]], "number_of_bots": 17, "bot_trajectory": [[0.03175751738071032, 0.04452071829789052, -0.2205608363184497, 3.3920895350338776, 3.0343408650765107, 0.49059489021347014], [0.06817221468445515, 0.04086100538228634, -0.00317610023714221, 2.96489128088281, 0.5017234440454483, 0.28840926400617223], [0.0908206658441982, 0.033195074013083824, -4.2641993893145, 1.8707764770103685, 2.557343938945215, 0.41878996839069726], [0.04331163483577698, 0.04661871460557797, -0.943445188715778, -1.0540131358365312, 0.3570734144289837, 0.4412305489855567], [0.06989466479557278, 0.047085848583485815, -3.6278290912019653, 4.695205210698167, 1.1772477817298463, 0.5149884701906182], [0.027042813442491986, 0.0986737390770793, 4.1996388840875625, 1.3490077011197499, 2.0642223855422177, 0.27124545052141924], [0.01338901792364825, 0.0962030877897688, -3.1135801061568893, -3.306160186603775, 2.3878059036792756, 0.2708370247232763], [0.06087678017664492, 0.041712441669871335, -4.061082609851153, 4.911693072769018, 0.7397549623631076, 0.296710389831821], [0.0011991080274072364, 0.09157935597606745, -4.8572914371648155, -0.23459002935135365, 0.03233714647447264, 0.41508571240463943], [0.052747152443405096, 0.062233240742327375, -0.5620781065552938, 1.2820854146913696, 2.272407868136517, 0.32097407378856396], [0.028984549030209715, 0.09714112447383186, 4.074301439384601, 0.7491804413451741, 2.290489941261949, 0.35948558691378674], [0.02258390950236764, 0.07702634526304196, -2.8282518700196837, 2.8880395286451344, 2.7270539053816667, 0.45843726613635094], [0.008916584960419537, 0.07769147276618113, 2.0561665764201487, -0.11938655384396313, 2.1919853209253115, 0.42459483513551355], [0.025070459836367586, 0.013877858499100703, -1.6266818813236483, -3.5274050649856905, 0.9417070430941948, 0.503136281075572], [0.023093151615822195, 0.003929160270369092, -2.26892381842025, 4.229197850767261, 1.3992295361969882, 0.4752591995088723], [0.04485665821698148, 0.05922108327965819, -4.575549651696781, -1.764723699060592, 1.2740071458246445, 0.43467941771167845], [0.008858466644088504, 0.07649439570180362, 4.685070601397507, -4.352775805862709, 1.9414590955942415, 0.32771241044836075]]}