{"position": [[-10.074461333504491, 0.13312464952468872, -5.546369626793792], [-11.624130334002077, 0.13312464952468872, -7.785176389484811], [-14.557676390957319, 0.13312464952468872, -3.77922766432979], [-14.062863327519548, 0.13312464952468872, -2.6842645066617368], [-10.52847760582986, 0.13312464952468872, -0.9063878116704771], [-11.773717952516678, 0.13312464952468872, -3.2627044507525507], [-12.649216584279658, 0.13312464952468872, -4.71842790950891], [-13.973608706829378, 0.13312464952468872, -3.485907901293393], [-11.114315243572486, 0.13312464952468872, -5.6476204217076695], [-10.089944141097648, 0.13312464952468872, -4.713716404206915], [-8.205950126651787, 0.13312464952468872, -0.7832549884211928]], "number_of_bots": 11, "bot_trajectory": [[0.03802341098888921, 0.07073216655866374, 0.7648483588783206, -2.2225967195367122, 2.7441126881380042, 0.4700707826262607], [0.04419392511156293, 0.06300863441895985, -0.7848206416192638, -4.461403482227731, 1.970314074280968, 0.4338428401180043], [0.03672697701919041, 0.04255723286960894, -3.7183666985745067, -0.45545475707270966, 2.237234353265911, 0.3888483490621227], [0.09405560794174335, 0.004456628753921277, -3.223553635136734, 0.6395084005953433, 1.210764706172145, 0.4008217251682135], [0.036027442337900985, 0.0604984722742639, 0.31083208655295236, 2.417385095586603, 2.6459885194559787, 0.3123385720309303], [0.020354664635228604, 0.06207743634350752, -0.9344082601338666, 0.06106845650452941, 0.7795973243061288, 0.2797527078761433], [0.04369578309922813, 0.08592764259799028, -1.8099068918968464, -1.39465500225183, 2.990820481478647, 0.4480278326762086], [0.033866779314148124, 0.0670879917807399, -3.1342990144465652, -0.1621349940363126, 0.08743454767405481, 0.40995323984083887], [0.06169457164317839, 0.041860295900068144, -0.2750055511896732, -2.32384751445059, 1.5791317720875278, 0.3685882815706878], [0.057836767505845786, 0.08665400653904606, 0.7493655512851649, -1.3899434969498348, 1.1276464708915432, 0.47087688608563794], [0.007358684558925133, 0.09847181341125852, 2.633359565731025, 2.5405179188358873, 2.7415023677366603, 0.40611330473321106]]}