{"position": [[-5.311079029900518, 2.815248727798462, -6.824642655734049], [1.3138168864093496, 2.815248727798462, -4.325868821901927], [-6.275036457474024, 2.815248727798462, -0.9472223603534369], [-2.4870721465526753, 2.815248727798462, -6.227230322887492], [-2.7263430133185853, 2.815248727798462, 1.2213783046044249], [-4.455513716863546, 2.815248727798462, 2.1040395515928356], [0.029352008104195804, 2.815248727798462, -3.3411201370008237], [0.13336460012995577, 2.815248727798462, 2.375663454564341]], "number_of_bots": 8, "bot_trajectory": [[0.07084702027699571, 0.08408000948474585, -2.327400927407232, -4.2570140336789954, 1.7782302362338498, 0.3384440882059777], [0.09364142498631671, 0.03307264782472476, 4.297494988902636, -1.7582401998468733, 2.4400216627223204, 0.49499183510771033], [0.06049280582776033, 0.029729223131867523, -3.291358354980738, 1.6204062617016168, 1.2601006003580615, 0.423484740863773], [0.06933795657051546, 0.06533068926262695, 0.4966059559406111, -3.6596017008324386, 2.797382828325849, 0.3591538646127838], [0.07431916406384605, 0.03874225017078283, 0.2573350891747006, 3.7890069266594786, 1.6854371013481821, 0.3200230290797981], [0.0724246653680619, 0.04766002852356501, -1.4718356143702604, 4.671668173647889, 0.8253699274384577, 0.3613494927885298], [0.03249728383504835, 0.006456593601847205, 3.013030110597482, -0.77349151494577, 1.5848304474338875, 0.4286399837037371], [0.02969435069671018, 0.06463067393708284, 3.117042702623242, 4.943292076619395, 2.258600215601049, 0.2836962098059124]]}