{"position": [[14.597733917921765, -0.07948902994394302, -10.751036852835405], [14.204113102096402, -0.07948902994394302, -4.548657145767888], [18.518039571014995, -0.07948902994394302, -6.858323964126075], [9.318124290873557, -0.07948902994394302, -7.150273576445027], [9.014918985941405, -0.07948902994394302, -9.239484449301678], [9.839592577935722, -0.07948902994394302, -5.12113736563533], [10.627362808919006, -0.07948902994394302, -7.2233027382459305], [16.665023651991202, -0.07948902994394302, -7.058070802139418], [9.267884450248435, -0.07948902994394302, -5.3608539492821], [9.008822947291307, -0.07948902994394302, -9.941378081734817], [17.52775404422567, -0.07948902994394302, -9.634980630573702], [12.925223066526225, -0.07948902994394302, -6.768650116838449], [12.134238152040933, -0.07948902994394302, -4.6737525898123], [12.175071156427677, -0.07948902994394302, -2.6631604669715214], [9.068973656972164, -0.07948902994394302, -4.301676620091936]], "number_of_bots": 15, "bot_trajectory": [[0.08711939108879654, 0.09284638961010447, 0.5904592902362182, -4.148616045950639, 2.7320126605577273, 0.3614875051295478], [0.08947547376816287, 0.06606078329338125, 0.19683847441085534, 2.0537636611168777, 0.27204431731897216, 0.2877854544252787], [0.09512638349407264, 0.05106804075253677, 4.510764943329447, -0.2559031572413095, 3.0993066647128367, 0.2937932565375241], [0.06627875731240683, 0.0998126369142919, -4.68915033681199, -0.547852769560262, 0.35338281456080933, 0.2695100465910212], [0.06682355380515213, 0.08395867758176956, -4.992355641744142, -2.6370636424169125, 2.675441815367912, 0.48555798478983747], [0.015398273556844467, 0.0039379196098563995, -4.167682049749826, 1.4812834412494358, 2.856205785656663, 0.4909860734593453], [0.027562118680636526, 0.07777179057184153, -3.37991181876654, -0.6208819313611647, 0.40707122226144227, 0.3829278504241663], [0.06511136915307478, 0.0034140681717718447, 2.6577490243056556, -0.4556499952546522, 1.820371514193775, 0.4811834685837555], [0.0198370476694819, 0.03553089025716131, -4.739390177437111, 1.2415668576026662, 1.1635564441065271, 0.45611137609988084], [0.08199628398053802, 0.03361533482871184, -4.998451680394239, -3.338957274850051, 2.8952689010218946, 0.4741366252475592], [0.07332669613834378, 0.02737448254747533, 3.5204794165401223, -3.032559823688936, 0.06429922599710103, 0.48302518025894714], [0.03992096269116363, 0.04791481605105043, -1.0820515611593218, -0.1662293099536838, 1.0662948809260535, 0.3710259398964686], [0.039010912214726225, 0.08213964777108222, -1.8730364756446138, 1.9286682170724656, 0.2047612418164613, 0.45550877693566166], [0.01988172781674776, 0.00749034175909159, -1.8322034712578694, 3.939260339913244, 0.0015710674743209703, 0.49536236291831476], [0.08130169448580274, 0.0421793859574369, -4.938300970713383, 2.30074418679283, 1.7684970554299675, 0.39321375798495717]]}