{"position": [[-8.69951220801494, 0.3091866970062256, 4.8592651160660045], [-13.331622612470632, 0.3091866970062256, 7.178546162635069], [-4.253367419205411, 0.3091866970062256, 8.934042398037022], [-8.470829463678392, 0.3091866970062256, 7.802647557738268], [-6.101493081575763, 0.3091866970062256, 5.631554718138333], [-5.596970970605246, 0.3091866970062256, 5.542588133881484], [-4.815358691236408, 0.3091866970062256, 5.838517900891119], [-6.310166862362327, 0.3091866970062256, 3.8418361458354626], [-4.436860633035536, 0.3091866970062256, 5.968513193374303], [-9.35090268081997, 0.3091866970062256, 3.5056797719439285], [-10.306670994464668, 0.3091866970062256, 9.885121288377421], [-7.396662265944368, 0.3091866970062256, 3.773008107670649], [-9.355770073948168, 0.3091866970062256, 7.396661246270772], [-12.020516353264632, 0.3091866970062256, 4.413299493013728], [-5.854580618355419, 0.3091866970062256, 9.933890107678], [-7.939211219856042, 0.3091866970062256, 5.767779598116771], [-11.309653856110849, 0.3091866970062256, 6.08929838617258], [-10.299877728405283, 0.3091866970062256, 1.5542575514295192], [-6.538329596002791, 0.3091866970062256, 9.094302939245555]], "number_of_bots": 19, "bot_trajectory": [[0.0059722092253703726, 0.051173212812101264, 0.16340950676777433, -0.14444658437344882, 0.9991859245817041, 0.3367922704767193], [0.02652256029308129, 0.05385700098277104, -4.468700897687917, 2.174834462195616, 2.4990317241617586, 0.2944777186266834], [0.062082305563043685, 0.048434890029216957, 4.609554295577304, 3.9303306975975696, 0.8087335121731002, 0.3306772808811148], [0.042893276654123215, 0.010213675746852257, 0.39209225110432344, 2.798935857298815, 0.355535463708005, 0.45113341605530033], [0.011443455053307428, 0.06236777438885124, 2.7614286332069526, 0.6278430176988803, 1.8162892319337427, 0.49821409700754316], [0.05890224969557863, 0.047945584674656094, 3.265950744177469, 0.5388764334420304, 1.5467011266112143, 0.3929472019290123], [0.06046247884329651, 0.0009298345475893255, 4.0475630235463065, 0.8348062004516665, 2.511160216323729, 0.27612827784892], [0.053349919864349934, 0.06143608472915833, 2.552754852420388, -1.1618755546039905, 2.818791283307401, 0.30478202179246994], [0.05805447740673404, 0.04053931238282902, 4.426061081747179, 0.9648014929348503, 2.5792215328641244, 0.299579218764866], [0.06451968387416761, 0.060343791143924554, -0.4879809660372558, -1.4980319284955246, 1.3522630194098912, 0.43815498912169887], [0.011657845114564535, 0.05915976413906891, -1.4437492796819518, 4.881409587937968, 1.6853853863007815, 0.3889803283541484], [0.037525378087255715, 0.0896300448638569, 1.4662594488383474, -1.2307035927688037, 2.2254384372542333, 0.45959280453896645], [0.08934546490423728, 0.011739802200313287, -0.4928483591654531, 2.3929495458313186, 0.8641788679724881, 0.5109816389804295], [0.021494479308826142, 0.008825857076379274, -3.1575946384819176, -0.5904122074257256, 1.8838006199466473, 0.355209754253898], [0.08320779744069375, 0.04673544544715265, 3.008341096427296, 4.930178407238546, 0.7095328663899461, 0.36545469832484634], [0.004386262296370724, 0.01594172475741572, 0.9237104949266728, 0.7640678976773185, 1.656354706432701, 0.30273279065795233], [0.03705506799843365, 0.004489868609209214, -2.446732141328133, 1.0855866857331264, 2.0907001646625774, 0.36695278946105464], [0.035624883432736676, 0.06813326050147384, -1.4369560136225679, -3.449454149009934, 0.20764643642249825, 0.473206881076519], [0.019650039005292406, 0.05164411835284856, 2.3245921187799237, 4.090591238806103, 2.7926644093684803, 0.33357507456853885]]}