{"position": [[-3.0554009128618436, -3.2396740913391113, -3.1343535959585385], [-9.11215712431912, -3.2396740913391113, 5.574807823781561], [-11.353084507567186, -3.2396740913391113, -1.9202431253739407], [-3.2229338653640385, -3.2396740913391113, -2.0414141994893624], [-4.382625636154256, -3.2396740913391113, 2.8524365772826403], [-8.242254437563357, -3.2396740913391113, 3.4201027361712484], [-8.37891987725822, -3.2396740913391113, -3.0131432005372707], [-5.797517633296387, -3.2396740913391113, 5.002440366320139], [-2.403472884306698, -3.2396740913391113, -0.34675594611683724], [-10.213352055150105, -3.2396740913391113, -1.9611270019279985], [-10.72022954028719, -3.2396740913391113, -2.551127012326069], [-5.517808506094626, -3.2396740913391113, -3.378119781357766], [-11.411107815011153, -3.2396740913391113, -1.9209144947331596]], "number_of_bots": 13, "bot_trajectory": [[0.04762156865624985, 0.053609261646897235, 4.34187596549509, -4.346776920543499, 2.0898166019348734, 0.29678004519460804], [0.02442198037458676, 0.020225597540381456, -1.714880245962187, 4.3623844991966, 1.3439701925083594, 0.28938929637482463], [0.09661300662229008, 0.010178517854550706, -3.955807629210253, -3.1326664499589016, 0.16824871140217185, 0.3687079450760434], [0.02021772174438773, 0.031463368016079775, 4.174343012992895, -3.2538375240743234, 1.0262216516875244, 0.32477747949968155], [0.09412918472897973, 0.09138402525401823, 3.014651242202677, 1.6400132526976796, 2.7772675674386904, 0.3842879073659696], [0.04159915015536012, 0.05267761060133541, -0.8449775592064235, 2.2076794115862874, 0.6627563649642682, 0.3552870140408281], [0.06922564081739316, 0.06911908520298374, -0.9816429989012865, -4.225566525122232, 1.8683154750421227, 0.5151393656558105], [0.053385966901822, 0.07812568041121096, 1.599759245060547, 3.7900170417351777, 2.6080052779041063, 0.3851049975054942], [0.03190814011755873, 0.030468502246921558, 4.993803994050236, -1.5591792707017982, 1.222650236867415, 0.3350846310671788], [0.004802883822344606, 0.05284179897383203, -2.8160751767931713, -3.1735503265129594, 0.20739973544286103, 0.44585940034594596], [0.0985116885901545, 0.03299005891064084, -3.322952661930257, -3.76355033691103, 0.21162417508337866, 0.41956156336398975], [0.05547478770391286, 0.03301725635780063, 1.8794683722623073, -4.590543105942727, 2.720599795028313, 0.31765852770320135], [0.06829067952674038, 0.009866613472426799, -4.0138309366542195, -3.1333378193181205, 2.089247483975292, 0.27159919187922577]]}