{"position": [[6.870673784373733, 0.06543117761611938, -6.280951597674211], [5.451905245882179, 0.06543117761611938, 1.1787084274824533], [7.335577845363764, 0.06543117761611938, -4.234265997957592], [0.6382826319482204, 0.06543117761611938, 0.8921459976477206], [3.16027572277069, 0.06543117761611938, -2.61988233022094]], "number_of_bots": 5, "bot_trajectory": [[0.03920520259924195, 0.03550034141820955, 4.450425991176101, -3.738981821520647, 1.6243996613635407, 0.3536456798053282], [0.04543602659311027, 0.04203601544959599, 3.0316574526845463, 3.7206782036360178, 2.2362314821501967, 0.4498949049885851], [0.0031154858969842047, 0.0011593040161633206, 4.915330052166132, -1.6922962218040272, 3.0580234884148516, 0.268486404589936], [0.030678230078439415, 0.03850306316801314, -1.7819651612494114, 3.434115773801285, 1.3357178451533427, 0.3600615463846078], [0.09059016003835209, 0.0041767215313277765, 0.7400279295730583, -0.0779125540673753, 2.729644474988123, 0.5039479634316871]]}