{"position": [[1.8072374132865012, 0.07722830772399902, -3.346524347898254], [0.45349284413958735, 0.07722830772399902, -5.230935913562302], [4.6904549005445775, 0.07722830772399902, -7.180056456237979], [4.799598529249644, 0.07722830772399902, -0.23580949281096153], [-0.5537633396296915, 0.07722830772399902, -3.1914821805810183]], "number_of_bots": 5, "bot_trajectory": [[0.08911840341429819, 0.09014549313428025, -0.9748842450386941, 0.7925394872457892, 2.985778413100529, 0.414343718246453], [0.017432212972262252, 0.04658118026439414, -2.328628814185608, -1.091872078418259, 2.377890779246064, 0.45911326092191274], [0.07455872297057259, 0.057842114411899646, 1.9083332422193822, -3.0409926210939364, 2.916424577512113, 0.35860660778808895], [0.07868591157740595, 0.02664497621833557, 2.0174768709244484, 3.9032543423330814, 2.837908987883856, 0.35198921796127736], [0.0691042705061096, 0.06841238083042889, -3.335884997954887, 0.9475816545630245, 2.004020063874822, 0.41620450896168704]]}