{"position": [[-4.995505515242691, 0.06662273406982422, 5.195341268927979], [-4.912628131918094, 0.06662273406982422, 1.2717593763001949], [0.7077998199853917, 0.06662273406982422, 5.801700478253319], [2.1684152256118194, 0.06662273406982422, 0.9190867319667309], [-5.080305032959876, 0.06662273406982422, 1.077814020058912], [4.063584929165731, 0.06662273406982422, 7.2421826514319285], [-3.846315711344567, 0.06662273406982422, 9.089719290640783]], "number_of_bots": 7, "bot_trajectory": [[0.0804060576314222, 0.06935640743225642, -4.5500786041270445, 0.6382257141184089, 1.8080684687976558, 0.502475603148299], [0.06655785673156436, 0.08291488219636242, -4.467201220802448, -3.2853561785093754, 1.4832729769252573, 0.3186745456086476], [0.086805114452931, 0.09091639700896191, 1.153226731101038, 1.244584923443749, 1.6595041434241904, 0.4853049233177427], [0.07500117340755172, 0.03301634336176216, 2.613842136727466, -3.6380288228428395, 0.28017645653639, 0.3777958299887561], [0.029661191807030106, 0.04127490035168996, -4.634878121844229, -3.4793015347506584, 0.32132303131328666, 0.33496621640619895], [0.06830915178764613, 0.09994407289166753, 4.509011840281377, 2.6850670966223578, 0.48192874488486087, 0.3185011612560536], [0.06953174632882828, 0.0787105312533731, -3.4008888002289206, 4.532603735831213, 0.6354457244393121, 0.2737755297793785]]}