{"position": [[-9.451438053202548, 0.1374368667602539, -38.630002637186934], [-6.51802741395981, 0.1374368667602539, -40.00702505783228], [-10.500178443493322, 0.1374368667602539, -40.8591336511571], [-4.781548464434762, 0.1374368667602539, -39.24055008029698]], "number_of_bots": 4, "bot_trajectory": [[0.09217881722362675, 0.02545569039079958, -1.9517327385663175, 1.1368087336626775, 1.992984285501224, 0.2815873194200582], [0.04903975264469016, 0.0336556745512319, 0.9816779006764209, -0.2402136869826721, 0.8964438395074392, 0.269456549478862], [0.022602134286217535, 0.048944710368906616, -3.0004731288570907, -1.0923222803074906, 0.9164392043122785, 0.4778760127192617], [0.0739134893018813, 0.0698435460349768, 2.718156850201469, 0.5262612905526309, 1.5913983672838363, 0.42407053033786446]]}