{"position": [[-6.584773824690247, 0.1206212043762207, 4.0505002655385764], [-4.710703002652459, 0.1206212043762207, -2.0614839693481692], [-1.2587281302922588, 0.1206212043762207, 0.23998852642222657], [-5.805490056343896, 0.1206212043762207, 3.688655749623676], [-0.011221255982234002, 0.1206212043762207, 5.1188475505128945], [0.6019802485816443, 0.1206212043762207, 0.3293658897030103], [-2.7655444694353486, 0.1206212043762207, 6.058312516414574], [0.4608844701268282, 0.1206212043762207, 0.3704704441275395], [-4.677265862012201, 0.1206212043762207, 0.03188154820424316], [-6.520892894206151, 0.1206212043762207, 5.496136946539609], [-7.523912467008081, 0.1206212043762207, -1.9294863035027112], [-4.534983291353965, 0.1206212043762207, -3.381258106472865], [-5.679916736556316, 0.1206212043762207, 1.7627022799421908], [-2.2479667423787837, 0.1206212043762207, 2.5538298469358187], [-2.2887722684054097, 0.1206212043762207, 3.3980966587865367], [-5.3946308823703735, 0.1206212043762207, -0.29314192104590875]], "number_of_bots": 16, "bot_trajectory": [[0.013342038131589306, 0.043214175619075104, -3.097710893629456, 2.975341907918337, 2.9042461518313885, 0.40885022096588153], [0.09453887361324155, 0.058656310202573246, -1.2236400715916684, -3.1366423269684085, 1.4746549698125315, 0.4247682838994342], [0.07900628637168913, 0.040257514805241576, 2.228334800768532, -0.8351698311980127, 0.5088390114897, 0.507956290701765], [0.09190283802662066, 0.09005642958441532, -2.3184271252831046, 2.6134973920034366, 0.8627033010564801, 0.37385243651852346], [0.01123165662229465, 0.03195582393523252, 3.475841675078557, 4.043689192892655, 2.0537654060894943, 0.39203426785877804], [0.004254865598304203, 0.01713978804041406, 4.089043179642435, -0.745792467917229, 2.9271484994440935, 0.26765117348920325], [0.014435769327512393, 0.08300040661719037, 0.7215184616254422, 4.983154158794335, 0.6853167154717572, 0.3056141872545352], [0.014478928910537014, 0.007507895728547031, 3.947947401187619, -0.7046879134926998, 2.918450345417933, 0.3048590706168797], [0.08640663772771734, 0.07405852791816464, -1.1902029309514106, -1.043276809415996, 1.9732023356085941, 0.310288540928823], [0.028325413646106256, 0.07819097443653023, -3.0338299631453602, 4.42097858891937, 0.9834365519827909, 0.3465641632073548], [0.0003981652606395381, 0.06215686933568034, -4.03684953594729, -3.0046446611229505, 1.6262753265450107, 0.4199308301744674], [0.050455679780832305, 0.06853212123165321, -1.0479203602931741, -4.456416464093104, 0.09904920963404859, 0.5122237698637512], [0.07193271609361175, 0.09994656678038318, -2.192853805495525, 0.6875439223219515, 2.1379379566840653, 0.40149528957270225], [0.09444076063291322, 0.02732686562118748, 1.2390961886820073, 1.4786714893155795, 0.5774797566442471, 0.4594078241209082], [0.027782490659872438, 0.09463740670306284, 1.1982906626553813, 2.3229383011662974, 0.08206509194007035, 0.3842081884010492], [0.05852119974239896, 0.04920651613294269, -1.9075679513095822, -1.368300278666148, 2.3360134158861525, 0.4839061504084262]]}