{"position": [[-1.2768919722901853, -1.5522555112838745, -1.637333439469947], [-1.6733377752033114, -1.5522555112838745, -1.8588914430912609], [4.021032525943059, -1.5522555112838745, -1.826040079188771], [1.127546808984486, -1.5522555112838745, -4.160982722536686]], "number_of_bots": 4, "bot_trajectory": [[0.07770112465384127, 0.00299777730099996, -3.9962721125947507, 2.807486010908471, 2.1941649564004884, 0.31976186971942777], [0.08238747430375734, 0.008594425781967818, -4.392717915507877, 2.585928007287157, 2.8295438583687593, 0.492339418288525], [0.09005290835449153, 0.09314719795635235, 1.3016523856384932, 2.618779371189647, 0.41013392724727404, 0.28485802914400415], [0.04461177491057067, 0.07290517338707891, -1.5918333313200794, 0.283836727841732, 2.895373579123303, 0.5025365983708622]]}