{"position": [[11.539687341254572, 0.043365851044654846, -1.2261807869129295]], "number_of_bots": 1, "bot_trajectory": [[0.04941091222691141, 0.06903162502678215, 2.789012139838556, 0.2429024030513649, 0.7604138927381634, 0.31977229267045093]]}