{"position": [[-4.085477176912089, 0.40909525752067566, -10.089491187570722], [-0.017556998142156166, 0.40909525752067566, -4.470664652668576]], "number_of_bots": 2, "bot_trajectory": [[0.022034302894340073, 0.08773443592694141, -4.230600390441675, -4.171567260263594, 1.5274959875547287, 0.285977456315635], [0.02931896123410488, 0.010297706573897303, -0.16268021167174296, 1.4472592746385526, 0.08169908372249791, 0.4489163623471797]]}