{"position": [[-1.0, 0.1, -2.0], [-3.0, 0.1, -4.0], [1.0, 0.1, 4.0], [-4.0, 0.1, 4.5], [-4.0, 0.1, 2.5], [3.0, 0.1, 1.5]], "number_of_bots": 4, "bot_trajectory": [[0.0012006481335302243, 0.026001486785428185, -1.0, -2.0, 2.7570284533556744, 0.28907285076443845], [0.03210102575955316, 0.05682478409009691, -3.0, -4.0, 1.4028265026630016, 0.42160373169341786], [0.02905230834408774, 0.03735245905599396, 1.0, 4.0, 3.120763353087835, 0.3929063589872047], [0.02623886637238121, 0.08938961314601712, -4.0, 4.5, 0.4940514870691448, 0.2736255481798814]]}