{"position": [[-0.5, 0.1, -3.0], [0.5, 0.1, -4.5], [-0.0, 3.6, -2.0], [1.0, 3.6, -4.0], [2.0, 0.1, -1.0], [3.0, 3.6, -4.0]], "number_of_bots": 3, "bot_trajectory": [[0.008132684039180282, 0.06022931760555902, -0.5, -3.0, 1.1502923825921432, 0.36558861453141295], [0.082333203659481, 0.00024197140730366495, 0.5, -4.5, 2.536399473309562, 0.3754886715952736], [0.09268536765317888, 0.03214966222269712, -0.0, -2.0, 1.2849112011898365, 0.3688164756607847]]}