{"position": [[-2.918545793371134, 0.17529559135437012, 3.3129663510723226], [-3.3681422649656008, 0.17529559135437012, 8.573250490693846], [-6.764449379473152, 0.17529559135437012, 8.879215932624843], [-3.5050714404007675, 0.17529559135437012, 2.0936532323917874], [-7.035304307119004, 0.17529559135437012, 10.850389604207283], [-8.80516612471229, 0.17529559135437012, 10.576808305922507], [-6.064051840998597, 0.17529559135437012, 9.734499223914021], [-2.7379465986048688, 0.17529559135437012, 9.80747005366825]], "number_of_bots": 8, "bot_trajectory": [[0.08158172108487566, 0.05148830746034685, 1.8948802243900964, -2.8937158541278727, 0.6587872431065912, 0.5042282291346939], [0.0164775440158736, 0.008983329458567191, 1.4452837527956297, 2.366568285493651, 2.4089827091200298, 0.381727363657307], [0.07732718020542109, 0.04943894799335195, -1.9510233617119221, 2.6725337274246486, 1.9446799397325754, 0.5147531317892233], [0.0645696796128275, 0.04704264127861172, 1.3083545773604632, -4.113028972808408, 0.021869935531902474, 0.49740289676154853], [0.09461532032061673, 0.08317063223059533, -2.2218782893577735, 4.643707399007089, 2.6186601508656184, 0.2807130609192688], [0.0563726239975766, 0.07171049323423323, -3.9917401069510605, 4.370126100722311, 0.9480105392729632, 0.4379385449393445], [0.029839009990187383, 0.007278380544310015, -1.2506258232373668, 3.527817018713826, 0.7598816692671799, 0.30901769206246404], [0.08742307972888028, 0.0723799505475335, 2.0754794191563617, 3.6007878484680553, 1.5712839157222986, 0.4705672787826552]]}