{"position": [[9.749337607901396, -2.8729333877563477, 9.36980285646162], [6.578412653404442, -2.8729333877563477, 5.437182523693833], [5.770379807172189, -2.8729333877563477, 14.259870480154792], [3.924988835814022, -2.8729333877563477, 13.914030416532242], [5.146985390442101, -2.8729333877563477, 7.984888888654721], [0.35998266243012544, -2.8729333877563477, 5.200541088398301], [8.529742331275315, -2.8729333877563477, 8.722462992003683], [7.113291690199107, -2.8729333877563477, 11.32113683816665], [7.746773935224554, -2.8729333877563477, 10.023273858939792], [3.4101285247467596, -2.8729333877563477, 11.872247483221178], [0.336509302662118, -2.8729333877563477, 12.164173599153639], [8.471673073862505, -2.8729333877563477, 6.726882738398929], [7.426791397182775, -2.8729333877563477, 5.698088072094488], [1.6989045217175596, -2.8729333877563477, 11.212165911132004], [7.910796354137636, -2.8729333877563477, 14.328581669266299], [10.12994683074352, -2.8729333877563477, 5.752739308927773], [4.471149018065041, -2.8729333877563477, 8.879405549594368], [1.6140486252615696, -2.8729333877563477, 14.134486641661994], [1.690687620325292, -2.8729333877563477, 7.449790572684684]], "number_of_bots": 19, "bot_trajectory": [[0.03636709018915579, 0.07118208472587068, 4.433556014578643, -0.2958751678303717, 0.301688001806928, 0.28582894367082146], [0.0363334885770845, 0.04734818766531944, 1.2626310600816881, -4.228495500598159, 1.2110069297971733, 0.45952275437170603], [0.05772980464016444, 0.04693280916024919, 0.45459821384943533, 4.5941924558628, 0.8654409394647986, 0.4311179593287312], [0.05962090369313154, 0.09814061226081007, -1.390792757508732, 4.248352392240249, 0.6091068711960438, 0.3722322256482556], [0.06024050823869259, 0.04791109514020253, -0.16879620288065333, -1.6807891356372706, 0.9540066485636106, 0.44688313554301895], [0.05632324252094604, 0.09795423351067023, -4.9557989308926285, -4.465136935893691, 2.3064483829040436, 0.4170552520787407], [0.04438712109309249, 0.014269366431495678, 3.2139607379525614, -0.9432150322883093, 1.098526551101312, 0.4867175085655613], [0.09321498518683043, 0.07405827134359089, 1.7975100968763535, 1.6554588138746573, 0.05392633336557632, 0.2784537001076949], [0.07206065332399955, 0.05776396518832955, 2.4309923419018, 0.3575958346477992, 0.06858155957389807, 0.3540045533160323], [0.09038668030217029, 0.07644004251161411, -1.9056530685759943, 2.206569458929186, 1.8269490337283512, 0.40169769610849426], [0.067547567608514, 0.07467362019216114, -4.979272290660636, 2.4984955748616464, 2.941340100400654, 0.4876564061783153], [0.0028685481216959574, 0.04749471977476886, 3.1558914805397498, -2.9387952858930633, 1.4521744476189775, 0.37704104278562756], [0.0024205994547557897, 0.08911760298635252, 2.1110098038600213, -3.967589952197504, 1.5486076508484992, 0.27070284017518054], [0.030414420647765894, 0.07662805033914244, -3.6168770716051943, 1.5464878868400123, 1.6798278109961393, 0.3104216200088783], [0.07199451572096975, 0.05283480625450809, 2.595014760814882, 4.662903644974308, 3.021929340334879, 0.2887522215091267], [0.02776068209950694, 0.036652570010659455, 4.814165237420766, -3.912938715364219, 1.063068228760898, 0.3935260301525598], [0.018946363697532432, 0.06128256730756968, -0.8446325752577133, -0.7862724746976235, 1.8561059293517908, 0.26530893131571576], [0.04232826328509952, 0.05651147712925285, -3.7017329680611843, 4.468808617370001, 2.0677741969540837, 0.4492285799619047], [0.01037212041339287, 0.08829425592091622, -3.625093972997462, -2.215887451607308, 0.15441471100376103, 0.32220610523147364]]}