{"position": [[4.597310271451009, 0.12166810035705566, -4.364946164084391], [7.231039125563363, 0.12166810035705566, -3.2788532850605754], [9.05486639697017, 0.12166810035705566, -9.696561589540234], [2.5995342794687497, 0.12166810035705566, -5.427930853928649], [2.177175235131118, 0.12166810035705566, -4.203248069172979], [4.872773919487487, 0.12166810035705566, -9.449314952874492], [6.4035941382333625, 0.12166810035705566, -1.3104316371427984], [7.527160273877623, 0.12166810035705566, -6.9366258503072205], [4.076121805005946, 0.12166810035705566, -8.222391400468208], [3.47931796827667, 0.12166810035705566, -8.050389175819397], [5.905428267000135, 0.12166810035705566, -5.462461020615628], [10.921563776365941, 0.12166810035705566, -7.767829263263479], [7.414916600179657, 0.12166810035705566, -3.536066791934914], [6.4093671806751225, 0.12166810035705566, -6.191071905520429]], "number_of_bots": 14, "bot_trajectory": [[0.025493360818792433, 0.06324878327395721, -2.5299241874723313, 1.181207858132406, 0.82745608069177, 0.2838983179741967], [0.03627365664520049, 0.01758344863314788, 0.10380466664002386, 2.2673007371562215, 2.747218407291846, 0.4492184832546704], [0.03493916575128718, 0.05734643478072708, 1.9276319380468299, -4.150407567323437, 0.5752836622623319, 0.37141770855960055], [0.023454490856972866, 0.02465553035717639, -4.52770017945459, 0.1182231682881485, 1.6147416539220565, 0.47863613331415844], [0.0676924256553078, 0.0991064873061645, -4.950059223792222, 1.342905953043818, 0.807624716570616, 0.3441209713905883], [0.08374318609331637, 0.09852804364113395, -2.2544605394358532, -3.903160930657694, 0.5512339120405941, 0.3953386652261609], [0.0721226275632865, 0.05346793637508553, -0.7236403206899777, 4.2357223850739985, 0.713263850155536, 0.2944013898399663], [0.018301562645477054, 0.03565167586825585, 0.3999258149542828, -1.3904718280904238, 0.1469142810586297, 0.3025901780295682], [0.02726960700119051, 0.0373894017723118, -3.051112653917394, -2.6762373782514115, 2.6383725209710978, 0.4917418937904333], [0.09311121851413298, 0.08153614857719729, -3.64791649064667, -2.5042351536025995, 0.924707843822776, 0.3980932233899178], [0.0978360049133211, 0.04991011161828288, -1.2218061919232048, 0.08369300160116944, 2.3405276302208513, 0.33840551648231787], [0.04105711720360763, 0.03909178761133917, 3.794329317442602, -2.2216752410466825, 2.5653154637338487, 0.5056048395266017], [0.04363885070054006, 0.09261022030498661, 0.28768214125631686, 2.010087230281883, 1.011796423177201, 0.3432639730712978], [0.021374764813163603, 0.07377838942716376, -0.7178672782482176, -0.6449178833036329, 2.167147960824037, 0.4257457899470918]]}