{"position": [[1.4959692148961272, 0.0632769763469696, -1.113611941450321], [-3.6752694606436, 0.0632769763469696, 0.05955237981692063]], "number_of_bots": 2, "bot_trajectory": [[0.02896801736196649, 0.07794515848655745, 0.8295700936116424, -1.0414244581396215, 2.3093611231688804, 0.45110139151260603], [0.057899248484069854, 0.0663153913911154, -4.341668581928085, 0.1317398631276201, 2.2061267598828453, 0.30072400893926626]]}