{"position": [[2.688114131985813, -2.6388275623321533, -5.875337607755037], [5.282266713815417, -2.6388275623321533, -1.39347610119871], [1.6979742379135239, -2.6388275623321533, -1.3358748721460971], [-0.04731150573228149, -2.6388275623321533, -2.270450852190236], [1.0345425534419643, -2.6388275623321533, -6.905054944759051], [8.17394047149339, -2.6388275623321533, -2.8878769777994275], [1.8735074386652721, -2.6388275623321533, -1.0944192005406146], [7.728605551837483, -2.6388275623321533, -2.0302477385973465], [3.9082681049286885, -2.6388275623321533, -0.2322763058412085]], "number_of_bots": 9, "bot_trajectory": [[0.00577432593319972, 0.0651584625226998, -1.8296575889004174, -2.6658461164372884, 3.1286053390013793, 0.40644551660364675], [0.04478958496280816, 0.04586850773365162, 0.7644949929291867, 1.816015390119039, 0.6043596338933223, 0.2906907149259609], [0.03846023446634043, 0.018021667894379055, -2.8197974829727066, 1.873616619171652, 0.38787654465680477, 0.26479887142750674], [0.09038378555879212, 0.06841499682181448, -4.565083226618512, 0.939040639127513, 0.25559385023656656, 0.36585611445327815], [0.018601123679586173, 0.08200580742677109, -3.483229167444266, -3.6955634534413018, 1.1486944640308612, 0.28750360751540704], [0.05757447419926576, 0.06355059013107381, 3.6561687506071596, 0.32161451351832127, 0.25195651247872575, 0.5064306255956299], [0.024309965995375393, 0.09247893099000681, -2.6442642822209583, 2.1150722907771344, 0.8883866359504511, 0.33945956153831214], [0.0958346699224111, 0.06177571235035637, 3.2108338309512527, 1.1792437527204025, 1.696886057982721, 0.4349916209564923], [0.02870995085215844, 0.04884097523812888, -0.6095036159575418, 2.9772151854765405, 1.014964689001925, 0.40098558527672556]]}