{"position": [[-9.107317697870773, 0.08075493574142456, -6.766425187176379], [-15.889929708390813, 0.08075493574142456, -7.380143305533416], [-7.177441944435704, 0.08075493574142456, -5.536730145391145], [-9.52405411412914, 0.08075493574142456, -4.97071383595073], [-11.972762328580629, 0.08075493574142456, -3.58959488033925]], "number_of_bots": 5, "bot_trajectory": [[0.013172492447541217, 0.03682111815533655, 2.5252153755545192, -3.726955706661853, 1.725880731776658, 0.4166743928378375], [0.006910581883007227, 0.012510361684906735, -4.257396634965521, -4.340673825018889, 2.9276521175795773, 0.3359142360778043], [0.005527739717048241, 0.0011251818832966665, 4.455091128989589, -2.4972606648766185, 0.2163021779370108, 0.3178588648396563], [0.016919510912470494, 0.03326459249516035, 2.108478959296154, -1.9312443554362035, 0.8036592555533948, 0.3303651187647812], [0.003820635961258001, 0.007850319770989423, -0.34022925515533653, -0.5501253998247235, 2.5584620029599923, 0.43283620373053805]]}