{"position": [[-11.683507425492168, 0.050591811537742615, -1.3867986804213492], [-12.559326788737096, 0.050591811537742615, 0.5925348222103981], [-8.895028273430642, 0.050591811537742615, -5.248785173141569], [-15.840966496581878, 0.050591811537742615, -7.266526566914022], [-7.450310119647468, 0.050591811537742615, -1.2318393754961865], [-14.107286330338336, 0.050591811537742615, -1.7391737877952251], [-11.926468086970235, 0.050591811537742615, -1.6495219696944607], [-13.80196600311293, 0.050591811537742615, -1.675854520526432], [-14.086516436466573, 0.050591811537742615, -1.077031733265288], [-9.40061725469046, 0.050591811537742615, 1.0856323589383363], [-9.833778323501317, 0.050591811537742615, -6.270253386629764], [-9.76575145926716, 0.050591811537742615, -1.1836450486708907], [-15.54419612598146, 0.050591811537742615, -1.5250365475145844], [-12.572603915938465, 0.050591811537742615, -5.597572253740005], [-7.839621558488699, 0.050591811537742615, -4.376596646394769], [-16.029593428011992, 0.050591811537742615, -4.319238474266589]], "number_of_bots": 16, "bot_trajectory": [[0.05397055254915284, 0.09964700931231854, 0.39343883305275384, 2.4185811871323617, 1.5510066744206443, 0.41774012951441186], [0.009781153259038434, 0.04753180435006967, -0.48238053019217464, 4.397914689764109, 1.5634066986499087, 0.45173383022177893], [0.0664491874970446, 0.04647779577808274, 3.18191798511428, -1.4434053055878582, 0.5785484041680896, 0.419644671934179], [0.0906828177415989, 0.07094272969431985, -3.764020238036956, -3.4611466993603113, 1.2904376506175272, 0.5194268253453149], [0.0491307817820962, 0.031059370881545468, 4.626636138897454, 2.5735404920575244, 2.881863159405928, 0.4137556543588951], [0.047091575349632875, 0.00706034739730661, -2.0303400717934137, 2.066206079758486, 2.376621846699698, 0.47890131948077375], [0.08076959826236532, 0.06778152331087668, 0.15047817157468613, 2.15585789785925, 2.4641848960570947, 0.47651456182642193], [0.08117906421924245, 0.047851773591795675, -1.7250197445680093, 2.129525347027279, 2.322821034645715, 0.4185925727311216], [0.03906675071516889, 0.07621145423866352, -2.0095701779216513, 2.728348134288423, 0.4230994489826166, 0.4548624802196387], [0.04603680309817028, 0.02187195469059895, 2.6763290038544616, 4.891012226492047, 1.9193548062373098, 0.3874190607355692], [0.09287585265388132, 0.02752305393770068, 2.243167935043605, -2.464873519076053, 0.2523199835260714, 0.4989995751823858], [0.0448065325256747, 0.04666340872567012, 2.3111947992777626, 2.6217348188828202, 0.8433025231423349, 0.5235474674316618], [0.017043155231762253, 0.05092583147817672, -3.467249867436537, 2.2803433200391265, 3.0310781806251494, 0.313435072522928], [0.08008956655373248, 0.09336723063650076, -0.4956576573935434, -1.7921923861862943, 1.0593947029281034, 0.4473843245355147], [0.05766768994459846, 0.023269782431557882, 4.237324700056223, -0.5712167788410583, 3.1148356939439297, 0.440238077367469], [0.08938576956035751, 0.027001440319832294, -3.9526471694670704, -0.5138586067128781, 2.4996219153251675, 0.31896603017810365]]}