{"position": [[-7.527148967544973, 2.8221523761749268, -6.902887401088601], [-1.7231677489918154, 2.8221523761749268, -6.028019232700835], [-8.697564852345558, 2.8221523761749268, -8.9940691509632], [-1.0641321830008534, 2.8221523761749268, -4.362620898495473], [-2.9814214155766363, 2.8221523761749268, -4.366260402652181], [-6.189872084398831, 2.8221523761749268, -6.248889022670925], [-0.6885104334617509, 2.8221523761749268, -2.8892498265074344], [-3.1270566802338395, 2.8221523761749268, -9.666338807562095], [-6.038896128941502, 2.8221523761749268, -5.107108254291821], [-2.2661508952075637, 2.8221523761749268, -5.970429121341463], [-4.5253351333371725, 2.8221523761749268, -1.3032443666373057], [-3.0401142196232094, 2.8221523761749268, -6.8196561898052], [-1.3295287967179972, 2.8221523761749268, -4.309322879756428], [-7.514569853421729, 2.8221523761749268, -8.172933700015133], [-7.4571129844221, 2.8221523761749268, -3.949960480152452], [-4.019009171038198, 2.8221523761749268, -8.124545561938632]], "number_of_bots": 16, "bot_trajectory": [[0.09736992285569004, 0.09957912642170111, -2.5914828832554226, -1.1451340288962186, 0.37704414129516456, 0.3292489242245529], [0.06847497827272898, 0.03335947172177063, 3.2124983352977354, -0.2702658605084518, 2.02789517591957, 0.2849785587748281], [0.015626643094409375, 0.09783028541365722, -3.7618987680560068, -3.2363157787708174, 2.479664752944236, 0.4736071783787605], [0.02454558948767105, 0.03117602155402689, 3.8715339012886973, 1.3951324736969095, 1.0027188087025651, 0.48849355811181017], [0.0999380524443417, 0.03458100780890472, 1.9542446687129145, 1.3914929695402012, 2.0284146508612686, 0.4771875514783799], [0.028226024971804188, 0.091170855185477, -1.2542060001092803, -0.49113565047854246, 1.8473611273782582, 0.26695692924748304], [0.04174329278124974, 0.03910203831335968, 4.2471556508278, 2.8685035456849484, 0.7692404158268186, 0.30113271858449675], [0.00999907478931975, 0.06527655982415198, 1.808609404055711, -3.9085854353697123, 1.1040645723251612, 0.4521963540250229], [0.013741182185311961, 0.06897892898236455, -1.1032300446519516, 0.6506451179005623, 2.938702074475754, 0.40419709428351047], [0.04685948670301123, 0.03723590088385002, 2.669515189081987, -0.2126757491490805, 0.9553478897355467, 0.459463559424798], [0.07033904736103594, 0.010849372027592563, 0.4103309509523778, 4.454509005555077, 2.3677475403931085, 0.2800974439392559], [0.08482353961331494, 0.01919467837272265, 1.8955518646663416, -1.0619028176128176, 2.3810714993106252, 0.4768897084480347], [0.0675491318666027, 0.03186159746835863, 3.6061372875715536, 1.4484304924359548, 0.44749357845916854, 0.2952730745365019], [0.010020666030622617, 0.004940963052307945, -2.578903769132178, -2.41518032782275, 2.636031947610455, 0.4133335373165491], [0.008793332166123258, 0.09001162941844883, -2.521446900132549, 1.807792892039931, 1.7509973280173612, 0.3633456408398747], [0.06481495884845787, 0.0804002946125358, 0.9166569132513525, -2.3667921897462496, 1.115509165914457, 0.33373575014505263]]}