{"position": [[3.135982995678889, 0.03683987259864807, 9.024253343230436], [-0.9146936919836475, 0.03683987259864807, 8.826295936644172], [3.0001422867126255, 0.03683987259864807, 7.278031654624444], [-2.1514735190586727, 0.03683987259864807, 3.720489420771666], [2.8203780637811144, 0.03683987259864807, 8.058290291088657], [3.1728988517771546, 0.03683987259864807, 7.696379190118096], [-0.4436283394743852, 0.03683987259864807, 10.469655704234938]], "number_of_bots": 7, "bot_trajectory": [[0.020063347440594948, 0.038940797962336626, 4.307565217663752, 0.9047188507377601, 0.11154845368469384, 0.3202481804081989], [0.07984473695015984, 0.070373731776626, 0.2568885300012158, 0.7067614441514958, 2.2824964200276656, 0.3155235449310804], [0.032509717112315685, 0.03398881637539806, 4.171724508697489, -0.8415028378682321, 1.2197946725381503, 0.4054672682467745], [0.06323408823824828, 0.04401747068547056, -0.9798912970738094, -4.39904507172101, 2.199399670766476, 0.30993939125171266], [0.0413073869117457, 0.0672869818070547, 3.9919602857659777, -0.061244201404019316, 0.5446165995176004, 0.33005965238928214], [0.0156524740987094, 0.04088344606523884, 4.344481073762018, -0.42315530237458043, 1.1880638095836273, 0.4645538810300194], [0.022356491010589886, 0.031093151620138336, 0.7279538825104781, 2.350121211742262, 2.732081615744007, 0.3085481846620724]]}