{"position": [[-2.401847501532087, 0.16346392035484314, 0.8301896946898011], [-6.203818426050583, 0.16346392035484314, -1.3036630460102208], [1.081967742305407, 0.16346392035484314, 4.244889432067216], [-0.30696604767460833, 0.16346392035484314, 1.4269954246684389], [-3.339590921697063, 0.16346392035484314, 5.566552159668547], [-5.499182667019906, 0.16346392035484314, 3.654301419647201], [-4.419035421293449, 0.16346392035484314, 4.433834128393478], [-5.838089675613734, 0.16346392035484314, 0.7281151847374465], [-1.826941243736335, 0.16346392035484314, 0.7194005239050114], [-3.3361346733920114, 0.16346392035484314, 2.19808976919552]], "number_of_bots": 10, "bot_trajectory": [[0.08767793190071035, 0.08738051874443915, 0.9662312071165946, -1.4708085162171813, 2.321022943914813, 0.4408237714094514], [0.08565336393633127, 0.03530075538493549, -2.8357397174019017, -3.604661256917203, 1.9849483105411938, 0.34557728308559854], [0.09366689667608, 0.0547764152858559, 4.450046450954089, 1.9438912211602344, 2.8066428457073935, 0.4866244904196534], [0.08921158980198542, 0.01212885071236346, 3.0611126609740733, -0.8740027862385435, 1.803316037744511, 0.49942804943489955], [0.017849015113799483, 0.09030585479577906, 0.028487786951618688, 3.265553948761565, 2.300266171047259, 0.31369986691496454], [0.07663762178494635, 0.07715684160581718, -2.1311039583712246, 1.3533032087402186, 1.5190008964938624, 0.4885085466021232], [0.06698008457914234, 0.0020310226581914835, -1.0509567126447672, 2.1328359174864953, 1.425871760109811, 0.2834206741162581], [0.0016642714199417874, 0.04051956871881364, -2.4700109669650527, -1.572883026169536, 0.5369253972644993, 0.4086514871495617], [0.011611863769731912, 0.01153842998959539, 1.5411374649123466, -1.581597687001971, 1.1977856347181957, 0.3629620564998467], [0.06084810164128211, 0.03556947891922768, 0.03194403525667022, -0.1029084417114623, 0.1918381741557852, 0.41581306853855976]]}