{"position": [[-5.228504688861464, -3.2328927516937256, -1.5917056591755294], [-3.6074366654533008, -3.2328927516937256, 3.546254664544672], [-9.009001104127726, -3.2328927516937256, 2.9435751361800038], [-2.61309347161635, -3.2328927516937256, 0.2120476647696572], [-7.069911438566007, -3.2328927516937256, 3.5683815136772736], [-4.343852714011984, -3.2328927516937256, 0.822726487055037], [-8.709754782506348, -3.2328927516937256, 3.5977368813226525], [-3.9634271819939637, -3.2328927516937256, -3.2882038392806363], [-6.152749067491813, -3.2328927516937256, 2.707308316132668], [-6.238861545237892, -3.2328927516937256, 3.872564775487776], [-6.012620965362321, -3.2328927516937256, 0.343909305064644]], "number_of_bots": 11, "bot_trajectory": [[0.025170866090512743, 0.019173681483908245, 1.1077623056148544, -2.437633970523491, 0.5971663350448059, 0.5194351815174113], [0.03139355954521513, 0.027304470493057852, 2.7288303290230176, 2.7003263531967105, 1.841916974344293, 0.3974052747463151], [0.09500004529148656, 0.043200607688143135, -2.672734109651409, 2.0976468248320423, 0.37727200027718527, 0.2919742502066678], [0.0610694695831834, 0.0862096583731832, 3.7231735228599683, -0.6338806465783042, 0.15872908430833646, 0.5181974771721544], [0.05313482369585022, 0.06738129051192486, -0.7336444440896883, 2.722453202329312, 0.3589021369286775, 0.39217198106187195], [0.012982307440008079, 0.01446675247574557, 1.992414280464334, -0.02320182429292439, 1.2594237027472583, 0.46157239966019636], [0.09758276579891911, 0.028189020605420844, -2.3734877880300287, 2.751808569974691, 1.6310459901638295, 0.2688579757073168], [0.06833858151880834, 0.07243703022297127, 2.3728398124823546, -4.134132150628598, 0.29010277277563334, 0.416754661866585], [0.0016588249806985145, 0.016341671089292055, 0.18351792698450553, 1.8613800047847062, 1.6687301118685152, 0.35258560137851946], [0.05144103110421899, 0.059061786910649804, 0.09740544923842576, 3.0266364641398145, 2.7255791856585687, 0.30438745410257095], [0.0012752763392048672, 0.0022382559865116282, 0.32364602911399754, -0.5020190062833174, 1.6333267299576915, 0.368049000708391]]}