{"position": [[4.8394415550161645, 0.1510181725025177, -10.78389871008006], [8.761825709357558, 0.1510181725025177, -4.724837171952884], [0.2557715033861392, 0.1510181725025177, -11.057404481879761], [8.230798965485729, 0.1510181725025177, -6.036594934548873], [1.7916600834149805, 0.1510181725025177, -3.9513704596735115], [8.231322756715908, 0.1510181725025177, -10.500492768972837], [4.5393558741361115, 0.1510181725025177, -12.565811796410669], [7.413223062422082, 0.1510181725025177, -8.186090521705426], [6.646623665104865, 0.1510181725025177, -4.21216436151355], [5.883164196054623, 0.1510181725025177, -11.266600681559192]], "number_of_bots": 10, "bot_trajectory": [[0.09166333628294925, 0.047535479682370874, 0.2817051582266139, -2.8108576524933904, 1.1950876443727283, 0.27142710096049527], [0.043627670715430625, 0.0546548083827603, 4.204089312568007, 3.248203885633786, 2.7484759650120356, 0.4050932489943323], [0.05406559702210023, 0.008645551086704718, -4.301964893403412, -3.0843634242930906, 2.2542651569613392, 0.43034733712399365], [0.08721261270359013, 0.000558825371037086, 3.673062568696178, 1.9364461230377972, 2.7589592814420536, 0.26182435089512024], [0.017763416857973578, 0.017422340232859414, -2.7660763133745703, 4.021670597913158, 1.25409459076905, 0.4360848088817174], [0.0727107292223107, 0.03653743549314566, 3.6735863599263583, -2.527451711386167, 0.3874889611805798, 0.3056212225555601], [0.0635796714737479, 0.007271257627709504, -0.01838052265343948, -4.592770738823999, 2.8820009906753183, 0.39852016367872695], [0.06122951837266986, 0.026907658508484523, 2.8554866656325317, -0.21304946411875525, 1.331174010470182, 0.5036411290012682], [0.0004981937448496288, 0.014531868032057128, 2.0888872683153146, 3.7608766960731197, 2.4632226117000138, 0.4360125437261], [0.04255621049583973, 0.020561045478148677, 1.325427799265072, -3.2935596239725218, 1.198590066094733, 0.40625432025135166]]}