{"position": [[-8.10361586738528, 0.11970052123069763, 2.5480165509346575]], "number_of_bots": 1, "bot_trajectory": [[0.0675936381763346, 0.07162376896484496, -0.15670071769655958, 0.576197150147304, 2.6329412024940004, 0.4166539843498449]]}