{"position": [[-2.2514634132385254, 0.7254186868667603, -0.7399044036865234], [-2.2514634132385254, 0.7254186868667603, 1.2600955963134766], [-2.2514634132385254, 0.7254186868667603, -3.7399044036865234], [0.7485365867614746, 0.7254186868667603, 0.26009559631347656], [0.7485365867614746, 0.7254186868667603, 2.2600955963134766], [-4.251463413238525, 0.7254186868667603, 0.26009559631347656]], "number_of_bots": 5, "bot_trajectory": [[0.04533173362779218, 0.007051026723921982, -2.2514634132385254, -0.7399044036865234, 1.1014563622315845, 0.3805280475232136], [0.08247751195566272, 0.08724617324840088, -2.2514634132385254, 1.2600955963134766, 1.6497364267855754, 0.4382023880112265], [0.021328492016005916, 0.07457413660868725, -2.2514634132385254, -3.7399044036865234, 0.9992719163639938, 0.2997215164365273], [0.02784548657362962, 0.09710740713218566, 0.7485365867614746, 0.26009559631347656, 0.9820305752558995, 0.5114416650226248], [0.0884994583510263, 0.04667315992459629, 0.7485365867614746, 2.2600955963134766, 2.0296551836582966, 0.5169790856204126]]}