{"position": [[2.067655951338204, -2.4846904277801514, -0.9732736845595245], [2.3004583075298743, -2.4846904277801514, 6.921265339190075], [-1.85647371729035, -2.4846904277801514, 2.7176888933483037], [-2.4596540094362718, -2.4846904277801514, 4.681269073659619]], "number_of_bots": 4, "bot_trajectory": [[0.038896174792450576, 0.04932150236786931, 3.455489308195504, -3.025351693211258, 2.7861237491066775, 0.3879085725454], [0.024395376500855215, 0.06332814671056507, 3.688291664387174, 4.869187330538342, 2.120413084915028, 0.27849114244281464], [0.06025449424901088, 0.010914981632350617, -0.46864036043305024, 0.6656108846965703, 2.78803390444342, 0.337063010764963], [0.0840401800273031, 0.022959703033922464, -1.071820652578972, 2.6291910650078854, 1.7676092918689308, 0.5006332612905922]]}