{"position": [[-0.9567512383547299, 0.0504930317401886, -1.9312721991168453], [3.221702829982232, 0.0504930317401886, 0.503335396641325], [3.181070484434959, 0.0504930317401886, -2.533396931936543], [2.5102012291396996, 0.0504930317401886, 3.702707350124424], [1.8548332887698578, 0.0504930317401886, -2.5241390901697653], [-0.03095729560526017, 0.0504930317401886, -1.5562662410287094], [1.6567731175031104, 0.0504930317401886, -2.8211239045753427], [-1.8834064974593727, 0.0504930317401886, -1.9486692398725287], [5.124704738166217, 0.0504930317401886, -4.91956365926035], [2.3880247206770564, 0.0504930317401886, -5.240446650458368], [4.100007620618668, 0.0504930317401886, -4.161174753126758], [3.9203260201781283, 0.0504930317401886, 4.157378466395269]], "number_of_bots": 12, "bot_trajectory": [[0.09008873614288657, 0.06596093238642979, -3.0360561719027035, -1.3352866673098995, 2.9439766733621933, 0.3443436171494364], [0.001136293979938463, 0.06632162659978871, 1.1423978964342585, 1.0993209284482708, 1.0443041965865798, 0.44818051108953183], [0.06013958932868957, 0.0526820754303135, 1.101765550886985, -1.9374114001295972, 1.0274739364683763, 0.2754703836609948], [0.0680235452526112, 0.008034274009839392, 0.43089629559172615, 4.29869288193137, 1.6122822245863797, 0.375985136105775], [0.08881778911362356, 0.019817922549708766, -0.22447164477811588, -1.9281535583628195, 0.986598881649441, 0.41262049193997297], [0.07739417151263156, 0.03999902957528423, -2.110262229153234, -0.9602807092217636, 1.6949464773763752, 0.31968044000860696], [0.06886710958682227, 0.066166240600421, -0.42253181604486323, -2.225138372768397, 0.27805306598747276, 0.4738347240139671], [0.09749398537565188, 0.04626545886928248, -3.9627114310073464, -1.352683708065583, 2.377570079599275, 0.508042221231846], [0.04351375550924848, 0.07201196821875569, 3.0453998046182438, -4.323578127453405, 0.7002978928920934, 0.4675732503239151], [0.02468209708766762, 0.002503867149212713, 0.30871978712908255, -4.644461118651423, 0.9039380983385985, 0.2736499607962364], [0.021022777768644973, 0.0011721145388132958, 2.0207026870706946, -3.5651892213198124, 2.253446167424007, 0.35741993892523527], [0.03240599824101681, 0.09384195971577794, 1.8410210866301546, 4.7533639982022144, 1.4537998870270905, 0.471833603055126]]}