{"position": [[14.163151327927428, 0.10891556739807129, -3.6035179266780744], [7.250253876798396, 0.10891556739807129, 1.0965327170864918], [11.314232407279256, 0.10891556739807129, 2.8652584509716945], [5.57224993821734, 0.10891556739807129, 0.1930629205821459], [8.697085361927183, 0.10891556739807129, -5.46077226082681], [10.75794596999795, 0.10891556739807129, -2.0389647925875116], [14.308940639342554, 0.10891556739807129, -1.8529386050364234], [14.017672867271502, 0.10891556739807129, 1.3305864708370923], [8.51600026068413, 0.10891556739807129, -1.7999741589421498], [7.031336374593023, 0.10891556739807129, -5.755077636848525], [9.22761862528162, 0.10891556739807129, -1.6373439403093955], [5.236825851205, 0.10891556739807129, -3.4948459635947042], [14.489442277236563, 0.10891556739807129, -0.2921442467685871]], "number_of_bots": 13, "bot_trajectory": [[0.09649487286999456, 0.011433949482643712, 3.997742239792663, -1.505637801632298, 1.5364462096343046, 0.3095703614733173], [0.022252228009118125, 0.01825339746595934, -2.915155211336369, 3.194412842132268, 1.9857595423720886, 0.4262325622886495], [0.0969210650623075, 0.06582320488768298, 1.1488233191444908, 4.963138576017471, 1.0595699925695157, 0.49159757717238173], [0.08753020406345002, 0.09884107784879707, -4.593159149917426, 2.2909430456279223, 1.3061076629343464, 0.5047770876490402], [0.09347847458654186, 0.04938803891722502, -1.4683237262075821, -3.362892135781034, 3.0413505729715182, 0.462319816665013], [0.08047999243993494, 0.08318288594381154, 0.5925368818631838, 0.058915332458264746, 2.378052863917075, 0.406795055887625], [0.062473861959971996, 0.024147977751435856, 4.143531551207788, 0.244941520009353, 1.7682299870745324, 0.41770281788361946], [0.018958222708655447, 0.077183227862861, 3.8522637791367362, 3.4284665958828686, 0.8704037534414282, 0.4718125061983143], [0.047462373261057955, 0.06884168980102831, -1.6494088274506347, 0.2979059661036265, 2.2466525205732286, 0.4057812951015223], [0.0828306889820416, 0.008712755693465257, -3.1340727135417423, -3.6571975118027487, 2.9931650747201513, 0.5172416211992119], [0.08334689651586805, 0.04103417379664197, -0.9377904628531464, 0.4605361847363809, 1.7871371969173337, 0.4811258082234918], [0.00917414916698107, 0.016216573152021886, -4.928583236929765, -1.396965838548928, 3.1050070832860652, 0.42638538897788864], [0.016849465282270448, 0.0022406619302950182, 4.324033189101797, 1.8057358782771893, 2.644772051489883, 0.4410948781086286]]}