{"position": [[7.444011973950435, 1.3323256969451904, -4.089531574471845], [12.492637383256891, 1.3323256969451904, -4.184956777789623], [13.27578424813406, 1.3323256969451904, -0.5222086168120783], [7.864677309364091, 1.3323256969451904, 3.7215206227000124], [4.4501804772922595, 1.3323256969451904, 1.2111617255168177], [3.825789870022101, 1.3323256969451904, 3.1510614201299276], [4.579875864574255, 1.3323256969451904, 4.8240967273761095], [8.19630993843577, 1.3323256969451904, -1.3902285328403658], [8.95520864868297, 1.3323256969451904, -0.4185167434433885], [12.24983059479561, 1.3323256969451904, -2.7253014362009815], [10.523892717113103, 1.3323256969451904, 3.7752599895061394], [11.51193846385813, 1.3323256969451904, 3.8733378512028542], [4.666462730697198, 1.3323256969451904, -4.489119026211021], [6.980738696995176, 1.3323256969451904, -0.3392958910287809], [6.062821478568973, 1.3323256969451904, -3.0742777702550357], [13.256258344625948, 1.3323256969451904, 3.8875064717237153], [4.469093364674394, 1.3323256969451904, -2.232494685773193], [13.402426267624708, 1.3323256969451904, 4.55007105033291], [8.750793932031637, 1.3323256969451904, 2.8167216118847955]], "number_of_bots": 19, "bot_trajectory": [[0.08786774263462956, 0.0765847110107353, -1.2034985546140187, -4.089495781882658, 0.2826557506923515, 0.3293128504140792], [0.05028013124321914, 0.011954802480836857, 3.845126854692439, -4.184920985200435, 2.703292132120043, 0.3346755764750668], [0.06841160752406433, 0.016794872030037634, 4.6282737195696075, -0.5221728242228907, 0.6077912309901499, 0.32903039206430995], [0.0536768096152063, 0.09725597435384986, -0.7828332192003618, 3.7215564152892, 2.2624404053458855, 0.38220183269310326], [0.027414274327874223, 0.015309019975383364, -4.197330051272194, 1.2111975181060053, 0.3660383669120782, 0.4784859920798098], [0.03897120766822341, 0.05475157289779753, -4.821720658542352, 3.1510972127191152, 2.2903927826273445, 0.29742441886870974], [0.05879532615473536, 0.06946725288479468, -4.067634663990198, 4.824132519965297, 0.5846985381806536, 0.32122862338747665], [0.07712248417669407, 0.09971918240689445, -0.4512005901286842, -1.3901927402511782, 1.8543679209650357, 0.47397081905961136], [0.053934610983012346, 0.0332823444845078, 0.30769812011851694, -0.4184809508542009, 2.2506984384493154, 0.48338358932693687], [0.050230828272555095, 0.007809608686496628, 3.6023200662311563, -2.725265643611794, 0.37963798673251975, 0.49694666792945574], [0.07699400664800685, 0.014312259230449398, 1.876382188548651, 3.775295782095327, 2.905029627709224, 0.35105822362377614], [0.028007747445922593, 0.08869177131152498, 2.8644279352936763, 3.873373643792042, 3.090766565212863, 0.3192962258931243], [0.03316787084322852, 0.04488079133002058, -3.981047797867255, -4.489083233621834, 2.959131927942909, 0.4679084272958914], [0.03845811417540472, 0.0682682322157811, -1.666771831569277, -0.33926009843959326, 1.4075105250013926, 0.38827743469897863], [0.039799709067746214, 0.07642123287390003, -2.5846890499954798, -3.074241977665848, 1.096689792740609, 0.37908491101514113], [0.055386001273328475, 0.02634445763478168, 4.608747816061495, 3.887542264312903, 0.7706747834628925, 0.40974538575598224], [0.009214260731866819, 0.05725243471789474, -4.178417163890059, -2.2324588931840053, 1.6769221845424795, 0.42492437106251296], [0.048094510897713036, 0.03430702555298124, 4.754915739060255, 4.550106842922098, 0.1282082333954894, 0.5116165649027367], [0.039118444391493576, 0.04561518281153816, 0.10328340346718479, 2.816757404473983, 1.7608007722796357, 0.3937955938495554]]}