{"position": [[2.268787366267972, 0.06151103973388672, -4.626408963358664], [7.867423825600427, 0.06151103973388672, -5.67074346411863], [8.320075351548255, 0.06151103973388672, -1.0813536996963908], [1.7966290057057481, 0.06151103973388672, -3.9454376327420566], [9.73211576299789, 0.06151103973388672, -2.9338351388948896], [9.646134770550585, 0.06151103973388672, -4.531315329290223], [3.7021087850283316, 0.06151103973388672, 0.49098278267191864], [3.425019094013548, 0.06151103973388672, 0.822514565336006], [6.337561801830935, 0.06151103973388672, 2.1793534148821085], [5.321432149129954, 0.06151103973388672, -0.5230696209445624], [4.1351543049498085, 0.06151103973388672, -5.638255475954922], [3.802785223547843, 0.06151103973388672, -3.72907229137666], [6.732315361834433, 0.06151103973388672, 3.199102063960625], [4.825485050345856, 0.06151103973388672, -1.0757089221727163], [6.245841811391553, 0.06151103973388672, -1.4076213158385016], [9.628238392426404, 0.06151103973388672, 1.371633261429304]], "number_of_bots": 16, "bot_trajectory": [[0.021552847316770075, 0.012849019262740458, -4.161522883060641, -3.7572598148944603, 0.24799081631975162, 0.36370414652141464], [0.07186603755018495, 0.09182751034912925, 1.4371135762718135, -4.801594315654427, 0.7676684257401396, 0.28644830535663635], [0.02431851902549135, 0.08541944312009142, 1.8897651022196404, -0.21220455123218795, 1.1923277478552992, 0.48684296088364554], [0.003784412093216549, 0.07349314361982787, -4.633681243622865, -3.0762884842778537, 2.3543448600272496, 0.31637711001660074], [0.04138629792868541, 0.0578211024124082, 3.301805513669276, -2.0646859904306867, 2.166480737051283, 0.4793929792549594], [0.025069850870353204, 0.06245744110176156, 3.215824521221972, -3.66216618082602, 2.3809103176265154, 0.5042128548223046], [0.006818356953608162, 0.006068804331793442, -2.7282014643002817, 1.3601319311361215, 2.543653180460027, 0.3319166725559608], [0.05613861930912202, 0.04460812452681421, -3.0052911553150654, 1.6916637138002089, 0.8098544668183376, 0.4453736356576986], [0.058136332768872256, 0.017632796535605722, -0.09274844749767808, 3.0485025633463114, 0.4036376977627131, 0.38183052215718], [0.05941270047590762, 0.030983011869038866, -1.1088781001986592, 0.34607952751964044, 1.117140944273304, 0.3044743865699311], [0.02315603045624911, 0.04156115856108931, -2.2951559443788048, -4.769106327490719, 2.256370237330268, 0.2699263858644449], [0.049989522451294365, 0.06665955187189948, -2.6275250257807703, -2.859923142912457, 1.6938196340361547, 0.26414847737112446], [0.019623075758189622, 0.05159440483597769, 0.30200511250581985, 4.068251212424828, 1.9360072943442008, 0.3191278482927966], [0.07696970418088023, 0.029140007914133837, -1.6048251989827578, -0.20655977370851342, 1.0835733582995288, 0.42861968857014693], [0.09639523300600107, 0.030026990057956116, -0.18446843793706091, -0.5384721673742987, 1.9346292386307031, 0.5101153733826866], [0.08530004337267279, 0.07857135102509652, 3.19792814309779, 2.240782409893507, 1.6612642986969415, 0.36385485328270406]]}