{"position": [[-3.508686432988889, -1.6616421937942505, -1.412338238960299], [-0.2622871304542964, -1.6616421937942505, -2.1886905693175116], [-6.034042265670774, -1.6616421937942505, -5.285469183670153], [-6.076280211813029, -1.6616421937942505, -6.371823866668191], [0.7398013378888821, -1.6616421937942505, -2.9785748959124003], [-7.244296517363273, -1.6616421937942505, 0.506121348959053], [-6.778659208851742, -1.6616421937942505, -0.2708681569229776], [-0.9496347934601681, -1.6616421937942505, -2.4202511280776484], [-3.9042337250060344, -1.6616421937942505, -2.6229583130486454], [0.29424302493753274, -1.6616421937942505, 2.4255863010143965]], "number_of_bots": 10, "bot_trajectory": [[0.09201189663486908, 0.07345361720731367, -1.203132519872434, 0.36493398546597056, 1.5374492083619389, 0.32001232730372686], [0.0782576051127282, 0.03139586711857785, 2.0432667826621587, -0.4114183448912423, 2.0835800951113193, 0.4102207863003585], [0.09583068402274093, 0.012292505345338933, -3.7284883525543187, -3.5081969592438833, 0.46346037575246324, 0.39074271963087026], [0.00695627795387741, 0.04206143406346062, -3.770726298696574, -4.594551642241921, 1.0454336350841889, 0.49483706250554027], [0.007663495063784498, 0.06520490191141222, 3.045355251005337, -1.2013026714861308, 1.7006475195792237, 0.4934529103357037], [0.06340029780480419, 0.07956306341447325, -4.938742604246818, 2.2833935733853226, 0.28711554193628797, 0.29250146093605], [0.08342102630045362, 0.04747614201567887, -4.473105295735287, 1.506404067503292, 2.5574073579324175, 0.46130498579947515], [0.08179283971041389, 0.07418630408381235, 1.355919119656287, -0.6429789036513789, 0.029567357664272046, 0.40796874041813835], [0.07962494221700357, 0.04814664660731506, -1.5986798118895795, -0.845686088622376, 2.182273681402165, 0.2717500198489569], [0.01831337876344752, 0.041492123805220105, 2.599796938053988, 4.202858525440666, 2.520529104397222, 0.5182535420411761]]}