{"position": [[6.945143672406597, 0.1355833113193512, -6.766182746261451], [3.6643284815115047, 0.1355833113193512, -2.9529589493462094], [7.784862624678762, 0.1355833113193512, 0.1759568646436751], [5.936222148141473, 0.1355833113193512, 0.7365335966002275], [-0.4702549475172475, 0.1355833113193512, -5.52686522894863], [3.046353738147263, 0.1355833113193512, 0.665096194783807], [1.6375391762466578, 0.1355833113193512, -7.624856009866758], [-1.553596844670091, 0.1355833113193512, 1.1130342063574439], [-0.7158055873719111, 0.1355833113193512, -5.518836476178466], [5.029364061896182, 0.1355833113193512, 0.42291893064003006], [7.137717638682099, 0.1355833113193512, -2.661105508953164]], "number_of_bots": 11, "bot_trajectory": [[0.01142787315982543, 0.0784117643591574, 3.7210561956762502, -3.1789174931944353, 0.5123150702163535, 0.47798997027654205], [0.06872125399772719, 0.020107617176767345, 0.4402410047811578, 0.6343063037208074, 2.140816320488111, 0.5010288422722593], [0.01221545610575563, 0.047305455139177124, 4.560775147948416, 3.7632221177106917, 2.7609268557684117, 0.3771468301028016], [0.021955463752037552, 0.09990145401248676, 2.712134671411126, 4.323798849667244, 2.562791472279781, 0.5122801205431964], [0.0337362326508764, 0.09302243608506597, -3.694342424247594, -1.939599975881613, 0.028801821896694873, 0.42139342345192415], [0.05934784337034323, 0.009146306737047537, -0.1777337385830835, 4.252361447850824, 0.25834047576748964, 0.4542749969355679], [0.02003273464203521, 0.0030457389270802217, -1.586548300483689, -4.037590756799742, 1.7786993171390553, 0.48385567080676417], [0.09541510618728288, 0.08807620720441382, -4.777684321400438, 4.7002994594244605, 0.41706331371850364, 0.3233139784767361], [0.04271373174433466, 0.03930712345576205, -3.939893064102258, -1.931571223111449, 1.2871124060200945, 0.47705744173891185], [0.04531268969259135, 0.06120394101468679, 1.8052765851658348, 4.010184183707047, 1.9698886101742403, 0.37026177055953635], [0.02026806664493299, 0.00935733959496573, 3.913630161951752, 0.9261597441138525, 2.8333868002438547, 0.3268946462583914]]}