{"position": [[-12.393312454223633, 0.1168089434504509, -1.6092073917388916], [-3.893312931060791, 0.1168089434504509, -3.409207344055176], [-12.393312454223633, 0.1168089434504509, -3.409207344055176], [-9.893312454223633, 0.1168089434504509, -2.409207344055176], [-13.893312454223633, 0.1168089434504509, 2.590792655944824], [-5.893312931060791, 0.1168089434504509, -2.409207344055176]], "number_of_bots": 1, "bot_trajectory": [[0.025075946845425467, 0.06321911344451271, -12.393312454223633, -1.6092073917388916, 0.3787417192624457, 0.37283378039724935]]}