{"position": [[-3.3409333170795055, 0.10883912444114685, -3.940549999213143], [2.5518218236088535, 0.10883912444114685, 3.6195463588213164], [1.6545282469897955, 0.10883912444114685, -4.181209778808382], [5.887397861849181, 0.10883912444114685, -4.409173573475883]], "number_of_bots": 4, "bot_trajectory": [[0.047925465327523176, 0.017463395201621035, -4.541794532670936, -4.492293208575173, 0.8757781843719373, 0.4320339564872241], [0.08428371706620827, 0.004591913776539436, 1.350960608017423, 3.0678031494592863, 2.8029466803566505, 0.4495539408608718], [0.0025037113155363276, 0.03407320803280741, 0.45366703139836484, -4.732952988170412, 3.027782737727531, 0.285487802645498], [0.08934527309370924, 0.06491937241051153, 4.686536646257751, -4.960916782837913, 0.3545195966577013, 0.37832309268117326]]}