{"position": [[7.117236240577403, 0.1170770525932312, -10.332737438316183], [5.113471764826894, 0.1170770525932312, -2.502002309459571], [7.013582548005887, 0.1170770525932312, -5.8946274403587955], [3.6097298643314693, 0.1170770525932312, -2.8607472495203865], [3.471088479429887, 0.1170770525932312, -9.876862036360613], [6.142389990183656, 0.1170770525932312, -10.560487079111283]], "number_of_bots": 6, "bot_trajectory": [[0.0444522871848063, 0.0019179554973253743, 3.7949210245129494, -4.199206821555929, 1.1310540315315813, 0.4836323283137793], [0.0161804848506951, 0.03857606859383006, 1.7911565487624403, 3.631528307300683, 0.9835418092532701, 0.3372986298008493], [0.09989678779008422, 0.06829360975501628, 3.6912673319414346, 0.2389031764014582, 0.18711922916842819, 0.29835627215443195], [0.03494702962405497, 0.04300582654002959, 0.2874146482670159, 3.2727833672398674, 0.8573390251319085, 0.3418043131225346], [0.06687859734889155, 0.07417329734077151, 0.14877326336543373, -3.7433314196003584, 1.0906068464340501, 0.5063335642470127], [0.04895799178375282, 0.025458206246464343, 2.8200747741192025, -4.426956462351029, 1.2137212242523336, 0.4583479275513031]]}