{"position": [[-3.191135788557432, -1.8526053428649902, -4.3813913186307545], [4.644048586146685, -1.8526053428649902, -0.42726797975682684], [1.9824306957389084, -1.8526053428649902, -5.3387109537030595], [-0.2063658733784044, -1.8526053428649902, -0.002698458511042112], [2.125056933870466, -1.8526053428649902, 2.3078999294301292], [-0.18529698439622577, -1.8526053428649902, 0.9236503191955601], [3.392433135273777, -1.8526053428649902, 0.8489074540179429], [3.0058222843106934, -1.8526053428649902, -1.910286442323017], [4.965632291133847, -1.8526053428649902, -2.070068401986437], [2.042512298755771, -1.8526053428649902, 1.2336632037168882], [-3.4327801843773718, -1.8526053428649902, -0.26207208625409706], [-3.178339706307602, -1.8526053428649902, -6.740563548111115], [-4.622100137620533, -1.8526053428649902, 0.6211125965613409], [-0.6191784199341008, -1.8526053428649902, 0.642209934851782], [0.9708778754489358, -1.8526053428649902, -6.417021045950145], [-4.271988211865239, -1.8526053428649902, 2.1171532525728622], [2.695159331544218, -1.8526053428649902, -0.6952235304419063]], "number_of_bots": 17, "bot_trajectory": [[0.028486941021055746, 0.09406942278167243, -3.3627534157012917, -1.7356543858762374, 1.323062656774782, 0.26359668260282093], [0.08985557957605257, 0.05843683415004671, 4.472430959002825, 2.2184689529976898, 1.2300421639929233, 0.3496714287468391], [0.07782463738568227, 0.016104168821917387, 1.8108130685950485, -2.692974020948543, 2.824468988035482, 0.30729861402189335], [0.017175469667984344, 0.09174774492007386, -0.37798350052226426, 2.6430384742434745, 0.9152212705705133, 0.4763950345831462], [0.09935934856929646, 0.030258011725448397, 1.9534393067266065, 4.953636862184646, 2.231005111167991, 0.4791489486053673], [0.006159002809040271, 0.08802901729657599, -0.35691461154008564, 3.5693872519500767, 2.798306209219172, 0.3509878141396115], [0.04233293629088215, 0.05640122663726629, 3.2208155081299172, 3.4946443867724595, 0.15565657499938418, 0.3363112955340962], [0.060610088377656635, 0.06453554093410367, 2.8342046571668336, 0.7354504904314996, 2.8007726111839433, 0.31491146344623727], [0.0868614297845848, 0.015084889402965596, 4.794014663989987, 0.5756685307680798, 1.1941924019479842, 0.46359033463838645], [0.007119468995258682, 0.043786424279949485, 1.8708946716119113, 3.879400136471405, 1.1601897425681518, 0.27736857612417215], [0.015541095339168365, 0.04081812693935242, -3.6043978115212316, 2.3836648465004195, 1.9906235048977559, 0.3900258856330925], [0.0055203444889847745, 0.004646576108700196, -3.349957333451462, -4.094826615356598, 3.024728128062923, 0.5064340446691018], [0.0966941738730346, 0.03781530589764574, -4.793717764764393, 3.2668495293158575, 0.7080485403542613, 0.3340417988520906], [0.005971151911698847, 0.07992552161687194, -0.7907960470779607, 3.2879468676062986, 0.9938415714448094, 0.38743097691286], [0.0910849722852976, 0.0865571677058944, 0.7992602483050759, -3.7712841131956285, 0.01546828270023715, 0.35980154399465597], [0.09614027177214426, 0.05184679343544324, -4.4436058390090984, 4.762890185327379, 0.23893758793558809, 0.470275683376475], [0.017247156491306693, 0.07274298933736606, 2.5235417044003583, 1.9505134023126103, 1.7799195349075918, 0.3349363522207107]]}