{"position": [[-4.60129853214039, 0.15188533067703247, 5.14174309296374], [1.0662570891575136, 0.15188533067703247, 2.5623239809682863], [5.011635829341557, 0.15188533067703247, -0.17764577467814924], [1.2073191231774034, 0.15188533067703247, -2.099926579103866], [1.8478844043323646, 0.15188533067703247, 6.253004832430293], [0.5075278057085593, 0.15188533067703247, 6.234623005586522], [-3.0438028541845554, 0.15188533067703247, 3.2881275218424397], [1.4929664201530597, 0.15188533067703247, 1.713852774829425], [-1.2306153439634864, 0.15188533067703247, 1.1779883798699318], [-1.5920223696031737, 0.15188533067703247, 3.7048379878151723], [4.293605800051588, 0.15188533067703247, 5.593920022935711], [-2.0487504987787335, 0.15188533067703247, 2.6450508782715296], [-0.10484284274413214, 0.15188533067703247, 3.383914374324691], [-3.173511427326812, 0.15188533067703247, 2.2225984790138087], [-1.8486849238217946, 0.15188533067703247, 4.75469622725638]], "number_of_bots": 15, "bot_trajectory": [[0.03407861867241542, 0.003963170414281225, -4.948192975175516, 3.0058640531993355, 2.095952424546, 0.3122084937557407], [0.005452542450463916, 0.07035839668118563, 0.7193626461223879, 0.42644494120388177, 0.30955182905387923, 0.4990871037713984], [0.06060239142041759, 0.03891722132957043, 4.6647413863064315, -2.3135248144425535, 0.7420279904529995, 0.28422741650406974], [0.04138684650101554, 0.08829279686109558, 0.8604246801422777, -4.2358056188682705, 0.13350525826169843, 0.2624556369039477], [0.036742879056410695, 0.03183115312552287, 1.5009899612972388, 4.117125792665889, 0.30917540715600794, 0.35521566411487543], [0.0526275462368435, 0.054561937211964284, 0.16063336267343353, 4.098743965822118, 1.6826293953178098, 0.5066891470092372], [0.02203445652440198, 0.04696138110427299, -3.390697297219681, 1.1522484820780354, 0.28962764105965627, 0.4390258121528691], [0.06957363374526582, 0.06857800822023073, 1.146071977117934, -0.4220262649349793, 2.08828670060689, 0.39886490049488477], [0.018542157121412228, 0.029690038486529992, -1.577509786998612, -0.9578906598944725, 0.25228852781105665, 0.2832802572286937], [0.061378023964794845, 0.018648835042944057, -1.9389168126382994, 1.5689589480507682, 2.891010799391929, 0.3642798088985162], [0.02133749566299927, 0.05309176384807714, 3.9467113570164623, 3.4580409831713066, 2.607424251558296, 0.27917403952149805], [0.036860349792504056, 0.08583895330343362, -2.3956449418138592, 0.5091718385071253, 0.10705002209593649, 0.3587643307290888], [0.005265459600898925, 0.06618280521776673, -0.45173728577925787, 1.2480353345602868, 2.62548447455731, 0.4439004910764898], [0.08198574502479423, 0.0021033413113297874, -3.520405870361938, 0.08671943924940417, 2.0324433597811735, 0.499049727133571], [0.015524122192530132, 0.0226387884378594, -2.1955793668569203, 2.6188171874919752, 0.762981358040918, 0.307123224482724]]}