{"position": [[-6.219603198848445, 0.18725335597991943, 2.035725842902223], [1.137942214513191, 0.18725335597991943, -2.53571594331638], [-6.9741669624651195, 0.18725335597991943, 0.5151870540064543], [-4.191464460571546, 0.18725335597991943, -2.7809912439109072], [-8.273122820315727, 0.18725335597991943, -3.8264363520533915], [-6.855947381119151, 0.18725335597991943, 1.9382770952829778], [-3.8812041979987515, 0.18725335597991943, 4.552290061842271], [-4.943512871198819, 0.18725335597991943, 1.2248189875179707], [-4.163086259120032, 0.18725335597991943, 2.3491806560120634], [0.2297699728171705, 0.18725335597991943, -4.888710634063981], [-3.7594745374679244, 0.18725335597991943, 1.4407272766816728]], "number_of_bots": 11, "bot_trajectory": [[0.08929461201939304, 0.059340973308888524, -2.7935489595753737, 2.061600681135217, 1.587558767045605, 0.3294709452019089], [0.07965772221200959, 0.07029541926315741, 4.563996453786262, -2.5098411050833858, 1.6777739701304615, 0.4864376817273711], [0.06744325648128964, 0.04735466106508168, -3.548112723192048, 0.5410618922394483, 1.8495892086166668, 0.4540893473404682], [0.05041125672466631, 0.07757321452167684, -0.7654102212984748, -2.755116405677913, 0.12682817809399105, 0.29831139360266323], [0.05698863163623966, 0.0998340733316526, -4.847068581042656, -3.8005615138203974, 1.2077156605633208, 0.508498534443503], [0.06666932363703253, 0.09665030355253061, -3.4298931418460796, 1.9641519335159718, 0.5755164006990195, 0.4936378181594858], [0.021013350898081984, 0.010010437376682146, -0.4551499587256802, 4.578164900075265, 0.2850494330742269, 0.4721929434143361], [0.051227082224578904, 0.04173917424911244, -1.5174586319257477, 1.2506938257509648, 1.7304543970804735, 0.43165125965550755], [0.040551383647691605, 0.07350216055232861, -0.7370320198469604, 2.3750554942450575, 3.0036537901838285, 0.45259180910164465], [0.008596930279710601, 0.002483446929380395, 3.6558242120902418, -4.862835795830987, 0.11753357337992383, 0.2669385282129199], [0.0654230032562274, 0.033156173022184134, -0.3334202981948531, 1.4666021149146669, 1.5338603365776615, 0.37062953285079214]]}