{"position": [[-16.900245115483635, -0.6216863393783569, 6.594133257918145], [-14.798930874893315, -0.6216863393783569, 1.1094788918098644], [-14.241928680686836, -0.6216863393783569, 3.4910926269993032], [-21.744966658654924, -0.6216863393783569, 2.0358566756055336], [-17.34347250156002, -0.6216863393783569, 4.072572720124494], [-15.178790119057123, -0.6216863393783569, 4.201732614794925], [-19.076104305577363, -0.6216863393783569, 8.928503973415054], [-22.346484790988512, -0.6216863393783569, 10.470561691972248], [-14.388292655145925, -0.6216863393783569, 6.132429504751101], [-17.02805696032661, -0.6216863393783569, 8.463564559398666], [-16.117516369674558, -0.6216863393783569, 8.186738535277005], [-18.63024567717343, -0.6216863393783569, 1.7173328316756589], [-22.410906528012, -0.6216863393783569, 3.1369605395834905], [-21.323365961241365, -0.6216863393783569, 8.217647042835395], [-21.199409234730247, -0.6216863393783569, 3.8660259350903097], [-18.947943009614416, -0.6216863393783569, 4.711222732371746]], "number_of_bots": 16, "bot_trajectory": [[0.033971186885258756, 0.0788326934563838, 1.0919881608835513, 0.6976121664569634, 1.2215352434130953, 0.49488929618337874], [0.056828056010950034, 0.033950834375827244, 3.193302401473872, -4.787042199651317, 1.5558683604575254, 0.45896598304625225], [0.061875067905845106, 0.07216741263918118, 3.7503045956803516, -2.4054284644618784, 1.7782115506977108, 0.2674045735457834], [0.05119602929572457, 0.020662165445722025, -3.752733382287735, -3.860664415855648, 2.9900984055475965, 0.2730526683281099], [0.03311360848234503, 0.0014633281321838054, 0.64876077480717, -1.8239483713366877, 0.8966088795123432, 0.45735622135418197], [0.05429422806937435, 0.027917655689112576, 2.813443157310066, -1.6947884766662569, 1.512498639599027, 0.3567242681349029], [0.049814102977051244, 0.033287706345124554, -1.083871029210176, 3.031982881953872, 0.5288709161147692, 0.5160868370144203], [0.06113712361185394, 0.05625683898413757, -4.354251514621326, 4.574040600511067, 1.6240620527241838, 0.5186701095037215], [0.06567811333544463, 0.07109032280463974, 3.6039406212212635, 0.23590841328991918, 2.6749687513106006, 0.3658184307279569], [0.07622282923588745, 0.03498608902214752, 0.9641763160405803, 2.5670434679374834, 2.301723283941644, 0.40195380045092943], [0.014684718463372114, 0.055429059844111506, 1.8747169066926306, 2.2902174438158243, 1.6690335816130926, 0.33749621017451], [0.05602662095125451, 0.09009228516720966, -0.6380124008062438, -4.179188259785523, 0.039644398537523697, 0.31010195434364535], [0.07822214127901381, 0.012962217587799873, -4.418673251644812, -2.759560551877691, 2.1393636949560957, 0.4135821775452868], [0.053614000013438703, 0.06581609828587875, -3.3311326848741762, 2.3211259513742144, 3.1135242286871674, 0.3771414109126475], [0.02572120333916953, 0.07345725995825284, -3.2071759583630586, -2.030495156370872, 1.3125376907525321, 0.29840218161296134], [0.0051010636447409, 0.05576159884843971, -0.9557097332472297, -1.1852983590894361, 2.6097925057263236, 0.29045686910020546]]}