{"position": [[-5.829437823721281, 0.10181090235710144, -0.03975485367362386], [-4.095605287902271, 0.10181090235710144, 3.0375245485823674], [-6.730915722085957, 0.10181090235710144, -0.6438867771759651], [-8.772800953860616, 0.10181090235710144, 2.2312213651215895], [-6.817925858208234, 0.10181090235710144, -3.4068388936312646]], "number_of_bots": 5, "bot_trajectory": [[0.07531183096512614, 0.0304137834080339, -0.4835773424590739, 1.6995012898963224, 0.11679083657696168, 0.5095486343266806], [0.017730965405656295, 0.04146178424089196, 1.250255193359936, 4.776780692152314, 2.8348311092327485, 0.4965168903083453], [0.07389713226255404, 0.08016423608679248, -1.3850552408237493, 1.0953693663939812, 2.56266284356252, 0.401965359475655], [0.05153257210893897, 0.046881829090781216, -3.4269404725984085, 3.970477508691536, 0.16294162505265194, 0.34844120151975494], [0.0012196893756722727, 0.09801922487389544, -1.4720653769460268, -1.6675827500613183, 2.720672866934177, 0.3214300168084895]]}