{"position": [[0.6155446595819025, 0.18119928240776062, 6.547326775031831], [-1.565070519468289, 0.18119928240776062, 12.92819808966593], [-0.5707146215684333, 0.18119928240776062, 10.702675777169251], [-1.89733238690595, 0.18119928240776062, 11.664315927091774], [-4.020092143412014, 0.18119928240776062, 8.739403943802206], [2.8967861599142033, 0.18119928240776062, 11.098092252516599], [2.612183623283235, 0.18119928240776062, 8.74392995436654], [-4.279475734049546, 0.18119928240776062, 5.7425362558711575], [-0.8161181752386182, 0.18119928240776062, 6.219755170358086], [4.183079240316449, 0.18119928240776062, 12.054970357677597], [-4.78185032003366, 0.18119928240776062, 10.975784453414086], [-3.1063415042340625, 0.18119928240776062, 11.198141695350575], [2.459274587697924, 0.18119928240776062, 6.119673403009093], [2.431108777643274, 0.18119928240776062, 8.225837795988092], [-0.3135509739723419, 0.18119928240776062, 10.382466869870145], [1.3662465303778637, 0.18119928240776062, 4.056362939509244], [-0.6457756805974868, 0.18119928240776062, 4.736826909937723], [2.4664261102067297, 0.18119928240776062, 4.618033534291436]], "number_of_bots": 18, "bot_trajectory": [[0.04751771090648023, 0.040431307822828534, 0.4931331477434664, -1.4575226588670953, 1.1125000110238157, 0.3944014567262969], [0.04190629529912846, 0.09805519123365228, -1.6874820313067251, 4.923348655767004, 3.1111696215045423, 0.26250772754141766], [0.0006940250751923171, 0.024382246116976182, -0.6931261334068695, 2.6978263432703242, 1.555186650522561, 0.36412237814181536], [0.08312140303910179, 0.04873199737892854, -2.019743898744386, 3.6594664931928476, 0.5541527246762912, 0.3788970389839018], [0.09559952308119127, 0.022650933933652462, -4.14250365525045, 0.7345545099032791, 2.3231023308030867, 0.43554658041329986], [0.0024817826297640734, 0.04009876676330395, 2.774374648075767, 3.0932428186176733, 2.498005735025827, 0.5022461788231665], [0.09056294766789366, 0.07803397106024249, 2.489772111444799, 0.7390805204676143, 2.540445399540072, 0.2690779379724035], [0.07142277871144717, 0.020713723640165337, -4.401887245887982, -2.2623131780277683, 0.8207484437738654, 0.46221170769135245], [0.07002707106955783, 0.02544546465855173, -0.9385296870770543, -1.7850942635408396, 1.392761275834689, 0.34554960872052454], [0.02844958562415769, 0.04534821212095379, 4.060667728478013, 4.050120923778672, 0.12179062322497042, 0.3343447831849999], [0.07830250160673818, 0.019010762110468905, -4.9042618318720965, 2.970935019515161, 2.5044088125229216, 0.3687636587097643], [0.02247399892465949, 0.09241157208263615, -3.2287530160724986, 3.1932922614516492, 2.3122555124359896, 0.3958617125555998], [0.06271499510570008, 0.03500054183998028, 2.3368630758594877, -1.8851760308898324, 0.1719769642526092, 0.48981686241666794], [0.005740999262333324, 0.08544957431351195, 2.3086972658048377, 0.22098836208916617, 1.1395785141226173, 0.5127908620708365], [0.08787627622755514, 0.0861043189939442, -0.435962485810778, 2.377617435971219, 2.761633108143617, 0.28778209011880174], [0.049193048146926696, 0.022823442519784853, 1.2438350185394276, -3.9484864943896825, 0.7808042615596595, 0.352291431835709], [0.014900323105685264, 0.024191726306633566, -0.7681871924359229, -3.2680225239612026, 2.894841122962296, 0.3136856701008712], [0.0821639835046638, 0.0184168325834131, 2.3440145983682936, -3.38681589960749, 3.076237965354136, 0.30831362094961334]]}