{"position": [[3.0, 0.1, -2.0], [8.0, 0.1, -2.0], [8.0, 0.1, 1.0], [5.5, 0.1, 2.0], [-2.0, 0.1, 1.5], [1.0, 0.1, 1.5]], "number_of_bots": 1, "bot_trajectory": [[0.057969101488370534, 0.02251381624790951, 3.0, -2.0, 2.207080414016678, 0.3088390245670918]]}