{"position": [[-14.024752057905904, 0.12990546226501465, -2.233782244310701], [-9.348854114706862, 0.12990546226501465, -0.4857638351694984], [-13.508641548521076, 0.12990546226501465, -0.6076243058374073], [-12.157967656037933, 0.12990546226501465, -6.155619013733795], [-10.537271310784892, 0.12990546226501465, -5.745757395816256], [-6.74162962233849, 0.12990546226501465, -9.017484135624898], [-5.654680607545492, 0.12990546226501465, -8.2943889054174], [-8.792120076082917, 0.12990546226501465, -6.714511169675853], [-6.5530992322296475, 0.12990546226501465, -1.6370263472499569], [-10.75533033993885, 0.12990546226501465, -1.3877749477049561], [-13.132564918550383, 0.12990546226501465, -4.039994225224261], [-8.244353211635161, 0.12990546226501465, -6.401087264097082], [-7.4201911116918735, 0.12990546226501465, -6.192233598769086], [-12.210661351314652, 0.12990546226501465, -7.112746023639635], [-12.724733847939156, 0.12990546226501465, -8.211441400626372]], "number_of_bots": 15, "bot_trajectory": [[0.039449846485573294, 0.038139828570557976, -4.202260412092916, 2.8506703847786543, 0.8402524003663512, 0.2848792904484723], [0.02692910924629588, 0.02838555387886822, 0.47363753110612694, 4.598688793919857, 1.410051832290039, 0.41188972975370175], [0.07326684507482593, 0.046132940371475605, -3.686149902708089, 4.476828323251948, 2.46892932795159, 0.32326908416528], [0.005495878806673937, 0.0016778307203875963, -2.335476010224945, -1.0711663846444397, 1.4451847753358797, 0.435587212851125], [0.04264772552258302, 0.007747095715512675, -0.7147796649719029, -0.6613047667269012, 2.6852192945183937, 0.4197384207405226], [0.08894546142549566, 0.06864637171569117, 3.0808620234744986, -3.9330315065355426, 1.8397283391774428, 0.37121346386781273], [0.026508903507256588, 0.08081932460428919, 4.167811038267496, -3.209936276328045, 1.9405287430003104, 0.42303859126607757], [0.010953566354999767, 0.025967129592876094, 1.0303715697300708, -1.6300585405864976, 1.1726939511117753, 0.5073610125490147], [0.07303413814815936, 0.020841500337331287, 3.2693924135833408, 3.4474262818393986, 0.4809740595326386, 0.3115164473354546], [0.08732046413167711, 0.01000482624190947, -0.9328386941258615, 3.6966776813843993, 2.3067181870800804, 0.2871221117688986], [0.022134746266476414, 0.08834684654835719, -3.3100732727373936, 1.044458403865095, 2.427992569998813, 0.37512990389848605], [0.05522543840024759, 0.05356102530667027, 1.578138434177827, -1.3166346350077274, 1.9743803170751384, 0.49503791006264997], [0.01566244596293508, 0.06222103720537816, 2.4023005341211148, -1.1077809696797303, 2.076104056919822, 0.44960110907226125], [0.016520894414403797, 0.005011619883400109, -2.3881697055016646, -2.0282933945502792, 2.2403347986451756, 0.4098892983173307], [0.027329901536085822, 0.05999658582133789, -2.9022422021261676, -3.126988771537016, 0.7319729797383365, 0.44830207630600083]]}