{"position": [[-1.0659773023823202, 4.09804105758667, 3.570217982633925], [0.3473362921345804, 4.09804105758667, 1.2110055629911771], [-2.989494267428031, 4.09804105758667, 3.7321961213105608], [-3.050817872862579, 4.09804105758667, 3.2807261288263785], [-5.374849998213831, 4.09804105758667, 5.056069903582647], [0.9718528149203687, 4.09804105758667, 2.0974957151106195], [0.03368830668680567, 4.09804105758667, -1.0623548564524214], [-4.211234394049606, 4.09804105758667, 1.5099698533824775], [2.6460441731689865, 4.09804105758667, 4.544098411990812], [-5.427407869061149, 4.09804105758667, 6.428228250758318], [-3.5166392932719135, 4.09804105758667, 4.758383323941095], [-1.915500209566988, 4.09804105758667, -1.2263910772088584], [-5.0986992130220585, 4.09804105758667, -1.6471125508170164], [-2.950988848646071, 4.09804105758667, 6.895711616128882], [-6.5719771687091075, 4.09804105758667, -0.8846172220330666], [-0.5254210812323998, 4.09804105758667, 6.35325414155545]], "number_of_bots": 16, "bot_trajectory": [[0.0001785220163105894, 0.027345682568886077, 0.825250300576359, 1.281296626432753, 0.29513346518689837, 0.27360777266711017], [0.06417543661669381, 0.0953736431621568, 2.2385638950932596, -1.0779157932099948, 1.3891890165052019, 0.28542562925658665], [0.03344802610482932, 0.0910870039335036, -1.0982666644693517, 1.4432747651093891, 2.2178782068032734, 0.39052603676698094], [0.04781352178389835, 0.011078612403242238, -1.1595902699038996, 0.9918047726252066, 0.16902919948561812, 0.3321428211080274], [0.021125010254326438, 0.029862061563331176, -3.4836223952551517, 2.767148547381475, 0.4684175661615143, 0.29823492736692786], [0.03866356183785684, 0.07773667320891905, 2.863080417879048, -0.19142564109055238, 1.1418937932358826, 0.2987892287857651], [0.01186627138343126, 0.09362615121711174, 1.9249159096454849, -3.3512762126535933, 2.667292406192928, 0.424877563173231], [0.035265305887804445, 0.04537162707560991, -2.3200067910909272, -0.7789515028186944, 0.06970602433190731, 0.307843105255617], [0.05064196851390723, 0.015199907300373494, 4.537271776127666, 2.2551770557896402, 0.144759253939859, 0.43035426411783806], [0.019895043038155535, 0.04850468292556356, -3.5361802661024697, 4.139306894557146, 2.857541338969947, 0.39137498496457124], [0.028713350780668157, 0.0781865455706738, -1.6254116903132343, 2.469461967739923, 2.4142805608144577, 0.3856451143948662], [0.02426365105691476, 0.0429634181990714, -0.024272606608308767, -3.5153124334100303, 0.4454703734949964, 0.4450710718013941], [0.07801794860929648, 0.0414479553146558, -3.2074716100633793, -3.9360339070181882, 0.6921682790610644, 0.35485920440374275], [0.027448040765654037, 0.03398912229345694, -1.0597612456873917, 4.60679025992771, 1.2742565457046144, 0.40704205425510287], [0.0973539107306974, 0.07433094964139429, -4.680749565750428, -3.1735385782342385, 0.08012744436369752, 0.5217735450608814], [0.06525891321622637, 0.08390473939555593, 1.3658065217262794, 4.064332785354278, 1.493574692280576, 0.4087040829608989]]}