{"position": [[9.329096067915067, 0.015851974487304688, 6.3773345398161965], [6.123691144762938, 0.015851974487304688, 6.510855603132472]], "number_of_bots": 2, "bot_trajectory": [[0.08703491859615552, 0.04579123909725215, 3.2675306687451453, -0.30378967054147, 0.3504393849169099, 0.40587948450141], [0.08659131335609851, 0.048123644691737, 0.06212574559301576, -0.17026860722519355, 2.6760598796380966, 0.5131123318852527]]}