{"position": [[-9.151684941957418, 2.0264999866485596, -2.302349427197526]], "number_of_bots": 1, "bot_trajectory": [[0.08738508355802085, 0.02182177827486592, -3.152616681764547, -2.4517535953264935, 0.8534748116569311, 0.5066398097025981]]}