{"position": [[2.8055614268360625, 0.077952541410923, 1.8990061884058829], [6.148573411070634, 0.077952541410923, -2.6482183685295912], [2.310615264771264, 0.077952541410923, 5.73899875127733], [-2.9468463598472994, 0.077952541410923, 3.161517379639381], [5.5581058713889036, 0.077952541410923, 3.9463969646853156], [-1.2309867770898677, 0.077952541410923, 0.5255860443542015], [1.1995075971970635, 0.077952541410923, -3.9129546749413127], [4.48797040899659, 0.077952541410923, -1.22894667143684], [6.010295264694388, 0.077952541410923, 1.553729036064182], [0.9244005371287476, 0.077952541410923, -4.046351650408305], [5.133452324440105, 0.077952541410923, 4.247798963425269], [2.5267334758247837, 0.077952541410923, 3.287710635384059]], "number_of_bots": 12, "bot_trajectory": [[0.00858439111589474, 0.0649688016092624, 1.3322625195560944, 1.1240620617998953, 1.7054996864536338, 0.2620330062330018], [0.005880821585929919, 0.042036798775831975, 4.675274503790666, -3.423162495135579, 0.30081275749355174, 0.46607177869654104], [0.06016165646513107, 0.06403449904577507, 0.8373163574912956, 4.964054624671342, 1.1162836023418832, 0.4283192734724628], [0.03739216706422475, 0.03386733756700172, -4.420145267127268, 2.3865732530333936, 3.1317673405916033, 0.37148157057597647], [0.06733803289792231, 0.08276139624752782, 4.084806964108935, 3.171452838079328, 1.559493582831687, 0.42391352537726606], [0.08828892781432575, 0.05937777309548052, -2.704285684369836, -0.24935808225178602, 0.822953232657606, 0.27802800594056304], [0.04281347110677266, 0.013181523120906901, -0.2737913100829048, -4.6878988015473, 2.5670004067842163, 0.3356593894029873], [0.09431607266639672, 0.049576232621276625, 3.0146715017166215, -2.0038907980428275, 2.981219756571584, 0.4373566370656271], [0.09335008305980091, 0.039939578705075265, 4.53699635741442, 0.7787849094581945, 2.8025454218130954, 0.26598063961460194], [0.08801885679122769, 0.025738366143870796, -0.5488983701512207, -4.821295777014292, 0.5261002847482352, 0.38401427055514664], [0.05580888523513061, 0.00846312173642767, 3.660153417160137, 3.4728548368192813, 0.7990396064283726, 0.4659604411052214], [0.0800442141291858, 0.013019811080872745, 1.0534345685448154, 2.5127665087780713, 2.6107815888446098, 0.2690859822240968]]}