{"position": [[-0.9803335233112649, -2.1343297958374023, 0.9951439889762748], [-4.039360709465646, -2.1343297958374023, 1.7110536976877047], [-0.7558361405634404, -2.1343297958374023, -5.298973234522802], [-1.4596289268065563, -2.1343297958374023, 3.995588899333521], [-4.333093976299786, -2.1343297958374023, -3.206496797392804], [-7.65222602674883, -2.1343297958374023, 2.3365812115727893], [-2.6531439904440006, -2.1343297958374023, 0.6315899962056126], [-8.550687640653038, -2.1343297958374023, -2.944650716941588], [-2.26868979807278, -2.1343297958374023, 0.3181272618107267]], "number_of_bots": 9, "bot_trajectory": [[0.063907207029845, 0.08791267034633668, 3.093861384830825, 1.622843781361376, 1.624286194846576, 0.40285678874666775], [0.0023968688252105296, 0.052202977121911055, 0.03483419867644444, 2.338753490072806, 2.259410391848849, 0.5063086670565138], [0.04667090560655886, 0.037637368599293786, 3.3183587675786494, -4.671273442137701, 0.34993714029121137, 0.2805882338954733], [0.004766497454407914, 0.05217855660718662, 2.6145659813355335, 4.6232886917186224, 1.1177980945165784, 0.45780148308766244], [0.025048350644626183, 0.002776742893611084, -0.25889906815769637, -2.5787970050077025, 0.9322653704764904, 0.3989320904420016], [0.025190725123530232, 0.022538911857254595, -3.5780311186067393, 2.9642810039578906, 1.1397823090439665, 0.5093425789341046], [0.023125580651988453, 0.09349726809619842, 1.421050917698089, 1.259289788590714, 0.02600217299378834, 0.49976530856486895], [0.0002592037422343374, 0.0602315839356586, -4.476492732510949, -2.3169509245564868, 2.7722293656458317, 0.34740183565097227], [0.06961872389536981, 0.021876125569460038, 1.8055051100693098, 0.945827054195828, 0.8746290803873547, 0.36197482357686683]]}