{"position": [[-0.9688543542427075, 0.05998396873474121, -3.4118824049798917], [1.691253891813208, 0.05998396873474121, -6.977928234770751], [-0.39009358510402103, 0.05998396873474121, -0.8435382253081498], [3.793549993842152, 0.05998396873474121, -0.5924359083009838], [4.353132161696261, 0.05998396873474121, 1.5642913050388012], [0.9296880786080464, 0.05998396873474121, -2.665731447587995], [2.3250386590908914, 0.05998396873474121, 0.6948793757080614], [-0.6986182097825866, 0.05998396873474121, -0.6241654470999976], [-1.896249070363294, 0.05998396873474121, -4.403017661619515], [3.782171014457467, 0.05998396873474121, -1.2773175653293196], [4.627651186890013, 0.05998396873474121, -3.7361746893108947], [-1.467440157578861, 0.05998396873474121, -1.6659921144668461]], "number_of_bots": 12, "bot_trajectory": [[0.040543325853342874, 0.09751532517443753, -3.224341796259309, -0.6633257910577728, 1.9689958772061866, 0.47016391284645564], [0.06139249207569462, 0.007283541097925917, -0.5642335502033935, -4.229371620848632, 1.775885200239905, 0.4609894768310607], [0.06182321607974889, 0.06976531216301167, -2.6455810271206226, 1.9050183886139693, 1.4232975177885265, 0.42670463689002147], [0.07624944728195235, 0.06199749319785404, 1.5380625518255508, 2.1561207056211353, 1.0753027316661972, 0.5142276373110806], [0.011280801608882628, 0.02503411446265258, 2.0976447196796597, 4.31284791896092, 2.4017915680311264, 0.34406921173181], [0.09941285249689087, 0.0022759652902470616, -1.3257993634085552, 0.08282516633412396, 1.2693492954482573, 0.4591347492841047], [0.06994147973955876, 0.07230739482089041, 0.06955121707428957, 3.4434359896301805, 2.197979826013741, 0.46334096194971847], [0.04714025912613632, 0.016939564111170424, -2.954105651799188, 2.1243911668221216, 2.6917438601192254, 0.4689619672217916], [0.024825040787694097, 0.05483615188152623, -4.1517365123798955, -1.6544610476973953, 1.656565332130309, 0.3591669698444443], [0.0991583294646576, 0.041525103194186154, 1.5266835724408656, 1.4712390485927995, 1.553648668358209, 0.4663448303229495], [0.08290011117747455, 0.07679148781315383, 2.3721637448734114, -0.9876180753887753, 2.171017048658771, 0.38033675580723325], [0.025063808707825253, 0.002276851593078455, -3.7229275995954625, 1.082564499455273, 0.4626112200396595, 0.39984382542545516]]}