{"position": [[3.7219885509865582, 0.02108585834503174, 3.3894209445565124], [0.5490627590081789, 0.02108585834503174, -2.550512287786658], [4.686064784683513, 0.02108585834503174, 3.7408649751472685], [5.211049796062021, 0.02108585834503174, 6.355051816645396], [5.477563367506598, 0.02108585834503174, 0.4743925550082768], [4.061074527151106, 0.02108585834503174, -0.7752487513517199], [3.9545095430548782, 0.02108585834503174, 1.889920274529397]], "number_of_bots": 7, "bot_trajectory": [[0.04810915603092185, 0.013802866751955778, 2.01984225925377, 1.706606108054437, 1.541370318511264, 0.3833932167324156], [0.04788043988685163, 0.06477405006738204, -1.1530835327246092, -4.233327124288733, 2.1683962365507825, 0.5130750282819263], [0.0774632313090768, 0.011002583208513028, 2.9839184929507248, 2.0580501386451933, 1.0707321573702535, 0.3022666301782814], [0.000287283195040311, 0.06743295428999843, 3.5089035043292327, 4.672236980143321, 2.079984572684512, 0.2790189212281819], [0.033844658230490696, 0.001445957922022545, 3.7754170757738095, -1.2084222814937984, 2.593128243211331, 0.29356471233877984], [0.08098242833548515, 0.02921704134740132, 2.3589282354183183, -2.458063587853795, 2.219470716219491, 0.2898873904691772], [0.09339517755228702, 0.07154055822097036, 2.25236325132209, 0.20710543802732184, 1.4537437891210903, 0.3557281100357499]]}