{"position": [[3.0, 0.1, 1.0], [-3.5, 0.1, -4.0], [2.0, 0.1, 5.0], [-3.0, 3.1, 5.0], [-5.0, 3.1, -4.0], [1.0, 3.1, 5.0]], "number_of_bots": 4, "bot_trajectory": [[0.010551859197607972, 0.007674948297791029, 3.0, 1.0, 2.970568861766638, 0.37026930761044247], [0.005281571490850068, 0.07537657655902955, -3.5, -4.0, 3.1312204556007384, 0.34083068176355813], [0.09161064937846611, 0.05401739997704582, 2.0, 5.0, 1.9455562010268168, 0.43686537403385756], [0.03078388578530685, 0.038572253110530516, -3.0, 5.0, 1.0604379573624727, 0.2737796413065156]]}