{"position": [[8.630601622558908, -0.008737713098526001, -3.0037939255966535], [12.002497642191212, -0.008737713098526001, 2.9769162671126104], [5.848467619872228, -0.008737713098526001, 5.903701549264529]], "number_of_bots": 3, "bot_trajectory": [[0.06099854647070665, 0.031656760305949785, 0.31841538140900516, -4.200678080870091, 1.5536692554843723, 0.42093365177721387], [0.037905999743294574, 0.060869713314164055, 3.6903114010413107, 1.7800321118391726, 2.259130786346557, 0.26268447755650187], [0.015240652728082681, 0.07612993807070625, -2.463718621277675, 4.706817393991091, 1.6517392624495695, 0.29692756414257127]]}