{"position": [[-2.694080045301412, 0.06912970542907715, -6.362634685992107], [4.84991464383065, 0.06912970542907715, -1.2826411748992754], [-4.807327674281853, 0.06912970542907715, -6.945119120076567], [-3.9892319230585143, 0.06912970542907715, 1.102377473591508], [0.6076084143550802, 0.06912970542907715, -7.749130273572941], [0.5533649538053569, 0.06912970542907715, -5.9135325844582125], [0.2287676770009932, 0.06912970542907715, -2.231201267183703], [-3.2258455510152313, 0.06912970542907715, -5.614116744568303]], "number_of_bots": 8, "bot_trajectory": [[0.03067489370833527, 0.024097267340837593, -2.6854429299421056, -3.0630581650723068, 0.9576536495591328, 0.36135418557471], [0.02823938602683864, 0.0949117017702855, 4.8585517591899565, 2.0169353460205244, 2.7322614244863614, 0.3364626220607889], [0.03459700080335891, 0.06704800109421351, -4.798690558922547, -3.645542599156768, 2.921043832635236, 0.4953072269257256], [0.04155487751982738, 0.05029490273902424, -3.980594807699208, 4.401953994511308, 2.2636463996614995, 0.3070730464206577], [0.05675297066344581, 0.08905316138253076, 0.6162455297143865, -4.4495537526531415, 0.07471152587634437, 0.3002540737164449], [0.03987977630234781, 0.0757446491640039, 0.5620020691646632, -2.6139560635384127, 0.15532807291372577, 0.3745054940795972], [0.018672037574392897, 0.04923840814333582, 0.23740479236029954, 1.0683752537360969, 2.3169351899058097, 0.39816866405045237], [0.06784047749215562, 0.017788771003199588, -3.217208435655925, -2.3145402236485033, 1.5363629299267205, 0.39466239417267246]]}