{"position": [[8.182084884335747, 3.1329171657562256, 1.5004844116126081], [0.8863052832629998, 3.1329171657562256, 8.375399327043983], [6.909328580369122, 3.1329171657562256, 8.523014463662868], [0.7888783341471655, 3.1329171657562256, 7.464795268138389], [5.846722879011786, 3.1329171657562256, 4.775268429717808], [1.3817263508590614, 3.1329171657562256, 9.328079376832315]], "number_of_bots": 6, "bot_trajectory": [[0.05506293449508939, 0.0930710751197927, 4.370156373669855, -2.862249906166933, 2.492682212574475, 0.39563286431560246], [0.0037808671102100623, 0.06835590293817301, -2.9256232274028937, 4.012665009264441, 2.842416832219934, 0.445481232320017], [0.02450583510098072, 0.05212294983399903, 3.097400069703229, 4.160280145883326, 2.857933959226909, 0.35122578702678586], [0.0448625373379822, 0.06407945511781385, -3.023050176518728, 3.1020609503588483, 1.4292009360803517, 0.2879335647538951], [0.0902897793394823, 0.023691158279500447, 2.0347943683458922, 0.4125341119382664, 2.1698639267824666, 0.2900656589071367], [0.06829490920902934, 0.05763912063889189, -2.430202159806832, 4.965345059052774, 1.3179992699497558, 0.39722575503390445]]}