{"position": [[0.264566036741547, -0.2724948525428772, 5.099264898217626], [-1.833667072567684, -0.2724948525428772, 3.1906333843195256], [1.552730151380457, -0.2724948525428772, 3.2245957106741834], [1.3586608129952635, -0.2724948525428772, 11.68375406978705], [-2.942672313699185, -0.2724948525428772, 10.54450679800528], [-0.7615993630166706, -0.2724948525428772, 7.376352623069769], [-3.2731860564149597, -0.2724948525428772, 5.500136509060747], [-1.616432520657064, -0.2724948525428772, 8.304147434400218]], "number_of_bots": 8, "bot_trajectory": [[0.07252073003208868, 0.008428917902961098, 2.60696181921225, -3.0635425663819826, 0.8534913992274155, 0.4485768263544757], [0.08182776475739076, 0.04011820673315538, 0.5087287099030191, -4.972174080280084, 1.4266419100031404, 0.4467205593993084], [0.02489720122765062, 0.013330973334525186, 3.89512593385116, -4.938211753925426, 2.8548075496033944, 0.30794206275841884], [0.07584916424834466, 0.07131377554138152, 3.7010565954659667, 3.5209466051874405, 1.5585722897645926, 0.5159073662468716], [0.04340984462820756, 0.03744630559614539, -0.6002765312284819, 2.3816993334056704, 2.568886668964093, 0.44747836532992785], [0.06982149283341924, 0.09929976560788852, 1.5807964194540325, -0.78645484152984, 0.4667160413614881, 0.3504252939851864], [0.09525791339655737, 0.06160329211293567, -0.9307902739442564, -2.6626709555388626, 2.389355565958337, 0.28046494964135044], [0.050964947331557986, 0.05834917911552821, 0.7259632618136391, 0.14133996980060903, 1.609068479518752, 0.4481272712729223]]}