{"position": [[-5.651283795552225, 2.8663530349731445, 1.9531047043986707], [-8.410763513766778, 2.8663530349731445, 2.0248666482018463], [-10.425683684617479, 2.8663530349731445, -1.3009799964258337], [-8.302656766203265, 2.8663530349731445, -3.606204814987138], [-5.599758141300332, 2.8663530349731445, -1.5584315543320346]], "number_of_bots": 5, "bot_trajectory": [[0.0033301008577896972, 0.017245559159508962, 3.1080002239179896, 4.143760412711659, 1.4373770628728488, 0.31692118705305783], [0.014329146246645497, 0.04289488671631211, 0.34852050570343684, 4.2155223565148345, 0.6210423827258792, 0.3342231610191468], [0.09369834492512655, 0.08002191484356812, -1.6663996651472635, 0.8896757118871546, 1.4923425854556185, 0.5171598231640684], [0.007714336944135558, 0.04496078311775098, 0.4566272532669502, -1.41554910667415, 2.834015843995993, 0.42505160223990246], [0.04812538495035188, 0.06517049518332985, 3.159525878169883, 0.6322241539809537, 0.9962957296002815, 0.33771112860831043]]}