{"position": [[-7.886254415314646, -2.4437220096588135, -1.789633575833205], [0.6265198903896065, -2.4437220096588135, -0.03210881500348317], [-4.181297227583556, -2.4437220096588135, -4.196703039497722], [-0.49529072544636765, -2.4437220096588135, 1.8019467690884552], [-8.078736388821326, -2.4437220096588135, -2.617288082090985], [-2.8849974550969955, -2.4437220096588135, -4.91138668416631], [-8.09930961415035, -2.4437220096588135, -0.8560360580126958], [-3.1051765992243467, -2.4437220096588135, -2.6297753766836705], [-0.4583715737761338, -2.4437220096588135, -0.9133874983850798], [-0.19954095796043614, -2.4437220096588135, -0.7437030629776631], [-4.176848193848724, -2.4437220096588135, -5.584669339538256], [0.6098971722118578, -2.4437220096588135, -0.04250437292398379], [-4.829027336113182, -2.4437220096588135, 1.4668422647371901]], "number_of_bots": 13, "bot_trajectory": [[0.07441412508351034, 0.030512543275143068, -4.770102844040842, -1.010812465107802, 2.3832042410694165, 0.31762291754676014], [0.07961385316327814, 0.01784519948805413, 3.7426714616634102, 0.7467122957219197, 0.012351185413390578, 0.26219737934988996], [0.01186878451353508, 0.08590177438919602, -1.0651456563097528, -3.4178819287723194, 1.3514434287112873, 0.37107744253626257], [0.0849622216887608, 0.026473550524320176, 2.620860845827436, 2.580767879813858, 0.5056643803925545, 0.49268425497068513], [0.020402916614731204, 0.09564855497079791, -4.962584817547523, -1.8384669713655821, 1.305179016457928, 0.4946952184536483], [0.0057042850783784686, 0.03209631626746928, 0.23115411617680826, -4.132565573440907, 0.03937084754482546, 0.348789722281193], [0.06213519419293305, 0.06508582639140463, -4.983158042876546, -0.07721494728729295, 1.2235560238715846, 0.28062511648193494], [0.016884447254790304, 0.05910145019258859, 0.010974972049456744, -1.8509542659582678, 1.824100848135269, 0.3118428991798916], [0.008145064385582, 0.015551681987768318, 2.65777999749767, -0.134566387659677, 1.9985694849435829, 0.4836783383928043], [0.057778611547146454, 0.038699344463465825, 2.9166106133133676, 0.035118047747739745, 1.5635616138157211, 0.3275388869366933], [0.008901098363622306, 0.09227454170294241, -1.0606966225749204, -4.805848228812853, 2.4376242671764095, 0.32301260113521174], [0.06094067982974897, 0.0397287571135724, 3.7260487434856615, 0.736316737801419, 2.5708926001673165, 0.31908339961789595], [0.029002136084714115, 0.06357667787196249, -1.7128757648393778, 2.245663375462593, 0.20898648521807633, 0.4635826441300684]]}