{"position": [[-0.9639984004060711, 0.13099008798599243, 5.567672743085618], [-5.160875328411658, 0.13099008798599243, 1.9672045922162846], [-1.538624865436275, 0.13099008798599243, -3.562486767134774], [-1.6882362448345338, 0.13099008798599243, -3.012310451974124], [-4.858931956618308, 0.13099008798599243, -0.018021201094615025], [-7.0444943288610355, 0.13099008798599243, 4.274089297594897], [-2.690023053326562, 0.13099008798599243, -2.192370576026941], [-5.519612619256906, 0.13099008798599243, 5.442554717411585], [-6.5936957568408365, 0.13099008798599243, -1.449515343580539], [-3.3899991972631853, 0.13099008798599243, 5.561504245897595], [-1.2662343446166329, 0.13099008798599243, 0.6524654884844767], [-6.811990866994868, 0.13099008798599243, -2.194493962063963], [-5.943978377539512, 0.13099008798599243, 2.151764040431145], [-5.026395170679353, 0.13099008798599243, -0.921534691808537]], "number_of_bots": 14, "bot_trajectory": [[0.012665539053022912, 0.05892851595160492, 4.601637280746273, 4.485423578504319, 0.19155761924765713, 0.43020503314804126], [0.07690339466426026, 0.010214345649265034, 0.4047603527406862, 0.8849554276349858, 0.4509170768436428, 0.2953790733679929], [0.013743187185760564, 0.022087708922441274, 4.027010815716069, -4.644735931716073, 0.4599063654456889, 0.4578316371938668], [0.09091220296022141, 0.01578710778152137, 3.87739943631781, -4.094559616555423, 0.1754918310748238, 0.36332825917134726], [0.08453138372878449, 0.008167060929752324, 0.7067037245340357, -1.1002703656759139, 0.5749617019974952, 0.305537646095181], [0.08932234958980913, 0.07181330456118498, -1.4788586477086918, 3.1918401330135984, 2.4076281791952385, 0.4119769214133095], [0.08132970267197248, 0.05010787100715375, 2.875612627825782, -3.27461974060824, 0.112599155630663, 0.3786670243952576], [0.08986459821618285, 0.06756090012421936, 0.046023061895438255, 4.360305552830286, 1.5583438198403807, 0.28104864190903406], [0.023358827561883476, 0.061472174465669174, -1.0280600756884928, -2.531764508161838, 2.2850297382871, 0.31253804121603324], [0.09272694486079872, 0.050483548975948075, 2.1756364838891584, 4.479255081316296, 0.3076370732334984, 0.5108279226645467], [0.008701284720918755, 0.015765736535508012, 4.299401336535711, -0.4297836760968221, 2.741882134591579, 0.3842261865027612], [0.0640244578006319, 0.03651143221204708, -1.2463551858425237, -3.276743126645262, 1.913391939569668, 0.4526472636432629], [0.07725228736375418, 0.009127207388984626, -0.37834269638716833, 1.0695148758498463, 2.836670556682453, 0.45496317116676643], [0.04419003131565034, 0.08809667481772326, 0.5392405104729903, -2.003783856389836, 1.1703376098695935, 0.354899746194429]]}