{"position": [[6.41898419012329, 0.18326567113399506, -1.77686477830472], [9.168377688012619, 0.18326567113399506, 1.5121660228362082], [4.194496933311774, 0.18326567113399506, 3.5834557824606432], [5.995505786097743, 0.18326567113399506, 0.09342967509513622], [3.4654751380924935, 0.18326567113399506, 3.729427036827248], [1.2519963127158684, 0.18326567113399506, 3.9892525037610786], [4.146899464228622, 0.18326567113399506, 0.432394877387015], [1.8813496277894997, 0.18326567113399506, -0.030027722847134175], [5.638784766575559, 0.18326567113399506, 0.47342544544252174]], "number_of_bots": 9, "bot_trajectory": [[0.029213178996009025, 0.018352879989456193, 1.2696688329150374, -4.299318563247347, 2.0672274069038523, 0.4264924010201445], [0.0028790730469314798, 0.0559377141167612, 4.019062330804367, -1.0102877621064188, 0.6527478498162564, 0.36517191375698765], [0.016619524616814964, 0.06363906017648256, -0.9548184238964785, 1.0610019975180163, 3.1090051448903213, 0.5055435526932855], [0.02267362278420937, 0.06954474802261269, 0.8461904288894906, -2.4290241098474907, 1.7600194168849617, 0.29663342187203257], [0.04907960834688455, 0.034788203767055104, -1.6838402191157587, 1.206973251884621, 2.703833019632179, 0.27502176328140093], [0.07447653221132963, 0.07794711646362192, -3.8973190444923835, 1.4667987188184517, 1.088350066963342, 0.4359376388076661], [0.09842665789701503, 0.03681837832021306, -1.00241589297963, -2.090058907555612, 0.8777725756216207, 0.38026836469876946], [0.06697926797140553, 0.024248193122222518, -3.2679657294187523, -2.552481507789761, 0.5602573412381218, 0.44539288925349996], [0.09214477506653654, 0.040730426990058244, 0.4894694093673069, -2.049028339500105, 0.31454447548439046, 0.4629759284147661]]}