{"position": [[4.213162725362279, 0.1802811175584793, 5.476637468341846], [0.7363458308087463, 0.1802811175584793, 1.3021815296623376], [2.8246097059044555, 0.1802811175584793, 0.7051759304159557], [0.40759274899457587, 0.1802811175584793, -0.39075127747065963], [5.1091168971850305, 0.1802811175584793, 5.681482523476676], [5.431578911765707, 0.1802811175584793, 5.019820225472268], [0.9908712517319804, 0.1802811175584793, 4.516379956958575], [0.30045950990331427, 0.1802811175584793, 3.226754351288692], [7.207442053427389, 0.1802811175584793, 4.1543922222414]], "number_of_bots": 9, "bot_trajectory": [[0.0732243494011248, 0.03563796895047596, -0.057067091074488596, 3.5359760379829597, 0.7888262633951485, 0.49983140081378313], [0.006680525788729253, 0.04812907838614827, -3.5338839856280213, -0.6384799006965491, 0.8158579716760949, 0.4693237018525179], [0.044492421087905465, 0.0538762161279155, -1.4456201105323119, -1.235485499942931, 2.9634522817575344, 0.5124728418401953], [0.08608757525209645, 0.00607535162831192, -3.8626370674421917, -2.3314127078295463, 2.0306377764708072, 0.39013072491378314], [0.08909725674859927, 0.03602585106210403, 0.8388870807482629, 3.74082109311779, 0.9412698435325251, 0.38830836968164084], [0.014601855640307637, 0.06034737941056249, 1.1613490953289396, 3.0791587951133814, 0.41687128607563884, 0.45551793002109386], [0.03206849545771947, 0.048852888313322, -3.279358564704787, 2.5757185265996885, 0.8786826936171734, 0.2753979091913541], [0.07058830733982457, 0.08992604129022895, -3.9697703065334533, 1.2860929209298055, 1.9899740808166209, 0.4137935313496591], [0.09681342806125609, 0.07987050882918598, 2.9372122369906215, 2.2137307918825133, 0.42061786293655634, 0.4553949516339293]]}