{"position": [[-2.7054156822124114, 0.1415712833404541, -5.067458045689475], [-1.2598630700357782, 0.1415712833404541, -8.141949194776645], [1.2913392938325408, 0.1415712833404541, -6.681953966694229], [-3.1513355080434167, 0.1415712833404541, -4.042717329894827], [5.453478094268663, 0.1415712833404541, -7.441055874734421], [-1.4338067619570616, 0.1415712833404541, -5.092740398973097], [0.892600323364624, 0.1415712833404541, -5.875621555064747], [2.76852031542967, 0.1415712833404541, -2.604451834138568], [0.6772756819442649, 0.1415712833404541, -2.188237473415726], [4.166461528128535, 0.1415712833404541, -2.7405759883668335], [2.5954597223007045, 0.1415712833404541, -4.154703988632568], [0.9845013187353258, 0.1415712833404541, -2.663972970620195], [6.190255297891508, 0.1415712833404541, -9.92133437513522], [-1.952190229659836, 0.1415712833404541, -3.74323727579244], [0.013006051088689796, 0.1415712833404541, -2.500903044506426], [0.6275793535745977, 0.1415712833404541, -4.79980163100259], [0.7182333723165046, 0.1415712833404541, -1.6907670780686157], [6.016860767308854, 0.1415712833404541, -5.751976646897164]], "number_of_bots": 18, "bot_trajectory": [[0.09018269137707999, 0.09413768766973789, -4.337495164290964, 1.2659040568190705, 2.428229646349408, 0.32766680339913157], [0.02576799508799511, 0.0760889988050691, -2.8919425521143305, -1.8085870922681002, 0.8601796852882859, 0.36964659061407756], [0.01909584688559096, 0.025465223604283427, -0.3407401882460115, -0.34859186418568333, 2.5181123193493, 0.4724547356743187], [0.09707915971760166, 0.056858302578274476, -4.783414990121969, 2.2906447726137182, 1.6829474159763882, 0.3417071701779796], [0.004264078233181678, 0.0038702193429792087, 3.82139861219011, -1.1076937722258762, 1.5330065766235, 0.3318929082476617], [0.06034829315381446, 0.055601218114690876, -3.065886244035614, 1.2406217035354472, 2.736054582481635, 0.4812634337086399], [0.060109054229062396, 0.02436598811871432, -0.7394791587139282, 0.4577405474437979, 1.6658261980868583, 0.3327340344452507], [0.03677548599273008, 0.054187861650960754, 1.1364408333511178, 3.728910268369977, 0.010143487350749433, 0.502546451220961], [0.0029976879392347388, 0.08100743632638294, -0.9548038001342873, 4.145124629092819, 0.8082469546740187, 0.2914160816922859], [0.031247445885404134, 0.0815346306820722, 2.5343820460499824, 3.5927861141417115, 2.377941398192469, 0.3676063976101065], [0.019990923677744354, 0.013205448046178004, 0.9633802402221525, 2.1786581138759766, 2.613416518489215, 0.3486289696219161], [0.07139177140480164, 0.08988735353431629, -0.6475781633432265, 3.66938913188835, 1.4521961858795465, 0.5063436000701206], [0.021211415783231925, 0.05611803705603482, 4.558175815812956, -3.587972272626676, 3.100513846915427, 0.4996555905293364], [0.08748813090243163, 0.04443046908030449, -3.584269711738388, 2.5901248267161048, 2.728513509820611, 0.3022470813978142], [0.09822763603128432, 0.052850573999525176, -1.6190734309898624, 3.8324590580021187, 0.34414236910482604, 0.35719712908040174], [0.02389724127513354, 0.03384998060019786, -1.0045001285039545, 1.5335604715059548, 1.1206426191295948, 0.494859055475678], [0.00149445457070847, 0.02827229484658428, -0.9138461097620476, 4.642595024439929, 2.286201820319157, 0.33529407459819943], [0.09925013159508153, 0.02847554290010631, 4.384781285230302, 0.5813854556113807, 0.3099993803517589, 0.3428873633127274]]}