{"position": [[-2.2875176007161313, 0.07275284826755524, -3.629140410280047], [2.9062976735413906, 0.07275284826755524, 1.1787305502420633], [2.813524472182416, 0.07275284826755524, -3.565055189292326], [-2.4499939763064367, 0.07275284826755524, -4.798482370282235], [-2.4738582377527596, 0.07275284826755524, -5.348536504029054], [1.3785877066850585, 0.07275284826755524, -3.5296823709625222], [2.7619919558957275, 0.07275284826755524, -2.2885413385679563], [3.3456516522704463, 0.07275284826755524, -4.702782028235848], [3.04484409583105, 0.07275284826755524, -2.644849291910532], [1.0675294450842034, 0.07275284826755524, -5.01727012409016], [-1.5520213250216726, 0.07275284826755524, 0.770850989242648], [-1.6896644372457903, 0.07275284826755524, -5.509594081449023]], "number_of_bots": 12, "bot_trajectory": [[0.09932333780311749, 0.041542391008754107, -3.0459584528813535, -2.3383459185121636, 0.9155132238113857, 0.36804585885890395], [0.07400180502191392, 0.0904289199328099, 2.1478568213761684, 2.4695250420099466, 1.4210378381040996, 0.39604524373739447], [0.004247468493929462, 0.09877518551205758, 2.055083620017194, -2.2742606975244426, 1.0919053393548017, 0.360994866330359], [0.023566158860935483, 0.03890282917156401, -3.208434828471659, -3.5076878785143517, 0.5524439131990946, 0.2985538617973534], [0.0009173426111147353, 0.041612834046106606, -3.2322990899179818, -4.057742012261171, 3.021914134024729, 0.39579302699329155], [0.09691053495205443, 0.024240412981795623, 0.6201468545198363, -2.238887879194639, 2.41889338172589, 0.5092786732285324], [0.05177727898950409, 0.08963121794669991, 2.0035511037305054, -0.9977468468000728, 2.849859018602324, 0.35168041918242493], [0.044426784473279614, 0.015316492559009243, 2.587210800105224, -3.411987536467965, 1.417609882213341, 0.48107690694124483], [0.05428890177464063, 0.013233183453536001, 2.286403243665828, -1.354054800142649, 0.7029449927709203, 0.26805669160087015], [0.04526079039082574, 0.040231223933692696, 0.3090885929189813, -3.726475632322277, 0.9270221714473819, 0.37703692344605205], [0.006055001907350821, 0.03623749972055732, -2.3104621771868947, 2.0616454810105314, 3.0789903860478613, 0.5132332457249874], [0.08813059977800235, 0.00019522715067611386, -2.4481052894110125, -4.21879958968114, 1.1645928460722967, 0.5022148998667767]]}