{"position": [[-3.100872058241184, 0.18075966835021973, -1.1498078526183144], [-1.344071484064432, 0.18075966835021973, -4.271657537879418], [-8.08531160003151, 0.18075966835021973, -2.3097043370997574], [-2.6026012625638186, 0.18075966835021973, -3.753529635204248], [-7.475446977990174, 0.18075966835021973, -1.323198005149652], [-5.596080899044312, 0.18075966835021973, -4.532376601155778], [-7.168514332000106, 0.18075966835021973, -4.620421582637387], [-5.2310776478609045, 0.18075966835021973, -6.465160905515447], [-8.04373847966238, 0.18075966835021973, -2.781797531513946]], "number_of_bots": 9, "bot_trajectory": [[0.03336285111722799, 0.09990720946763341, 0.9435901457383078, 0.32247789490976175, 2.964218293453118, 0.4166411361062378], [0.05475778371549195, 0.09480996523128662, 2.70039071991506, -2.7993717903513415, 0.896230130370719, 0.29074680178436496], [0.090265398388022, 0.02618514143716677, -4.0408493960520175, -0.8374185895716812, 2.919840279624006, 0.5122811952739297], [0.023162190221121436, 0.012803882308014247, 1.4418609414156736, -2.281243887676172, 3.132214493142019, 0.2951515521030319], [0.04825603941767811, 0.00872329529363941, -3.4309847740106814, 0.14908774237842426, 2.166447796852642, 0.49192532067107236], [0.0733757969116966, 0.0032730259861906363, -1.5516186950648192, -3.0600908536277016, 2.3811517456430735, 0.3051168557227199], [0.07610923922017453, 0.010841272905892863, -3.1240521280206135, -3.1481358351093105, 1.1330564285934666, 0.3943471614964583], [0.05545428719434452, 0.001305787013868609, -1.1866154438814125, -4.9928751579873705, 2.1051402093598752, 0.3238110038771192], [0.0939287085258058, 0.02487557761805854, -3.999276275682888, -1.3095117839858694, 0.12023792379755409, 0.3900821005764354]]}