{"position": [[-1.0, 0.0, -2.0], [-3.0, 0.0, -4.0], [-5.0, 0.0, 1.0], [-7.0, 0.0, 3.0], [-7.0, 0.0, -5.0], [1.0, 0.0, -10.0]], "number_of_bots": 3, "bot_trajectory": [[0.019308415141669866, 0.009796495325339438, -1.0, -2.0, 3.090844825829159, 0.49912710594166537], [0.06724801890183014, 0.049090162731204146, -3.0, -4.0, 0.6528459557464041, 0.2914985162528911], [0.054914765814234656, 0.04142837528449729, -5.0, 1.0, 0.7115511989894934, 0.35286238960069544]]}