{"position": [[-11.425310134887695, -2.9073851108551025, 2.0876684188842773], [-16.425310134887695, -2.9073851108551025, 1.0876684188842773], [-17.425310134887695, -2.9073851108551025, 8.087668418884277], [-13.425310134887695, 0.19261488318443298, 2.0876684188842773], [-19.025310516357422, -2.9073851108551025, -0.012331580743193626], [-17.425310134887695, 0.19261488318443298, 0.08766841888427734]], "number_of_bots": 1, "bot_trajectory": [[0.07184645196606566, 0.05785157392050827, -11.425310134887695, 2.0876684188842773, 0.7141413548170757, 0.2844027898610743]]}