{"position": [[3.0, 0.1, -3.0], [-3.0, 0.1, -4.0], [-7.0, 0.1, -5.0], [3.0, -1.9, -4.0], [-4.0, -1.9, -6.0], [0.0, -1.9, 0.0]], "number_of_bots": 4, "bot_trajectory": [[0.09518772808979284, 0.004638566633003827, 3.0, -3.0, 1.6625082602116918, 0.34472166218039896], [0.037771576967030526, 0.01840169384359073, -3.0, -4.0, 2.5144283119921336, 0.3171203408914155], [0.025735283564205246, 0.09528010170702547, -7.0, -5.0, 2.3551240180517397, 0.46078225382045146], [0.09604980686130411, 0.06664486848535792, 3.0, -4.0, 0.29372371153472737, 0.2893125650517264]]}