{"position": [[3.565497398376465, -2.4899144172668457, 2.837684154510498], [3.065497398376465, -2.4899144172668457, 0.837684154510498], [1.5654973983764648, -2.4899144172668457, 5.837684154510498], [6.565497398376465, 0.6100856065750122, 4.837684154510498], [7.565497398376465, 0.6100856065750122, 0.837684154510498], [1.5654973983764648, 1.0100855827331543, 3.837684154510498]], "number_of_bots": 4, "bot_trajectory": [[0.07228325356852347, 0.08971846118804025, 3.565497398376465, 2.837684154510498, 2.9893550338777266, 0.28120967069066793], [0.07594716494690859, 0.0957709272973359, 3.065497398376465, 0.837684154510498, 2.28015614831244, 0.5035240494040216], [0.08750209355771237, 0.01286412152829135, 1.5654973983764648, 5.837684154510498, 1.6033364806124635, 0.5159218458922203], [0.07658666399818255, 0.03848952457798863, 6.565497398376465, 4.837684154510498, 2.92977145841352, 0.3326469422540597]]}