{"position": [[-1.0, 0.0, -2.0], [-3.0, 0.0, -4.0], [-5.0, 0.0, 1.0], [-7.0, 0.0, 3.0], [-7.0, 0.0, -5.0], [1.0, 0.0, -10.0]], "number_of_bots": 4, "bot_trajectory": [[0.02493922547736418, 0.053682580141781566, -1.0, -2.0, 1.567016377905365, 0.4434728420451124], [0.011129206801390812, 0.09662007651014509, -3.0, -4.0, 1.3313721544448636, 0.4012718221890117], [0.08298956739823174, 0.07577460267909925, -5.0, 1.0, 1.2880766495182698, 0.38444532242074403], [0.021624174783284544, 0.034183674851231895, -7.0, 3.0, 1.7229322022587705, 0.5223642554825827]]}