{"position": [[0.2157144546508789, 3.2263665199279785, 1.2111461162567139], [6.215714454650879, 1.2263665199279785, 2.461146116256714], [6.215714454650879, -2.7736334800720215, 3.211146116256714], [4.215714454650879, -2.7736334800720215, 3.211146116256714], [0.2157144546508789, 1.2263665199279785, 3.211146116256714], [2.715714454650879, -2.7736334800720215, 3.211146116256714]], "number_of_bots": 2, "bot_trajectory": [[0.09401808279135729, 0.0072087353943846135, 0.2157144546508789, 1.2111461162567139, 0.4684923034268127, 0.3835134223878366], [0.019254752988286196, 0.009591606204301018, 6.215714454650879, 2.461146116256714, 1.0984593070883713, 0.4694248390979995]]}