{"position": [[-1.0, 0.0, -2.0], [-3.0, 0.0, -4.0], [-5.0, 0.0, 1.0], [-7.0, 0.0, 3.0], [-7.0, 0.0, -5.0], [1.0, 0.0, -10.0]], "number_of_bots": 1, "bot_trajectory": [[0.0026468659751658465, 0.07735929838931818, -1.0, -2.0, 2.5708161774421083, 0.48947049382345964]]}