{"position": [[-6.1771769523620605, 0.04619240760803223, -0.6012659072875977], [-1.1771769523620605, -2.4538075923919678, -0.10126590728759766], [-5.1771769523620605, -2.4538075923919678, -0.6012659072875977], [-4.1771769523620605, -2.4538075923919678, 0.39873409271240234], [-4.1771769523620605, 0.04619240760803223, -0.10126590728759766], [0.8228230476379395, -2.4538075923919678, -1.1012659072875977]], "number_of_bots": 1, "bot_trajectory": [[0.06545488985941508, 0.06092956100957776, -6.1771769523620605, -0.6012659072875977, 2.078646685336492, 0.45086301651637306]]}