{"position": [[-1.0, 0.0, -2.0], [-3.0, 0.0, -4.0], [-5.0, 0.0, 1.0], [-7.0, 0.0, 3.0], [-7.0, 0.0, -5.0], [1.0, 0.0, -10.0]], "number_of_bots": 1, "bot_trajectory": [[0.018000532191035756, 0.04671743826656245, -1.0, -2.0, 1.9963235487450701, 0.4819682637901989]]}