{"position": [[-1.0, 0.0, -2.0], [-3.0, 0.0, -4.0], [-5.0, 0.0, 1.0], [-7.0, 0.0, 3.0], [-7.0, 0.0, -5.0], [1.0, 0.0, -10.0]], "number_of_bots": 3, "bot_trajectory": [[0.04141893954446284, 0.0006167127427603614, -1.0, -2.0, 1.0635221489353488, 0.4085872184742906], [0.08872363583469552, 0.03188259284087676, -3.0, -4.0, 0.6002966321178402, 0.5234264331897032], [0.027200371506212108, 0.04626751677371477, -5.0, 1.0, 2.0520515543370794, 0.4343368415002895]]}