{"position": [[-1.0, 0.0, -2.0], [-3.0, 0.0, -4.0], [-5.0, 0.0, 1.0], [-7.0, 0.0, 3.0], [-7.0, 0.0, -5.0], [1.0, 0.0, -10.0]], "number_of_bots": 6, "bot_trajectory": [[0.016600450522594547, 0.05390234939313461, -1.0, -2.0, 1.2709918383201952, 0.42380756114238416], [0.0773653720221599, 0.02827414671346303, -3.0, -4.0, 2.450853666706147, 0.4781281990035666], [0.06069878295749045, 0.02036030714192282, -5.0, 1.0, 1.431287747461943, 0.33152270748825996], [0.027487120108318153, 0.020614376628889375, -7.0, 3.0, 1.8848879025720269, 0.47526121648697994], [0.047547801403322876, 0.08248686163627107, -7.0, -5.0, 1.6720082748083083, 0.32650843137449714], [0.011219140086006007, 0.052329245752059904, 1.0, -10.0, 1.178667177239557, 0.48416804304450256]]}