{"position": [[-1.0, 0.0, -2.0], [-3.0, 0.0, -4.0], [-5.0, 0.0, 1.0], [-7.0, 0.0, 3.0], [-7.0, 0.0, -5.0], [1.0, 0.0, -10.0]], "number_of_bots": 3, "bot_trajectory": [[0.09879105552850152, 0.043944085137195124, -1.0, -2.0, 1.0174565116029461, 0.4663689449876115], [0.09718530819406464, 0.06593971246363212, -3.0, -4.0, 2.0927720864153363, 0.4485653030998831], [0.056000477765307956, 0.02828873466864169, -5.0, 1.0, 0.07026076666821061, 0.518544873958579]]}