{"position": [[-9.0, 0.1, -3.5], [-3.0, 0.1, -4.0], [-5.0, 0.1, 1.0], [1.0, 0.1, -3.0], [-0.0, 3.1, 0.0], [-3.0, 3.1, 0.0]], "number_of_bots": 4, "bot_trajectory": [[0.030811510394768094, 0.03928601092543828, -9.0, -3.5, 0.46830875102527547, 0.3616648513311103], [0.025483458398283997, 0.017515095091744537, -3.0, -4.0, 0.16590644714777686, 0.3160703347794734], [0.008329537614360916, 0.00478163069831512, -5.0, 1.0, 0.27866458216346385, 0.28287422223709824], [0.04752036776467444, 0.007964981083729061, 1.0, -3.0, 1.5090622386106367, 0.390680401016418]]}