{"position": [[-1.0, 0.0, -2.0], [-3.0, 0.0, -4.0], [-5.0, 0.0, 1.0], [-7.0, 0.0, 3.0], [-7.0, 0.0, -5.0], [1.0, 0.0, -10.0]], "number_of_bots": 5, "bot_trajectory": [[0.038458356448844766, 0.06861049519249277, -1.0, -2.0, 0.03616080825434621, 0.3923607118290141], [0.08485924974666645, 0.09107303863675792, -3.0, -4.0, 2.3399704479533354, 0.42306230780072085], [0.050453770370502936, 0.030104436526349587, -5.0, 1.0, 3.0381374661019636, 0.38183080814055304], [0.027085382809311397, 0.09123681058715709, -7.0, 3.0, 0.7818343355921776, 0.5148814631952323], [0.06347404287918453, 0.007562721380155712, -7.0, -5.0, 0.7910311843608461, 0.48778748856563675]]}