{"position": [[-4.0, 0.1, -3.0], [3.0, 0.1, 4.0], [-7.0, 0.1, -2.0], [6.0, 0.1, -6.0], [7.0, 0.1, -9.0], [0.0, 4.1, 4.0]], "number_of_bots": 5, "bot_trajectory": [[0.08139933876506675, 0.06243096060468047, -4.0, -3.0, 0.9616739138079916, 0.43869556926339714], [0.025917818161835925, 0.02048530079670855, 3.0, 4.0, 1.7499528199888987, 0.3414260323861821], [0.0901596012354074, 0.05945575858360641, -7.0, -2.0, 2.3491878596251676, 0.3579720869579567], [0.0321422880538171, 0.053558270986108644, 6.0, -6.0, 1.786600404987964, 0.39807717133610326], [0.03635255148259274, 0.023094082701449248, 7.0, -9.0, 1.0472031490394527, 0.510212248074055]]}