{"position": [[-2.5, 0.1, 0.0], [-5.0, 0.1, -0.5], [-0.0, -2.5, -1.0], [-9.0, 0.1, 0.0], [-5.0, 2.6, -0.0], [-8.0, 2.6, -0.0]], "number_of_bots": 1, "bot_trajectory": [[0.06279781056782598, 0.06745848408565658, -2.5, 0.0, 1.7546876533763767, 0.3946653596926446]]}