{"position": [[4.261014938354492, 1.6452293395996094, -0.049614667892456055], [1.7610149383544922, 1.6452293395996094, 0.45038533210754395], [-2.038985013961792, 1.6452293395996094, 0.7503853440284729], [-1.7389850616455078, 1.6452293395996094, 5.450385093688965], [-6.738985061645508, 1.6452293395996094, 4.950385093688965], [-3.738985061645508, 1.6452293395996094, 1.950385332107544]], "number_of_bots": 5, "bot_trajectory": [[0.004367576341661216, 0.09526051789227943, 4.261014938354492, -0.049614667892456055, 1.2056951258750128, 0.46301569287334676], [0.0030727709481516707, 0.08226224025011399, 1.7610149383544922, 0.45038533210754395, 0.37839228872397507, 0.42023731942596], [0.09270771771603384, 0.019351069741866567, -2.038985013961792, 0.7503853440284729, 2.731099955008908, 0.32537097288833783], [0.06081127228600956, 0.013474309916297578, -1.7389850616455078, 5.450385093688965, 1.7276923066445213, 0.36828403663404075], [0.06713420185318689, 0.06189949424568286, -6.738985061645508, 4.950385093688965, 1.4975887052201278, 0.2719266941013128]]}