{"position": [[-2.879671335220337, 0.17214179039001465, 10.126891136169434], [-2.379671335220337, 0.17214179039001465, 6.626891136169434], [0.6203286647796631, -2.3278582096099854, 8.126891136169434], [0.6203286647796631, -2.3278582096099854, 3.6268911361694336], [0.12032866477966309, 0.17214179039001465, 10.126891136169434], [-2.379671335220337, -2.3278582096099854, 11.126891136169434]], "number_of_bots": 1, "bot_trajectory": [[0.013572688746627194, 0.028849380891637556, -2.879671335220337, 10.126891136169434, 2.8263023374399294, 0.3745296180023224]]}