{"position": [[-1.0, 0.0, -2.0], [-3.0, 0.0, -4.0], [-5.0, 0.0, 1.0], [-7.0, 0.0, 3.0], [-7.0, 0.0, -5.0], [1.0, 0.0, -10.0]], "number_of_bots": 5, "bot_trajectory": [[0.060342961121971815, 0.09844696644866494, -1.0, -2.0, 1.723542157046744, 0.4961733500696698], [0.09441213474091298, 0.08897172744162155, -3.0, -4.0, 1.3120469817981983, 0.3763329270763911], [0.003607279078479886, 0.05980611400164505, -5.0, 1.0, 1.1288205811999947, 0.46191763659457696], [0.08883536324031151, 0.03336372079319079, -7.0, 3.0, 2.879639370609418, 0.44978176479779297], [0.061605311365426275, 0.07750417031071115, -7.0, -5.0, 1.998326697682637, 0.4650265140562535]]}