{"position": [[-0.6355785727500916, 0.15547728538513184, -2.594533681869507], [3.664421319961548, 0.15547728538513184, -3.094533681869507], [3.664421319961548, 0.15547728538513184, -2.894533634185791], [3.664421319961548, 0.15547728538513184, -3.2945337295532227], [3.664421319961548, 0.15547728538513184, -2.694533586502075], [3.664421319961548, 0.15547728538513184, -2.4945337772369385]], "number_of_bots": 1, "bot_trajectory": [[0.011382395134284207, 0.08362530086368726, -0.6355785727500916, -2.594533681869507, 1.2057741841603806, 0.2879089706956296]]}