{"position": [[-3.0, 0.1, -0.0], [-5.5, 0.1, -0.0], [4.0, 0.1, 0.0], [6.0, 0.1, 3.0], [1.0, 0.1, 3.0], [-4.0, 0.1, 3.0]], "number_of_bots": 6, "bot_trajectory": [[0.089728141643301, 0.06957293796709048, -3.0, -0.0, 1.9749632888374016, 0.41142730737297495], [0.07365873961697071, 0.004674681546708781, -5.5, -0.0, 0.30372673168857395, 0.49589525214119956], [0.028796611212134927, 0.0407350491647851, 4.0, 0.0, 2.325869765095877, 0.37285480451904024], [0.03805390919496794, 0.06727865778080763, 6.0, 3.0, 1.3599682398085013, 0.4876559457126236], [0.09122788865758488, 0.03983266171307702, 1.0, 3.0, 0.5179484860524217, 0.3589673308056201], [0.09461045314426117, 0.018560383747411556, -4.0, 3.0, 0.9137727874277741, 0.5008939925531071]]}