{"position": [[-1.0, 0.0, -2.0], [-3.0, 0.0, -4.0], [-5.0, 0.0, 1.0], [-7.0, 0.0, 3.0], [-7.0, 0.0, -5.0], [1.0, 0.0, -10.0]], "number_of_bots": 2, "bot_trajectory": [[0.021490045435380113, 0.019729799101773738, -1.0, -2.0, 1.3794544449009085, 0.28474324587529554], [0.06343029266256762, 0.09635971944595587, -3.0, -4.0, 0.9553619955710899, 0.29963794964803464]]}