{"position": [[-1.2, 0.0, -5.0], [-2.0, 0.0, -4.0], [-8.0, 0.0, -5.0], [4.0, 0.0, -3.0], [-3.0, 0.0, -7.0], [4.5, 0.0, 1.0]], "number_of_bots": 4, "bot_trajectory": [[0.04487316910068066, 0.04193017308388882, -1.2, -5.0, 2.8666340899449483, 0.35375777505131784], [0.03921872332164681, 0.04436950767192306, -2.0, -4.0, 1.0091126571506766, 0.37411168330324784], [0.07142501798126831, 0.029131845260308542, -8.0, -5.0, 0.6161811437461272, 0.48092871619825206], [0.016934329370469035, 0.04888357826359385, 4.0, -3.0, 1.3092313690778508, 0.28531233370790754]]}