{"position": [[-1.1149041652679443, 0.3339807987213135, 4.389666557312012], [-2.1149041652679443, 0.3339807987213135, 2.389666795730591], [-3.1149041652679443, 0.3339807987213135, 4.389666557312012], [0.8850958347320557, 0.8339807987213135, 2.389666795730591], [2.8850958347320557, 0.8339807987213135, 2.389666795730591], [3.8850958347320557, 0.8339807987213135, 2.389666795730591]], "number_of_bots": 5, "bot_trajectory": [[0.030632758061284116, 0.08696583665252895, -1.1149041652679443, 4.389666557312012, 3.078576690943224, 0.323280856960863], [0.021408874712129832, 0.06026131807959072, -2.1149041652679443, 2.389666795730591, 0.07446493134328497, 0.4072249248512284], [0.05469657274949474, 0.0810608220982801, -3.1149041652679443, 4.389666557312012, 1.4949555532672014, 0.4461222710688505], [0.05736939013711899, 0.06104720348897075, 0.8850958347320557, 2.389666795730591, 2.8450372917316953, 0.4492275767838751], [0.09669975091435846, 0.07674940904750178, 2.8850958347320557, 2.389666795730591, 1.6083385902882266, 0.43931222045859686]]}