{"position": [[-2.0941238403320312, 0.05840201675891876, 2.9960813522338867], [-4.094123840332031, 0.05840201675891876, 4.996081352233887], [-1.0941238403320312, 0.05840201675891876, 1.9960813522338867], [-1.0941238403320312, 0.05840201675891876, 3.9960813522338867], [0.9058761596679688, 0.05840201675891876, 5.996081352233887], [-5.094123840332031, 0.05840201675891876, 10.996081352233887]], "number_of_bots": 5, "bot_trajectory": [[0.028725647630229435, 0.052253955446164194, -2.0941238403320312, 2.9960813522338867, 1.1994972654606593, 0.508355907773576], [0.03260185568036644, 0.04305695347004046, -4.094123840332031, 4.996081352233887, 1.301152700042417, 0.433525185338842], [0.053902054625917364, 0.08976732302382767, -1.0941238403320312, 1.9960813522338867, 1.6752219562229103, 0.33235882413937284], [0.08234112759209287, 0.09492969013681538, -1.0941238403320312, 3.9960813522338867, 0.1940961925518851, 0.382762985490958], [0.04860386144125052, 0.07646851735512578, 0.9058761596679688, 5.996081352233887, 0.6735990487035863, 0.2722627762189324]]}