{"position": [[-1.0, 0.0, -2.0], [-3.0, 0.0, -4.0], [-5.0, 0.0, 1.0], [-7.0, 0.0, 3.0], [-7.0, 0.0, -5.0], [1.0, 0.0, -10.0]], "number_of_bots": 5, "bot_trajectory": [[0.041640197794486564, 0.0695348891368841, -1.0, -2.0, 2.099957912317647, 0.37176476770819467], [0.08890830806407628, 0.001525038596206041, -3.0, -4.0, 0.02926596048341809, 0.325406491595496], [0.08800256259329987, 0.0044036248340544645, -5.0, 1.0, 2.4364303227531776, 0.4267820406997629], [0.0169195689729137, 0.0021837822303022447, -7.0, 3.0, 1.321948095311321, 0.27171121274739374], [0.018771770722815505, 0.04201313768145104, -7.0, -5.0, 1.1506464181223872, 0.34974211499016994]]}