{"position": [[-8.654632568359375, 0.8791172504425049, -4.7960686683654785], [-10.654632568359375, 0.8791172504425049, -6.7960686683654785], [-12.654632568359375, 0.8791172504425049, -1.7960686683654785], [-15.654632568359375, 0.8791172504425049, 2.4039313793182373], [-14.654632568359375, 0.8791172504425049, -7.7960686683654785], [-6.654632091522217, 0.8791172504425049, -12.79606819152832]], "number_of_bots": 6, "bot_trajectory": [[0.014811918629280062, 0.04543142088360781, -8.654632568359375, -4.7960686683654785, 0.9516737163173491, 0.5094098056395409], [0.0537951115744402, 0.04811550104121502, -10.654632568359375, -6.7960686683654785, 2.3606356198138823, 0.28098965034157386], [0.04823184389201871, 0.08896272921290355, -12.654632568359375, -1.7960686683654785, 2.3134481606575914, 0.28738302693462886], [0.002593202663687144, 0.09799710387825396, -15.654632568359375, 2.4039313793182373, 1.96630835576292, 0.45137916387943766], [0.03716079972930547, 0.03948379477166838, -14.654632568359375, -7.7960686683654785, 0.31557050584540985, 0.48711416278405917], [0.07573547887163075, 0.08570581626108971, -6.654632091522217, -12.79606819152832, 1.9320516462531239, 0.3872208463332316]]}