{"position": [[-1.5, 0.1, -2.5], [3.6, 0.1, -0.5], [-9.5, 0.1, -1.0], [0.0, 3.1, 2.0], [8.0, 0.1, 4.5], [-3.0, 3.1, 1.0]], "number_of_bots": 3, "bot_trajectory": [[0.06141566151571241, 0.0035281252271148976, -1.5, -2.5, 1.4587475892729795, 0.4021163060136619], [0.010284983669905701, 0.018669529171104503, 3.6, -0.5, 0.9099879805878875, 0.4921109710213662], [0.05548344249579455, 0.03966261531283434, -9.5, -1.0, 2.902207781795151, 0.3366905463834141]]}