{"position": [[-1.0, 0.0, -2.0], [-3.0, 0.0, -4.0], [-5.0, 0.0, 1.0], [-7.0, 0.0, 3.0], [-7.0, 0.0, -5.0], [1.0, 0.0, -10.0]], "number_of_bots": 3, "bot_trajectory": [[0.011182100597030942, 0.09211548744218433, -1.0, -2.0, 0.16965278294764874, 0.48074716160099595], [0.08469083663155022, 0.072590790253062, -3.0, -4.0, 2.4670400771363266, 0.31223541209176786], [0.008446299662238477, 0.0792585276629184, -5.0, 1.0, 1.2599623854104798, 0.29780143480031684]]}