{"position": [[6.968893051147461, 0.10537028312683105, -2.4992222785949707], [7.968893051147461, 0.10537028312683105, -3.4992222785949707], [11.968893051147461, 0.10537028312683105, -4.499222278594971], [10.968893051147461, 0.10537028312683105, -5.499222278594971], [9.968893051147461, 0.10537028312683105, -2.4992222785949707], [11.968893051147461, 0.10537028312683105, -4.499222278594971]], "number_of_bots": 2, "bot_trajectory": [[0.018483427591395152, 0.005685655522357713, 6.968893051147461, -2.4992222785949707, 3.0832736016178672, 0.47237455112420446], [0.022367653405565145, 0.022666946749337103, 7.968893051147461, -3.4992222785949707, 0.9355838528532094, 0.26692199178727594]]}