{"position": [[-1.0, 0.0, -2.0], [-3.0, 0.0, -4.0], [-5.0, 0.0, 1.0], [-7.0, 0.0, 3.0], [-7.0, 0.0, -5.0], [1.0, 0.0, -10.0]], "number_of_bots": 2, "bot_trajectory": [[0.02606508945247028, 0.007838265299286728, -1.0, -2.0, 0.3158845198030985, 0.3649992511445324], [0.031173488524017946, 0.08594523170795124, -3.0, -4.0, 2.330749000962272, 0.3233065107497456]]}