{"position": [[0.0, 0.1, -4.0], [-6.0, 0.1, -4.0], [5.0, 0.1, -6.0], [-7.0, 0.0, -1.0], [-7.0, 3.1, -2.3], [-2.0, 3.1, -2.3]], "number_of_bots": 4, "bot_trajectory": [[0.013422733549023647, 0.025599298472886868, 0.0, -4.0, 2.713511465211625, 0.41426418401583465], [0.0331863921055234, 0.03833058507882238, -6.0, -4.0, 0.8345316417264604, 0.428700739802312], [0.05088388183828433, 0.05453274140305735, 5.0, -6.0, 0.14747536781663492, 0.3196269789405167], [0.08519698591456684, 0.0793756667209851, -7.0, -1.0, 3.0099377119557302, 0.4411696536443981]]}