{"position": [[-0.45618677139282227, -1.8477356433868408, 0.2840621769428253], [-1.4561867713928223, -1.8477356433868408, 0.2840621769428253], [-2.4561867713928223, -1.8477356433868408, 0.2840621769428253], [-3.4561867713928223, -1.8477356433868408, 0.2840621769428253], [-4.456186771392822, -1.8477356433868408, 0.2840621769428253], [-5.456186771392822, -1.8477356433868408, 0.2840621769428253]], "number_of_bots": 3, "bot_trajectory": [[0.005729515107405292, 0.02687189466037935, -0.45618677139282227, 0.2840621769428253, 2.4447413367765045, 0.3726185880682008], [0.03004688503779569, 0.09374003859823148, -1.4561867713928223, 0.2840621769428253, 2.3680730229585065, 0.2689418800303948], [0.09559584125777973, 0.06553686967560082, -2.4561867713928223, 0.2840621769428253, 0.1699906037892407, 0.49541409310806334]]}