{"position": [[-3.331758499145508, 0.06442290544509888, -6.474174976348877], [-4.7317585945129395, 0.06442290544509888, -1.474174976348877], [-2.331758499145508, 0.06442290544509888, -0.974174976348877], [-4.331758499145508, 0.06442290544509888, -0.674174964427948], [-7.7317585945129395, 0.06442290544509888, -0.2741749882698059], [-2.331758499145508, 3.564422845840454, -0.47417497634887695]], "number_of_bots": 5, "bot_trajectory": [[0.05031977084276941, 0.026574063624802646, -3.331758499145508, -6.474174976348877, 1.3465804382640782, 0.28317618875877176], [0.07901903775013083, 0.02138918042232022, -4.7317585945129395, -1.474174976348877, 2.8797584571343253, 0.3335382585521684], [0.006436559071491921, 0.09883396953212073, -2.331758499145508, -0.974174976348877, 0.29797747142255654, 0.5086429059626159], [0.08883438456140075, 0.05719202121575749, -4.331758499145508, -0.674174964427948, 2.84188769278187, 0.4642368451071718], [0.011357411110532189, 0.05324749089446511, -7.7317585945129395, -0.2741749882698059, 1.8196941608784858, 0.2993632122677172]]}