{"position": [[-1.0, 0.0, -2.0], [-3.0, 0.0, -4.0], [-5.0, 0.0, 1.0], [-7.0, 0.0, 3.0], [-7.0, 0.0, -5.0], [1.0, 0.0, -10.0]], "number_of_bots": 2, "bot_trajectory": [[0.06564726902063543, 0.02159655222405892, -1.0, -2.0, 2.476009509730167, 0.391722278362976], [0.09236500057580443, 0.01830184658323637, -3.0, -4.0, 0.026011882431084262, 0.5161841742050182]]}