{"position": [[-10.97703742980957, 0.2039327621459961, -2.594289779663086], [-3.9770379066467285, 0.2039327621459961, -3.594289779663086], [-2.9770379066467285, 0.2039327621459961, -3.594289779663086], [4.0229620933532715, 0.2039327621459961, -3.594289779663086], [2.0229620933532715, 0.2039327621459961, -3.594289779663086], [0.022962212562561035, 0.2039327621459961, -3.594289779663086]], "number_of_bots": 2, "bot_trajectory": [[0.008816299553428353, 0.06279225549926473, -10.97703742980957, -2.594289779663086, 2.7152047343360803, 0.4754868263034353], [0.07427859594195546, 0.031885711106398804, -3.9770379066467285, -3.594289779663086, 0.7882115236032141, 0.3839477352060619]]}