{"position": [[-1.0, 0.0, -2.0], [-3.0, 0.0, -4.0], [-5.0, 0.0, 1.0], [-7.0, 0.0, 3.0], [-7.0, 0.0, -5.0], [1.0, 0.0, -10.0]], "number_of_bots": 5, "bot_trajectory": [[0.0007711689903072916, 0.06765113254248026, -1.0, -2.0, 3.032595300603372, 0.29165586278734495], [0.021943069132649227, 0.020567359404728747, -3.0, -4.0, 2.1182045817317148, 0.32316111474083326], [0.06509163315834426, 0.05466183590946144, -5.0, 1.0, 2.2027937576646925, 0.335867470607683], [0.017231165901231405, 0.0860514482888056, -7.0, 3.0, 1.006290528139313, 0.4504617354860457], [0.011980006072593941, 0.0825535884541601, -7.0, -5.0, 2.655304010314935, 0.3832119108206281]]}