{"position": [[-1.0, 0.0, -2.0], [-3.0, 0.0, -4.0], [-5.0, 0.0, 1.0], [-7.0, 0.0, 3.0], [-7.0, 0.0, -5.0], [1.0, 0.0, -10.0]], "number_of_bots": 3, "bot_trajectory": [[0.09008766140013622, 0.07972097538894102, -1.0, -2.0, 2.1731503866933255, 0.26834717835794625], [0.05366639540697823, 0.013496986771233233, -3.0, -4.0, 2.061754099258854, 0.36726668777126237], [0.06695181141937159, 0.01263025247225379, -5.0, 1.0, 2.1240897933797145, 0.28066017976359237]]}