{"position": [[0.15660947561264038, 0.10241394490003586, 2.3845760822296143], [-1.8433904647827148, 0.10241394490003586, 3.3845760822296143], [-5.843390464782715, 0.10241394490003586, 1.3845760822296143], [-7.843390464782715, 0.10241394490003586, 3.3845760822296143], [-6.843390464782715, 0.10241394490003586, 5.884575843811035], [-6.093390464782715, 0.10241394490003586, 7.134575843811035]], "number_of_bots": 5, "bot_trajectory": [[0.08493141542044118, 0.006050180319817045, 0.15660947561264038, 2.3845760822296143, 0.7271734942488791, 0.4945837727481831], [0.00912759255345379, 0.05516180343134404, -1.8433904647827148, 3.3845760822296143, 0.8662224509056082, 0.30468368028195963], [0.05223001394425797, 0.02053091079687811, -5.843390464782715, 1.3845760822296143, 2.0113591336908327, 0.28949225483406194], [0.010166464561550414, 0.059234271347985826, -7.843390464782715, 3.3845760822296143, 2.20534291779636, 0.3533491167501346], [0.0267779287642829, 0.09201660370508415, -6.843390464782715, 5.884575843811035, 1.619660979056125, 0.41839983357810295]]}