{"position": [[-8.886018753051758, 0.20908097922801971, -0.05989503860473633], [-9.886018753051758, 0.20908097922801971, -0.05989503860473633], [-4.3860182762146, 0.20908097922801971, -2.0598950386047363], [-4.3860182762146, 0.20908097922801971, 0.44010496139526367], [-10.886018753051758, 0.20908097922801971, 0.44010496139526367], [-4.8860182762146, 0.20908097922801971, -0.05989503860473633]], "number_of_bots": 2, "bot_trajectory": [[0.011168863985334444, 0.04672866385843607, -8.886018753051758, -0.05989503860473633, 1.2132186013734105, 0.4748469757871149], [0.0956559540456304, 0.07286642708907706, -9.886018753051758, -0.05989503860473633, 1.2863148713589136, 0.49533185891505593]]}