{"position": [[10.78577995300293, 0.13135738670825958, -3.3164830207824707], [1.7857799530029297, 0.13135738670825958, -3.3164830207824707], [6.78577995300293, 0.13135738670825958, -3.3164830207824707], [16.78577995300293, 0.13135738670825958, -3.3164830207824707], [18.78577995300293, 0.13135738670825958, -3.3164830207824707], [21.78577995300293, 0.13135738670825958, -3.3164830207824707]], "number_of_bots": 2, "bot_trajectory": [[0.05340870095024151, 0.06910357032603144, 10.78577995300293, -3.3164830207824707, 1.8200751748954536, 0.27418073785668634], [0.05480019087039158, 0.09149978106901248, 1.7857799530029297, -3.3164830207824707, 1.0182545028832037, 0.45499901977594404]]}