{"position": [[-2.8, 0.1, -0.2], [4.5, 0.1, 0.1], [0.7, 0.1, 2.5], [3.0, 0.1, -2.2], [-2.3, 0.1, 4.0], [3.0, 0.1, 4.0]], "number_of_bots": 4, "bot_trajectory": [[0.0023827415146033927, 0.02887601228673351, -2.8, -0.2, 1.4287537811241546, 0.2885919984401888], [0.09523464694322051, 0.006710308927517039, 4.5, 0.1, 1.5334036107851532, 0.4804495798886521], [0.061291397205675405, 0.08212432803738295, 0.7, 2.5, 0.8733105031444778, 0.40859959459070616], [0.07548302152086808, 0.006266431505642045, 3.0, -2.2, 0.36652817857748055, 0.5098698590916797]]}